,text,label,row_number
0,"En route to a small town that lays way off the beaten track (but which looks suspiciously close to a freeway), a female reporter runs into a strange hitch-hiker who agrees to help direct her to her destination. The strange man then recounts a pair of gruesome tales connected to the area: in the first story, an adulterous couple plot to kill the woman's husband, but eventually suffer a far worse fate themselves when they are attacked by a zombie; and in the second story, a group of campers have their vacation cut short when an undead outlaw takes umbrage at having his grave peed on.<br /><br />The Zombie Chronicles is an attempt by writer Garrett Clancy and director Brad Sykes at making a zombie themed anthologya nice idea, but with only two stories, it falls woefully short. And that's not the only way in which this low budget gore flick fails to deliver: the acting is lousy (with Joe Haggerty, as the tale-telling Ebenezer Jackson, giving one of the strangest performances I have ever seen); the locations are uninspired; the script is dreary; there's a sex scene with zero nudity; and the ending.... well, that beggars belief.<br /><br />To be fair, some of Sykes' creative camera-work is effective (although the gimmicky technique employed as characters run through the woods is a tad overused) and Joe Castro's cheapo gore is enthusiastic: an ear is bitten off, eyeballs are plucked out, a face is removed, brains are squished, and there is a messy decapitation. These positives just about make the film bearable, but be warned, The Zombie Chronicles ain't a stroll in the park, even for seasoned viewers of z-grade trash.<br /><br />I give The Zombie Chronicles 2/10, but generously raise my rating to 3 since I didn't get to view the film with the benefit of 3D (although I have a sneaking suspicion that an extra dimension wouldn't have made that much of a difference).",0,24
1,"An actress making a movie in Africa is kidnapped and taken into the jungle where she is held for ransom. The producer hires some one to go and bring her back. Complicating everything are the cannibals in the jungle who worship a really ugly looking ""god"" who likes to eat naked women.<br /><br />This is a gory sleazy movie. There is copious amounts of nudity and violence, not to mention violence against nude people. Its an exploitation film designed to appeal to the deepest darkest parts of our being, and if the movie wasn't so boring this film would be a classic. Lets face it, despite the gore, the nasty sex and abuse,and the ugly monster this movie is a snoozer. The pacing is all off kilter and it puts you out. There are multiple plot lines that all seem to be happening separately from each other, even though its ultimately all one story. Worst of all, almost no one says anything. Most of the minimal dialog concerns the cruelty or one characters protestations that ""I'll do what I want"". Its such a quiet and dull movie that if it weren't for the frequent screams of the victims I'd recommend this as a sleep aide.<br /><br />This is a movie to avoid unless you need sleep, or unless you need to see every Euro-cannibal movie.<br /><br />(An aside. VideoAsia just released this as part of their Terror Tales series. Their print is oddly letter-boxed which looks to be the result of taking their print from a Japanese source (there is fogging) that was cropped to remove the subtitles. Their print also has no opening titles)",0,89
2,"This was awful. Andie Macdowell is a terrible actress. So wooden she makes a rocking horse look like it could do a better job. But then remember that turn in Four Weddings, equally as excruciating. Another film that portrays England as full of Chocolate box cottages, and village greens. I mean that school, how many schools apart from maybe Hogwarts look like that? The twee police station looked like the set from Heartbeat ( a nauseating British series set in the 60s).This film just couldn't make its mind up what it wanted to be- a comedy or a serious examination of the undercurrents in women's friendships. If it had stuck to the former then the graveyard sex scenes and the highly stupid storming of the wedding might just have worked( i say just). But those scenes just didn't work with the tragedy in the second half. I also find it implausible that Kate would ever speak to Molly again after her terrible behaviour. A final note- what is a decent actress like Staunton doing in this pile of poo? Not to mention Anna Chancellor. Macdowell should stick to advertising wrinkle cream.",0,154
3,"While it's early to say how the series will evolve, I can say that the pilot was less than I thought it would be. There is still potential for the series, however. Of course when I first saw Voyager I thought it had potential, too - but was sorely disappointed. My gut tells me Enterprise won't be as bad as Voyager, however.<br /><br />As for the impressions of the pilot...<br /><br />The pilot had some good ideas and good themes. I liked the introduction. The show's opening credits were interesting, with the progress of exploration and a fitting theme song. Scott Bakula is excellent in the role of captain.<br /><br />Where it fell short for me was largely that the story lacked the ""feel"" of setting out on a grand adventure. The plot of the episode itself was more a ""generic"" Trek story with the themes of ""exploration"" and ""first step towards space"" merely subplot and subtext. Were you to edit out the references to this being the first deep space mission, the plot would be hard to differentiate between the eras of Enterprise, TOS or TNG. The central plot didn't reflect or do justice to the grand theme of the series.<br /><br /> The plot of launching the first mission would have been grand enough without the ""action"". Instead of isolated references to the newness of exploration, they could have been the story. Get a little more nostalgic and philosophical about it (oh, for a TV show that once again would make us THINK). Make us feel the excitement of ""the wind"" and being on ""the sea"" instead of distracting us with a rescue and a plethora of gunplay. There was WAY too much gunplay.<br /><br />We had the feeling more that humans were the ""freshmen"" in an established school. New kids on the block, as opposed to venturing into a largely unknown universe. Sadly, the Klingons landed on our doorstep instead of us finding them. That meeting could have been far more historic and far more sociological. Just how DO two such different societies interact? Don't just hint about it, SHOW it!<br /><br />I had to think of it more as `Trek with an akward crew and limited technology' as opposed to `the first brave steps into the unknown'. I wanted to see something newer and fresher. The series promises to have a new concept but so far I haven't seen this new, great concept.<br /><br />I will conclude with reiterating the sentiment that the series has potential. There are some interesting characters. Bakula is wonderful. Blalock has potential. The overall theme is the most interesting since we first saw Kirk in a world before Apollo 11. If only future episodes can do justice to this grand and wonderful theme, we will have a show which will create new legends.<br /><br />You shoot an arrow into the air... Good luck Capt. Archer.<br /><br />To the producers: TAKE MORE RISKS AND MAKE US *THINK*! :-)",0,219
4,"The form of the film is that of a suspense shocker. There are surprises, twists and turns, reverses and excitements. At times, this is truly an ""edge-of-the-seat"" film. But it disappoints, and disappoints severely.<br /><br />The villain of the piece is not believeable; his character does not hold together. I refuse to ""spoil"" the film, but will only say that the character we meet at the beginning just could not be he whom we see at the end.<br /><br />The second major disappointment of the film is that--finally, it becomes little more that a bloody slasher film. There is little qualitative difference between this and one of the ""Friday the 13th"" films. Not that every film need always be totally tasteful, but this film does drip gore on occasion.<br /><br />Though the film features the magnificent Sean Connery, even he does not measure up to his usual standard, and often just seems to be walking through the paces.",0,284
5,"Film version of Sandra Bernhard's one-woman off-Broadway show is gaspingly pretentious. Sandra spoofs lounge acts and superstars, but her sense of irony is only fitfully interesting, and fitfully funny. Her fans will say she's scathingly honest, and that may be true. But she's also shrill, with an unapologetic, in-your-face bravado that isn't well-suited to a film in this genre. She doesn't want to make nice--and she's certainly not out to make friends--and that's always going to rub a lot of people the wrong way. But even if you meet her halfway, her material here is seriously lacking. Filmmaker Nicolas Roeg served as executive producer and, though not directed by him, the film does have his chilly, detached signature style all over it. Bernhard co-wrote the show with director John Boskovich; their oddest touch was in having all of Sandra's in-house audiences looking completely bored--a feeling many real viewers will most likely share. *1/2 from ****",0,349
6,"It figures this is a French film, LOL, with the emphasis on young girls with much older men...why is it the French are so fixated on this kind of thing? When the age difference is this great, it really comes off as pervy! Valentina Cervi is beautiful (she bears a strong resemblance to Olivia Hussey, of Zeffirelli's '68 Romeo and Juliet, set in a similar period), but she looks about 15 and the actor playing Tassi, her painting instructor, looks...well, 50 is KIND.<br /><br />Other posters have done the work of explaining the historical record (unusually detailed in this case) of the real Artemisia, a great artist and one of the earliest recognized female painters of this period (17th century). Her story speaks to us in modern times particularly because of the age-old accusation that ""all great artists were men"" -- she pretty much blasts that assertion to bits -- and because the story of her rape trial is so poignant. Not only was she clearly assaulted, and forced into a degrading sexual relationship (because in those days marriage to your assaulter was the only way to avoid social shame), but Tassi was a serial rapist and possibly killed his wife and child.<br /><br />The movie does a terrible disservice by inverting this truly fascinating and remarkable real life story -- very dramatic and not in need of any ""spicing up"" -- because in some weird Frencified way, it's ""hotter"" to have an oversexed teenager drawing male sexual organs and having a hot love affair with a man old enough to be her grandfather. That's ""sexy"" -- the truth is boring and seems too feminist/politically correct.<br /><br />It also disturbs me that this is ONLY part of Artemisia life considered interesting enough to film. The fact that she painted for decades (her famous painting of Judith beheading Holfernes was painted AFTER, not before the rape), that she was the first woman admitted to the prestigious Florentine Academy, that she went on to have children...oh that's boring stuff. After all, that's about a middle aged woman and they aren't ""hot"" like teenagers.<br /><br />I understand that there is a lot of creative license in making a film (or a book) about a real historical character. You need to create dialog, have subplots, create dramatic structure. Certainly some details can be sacrificed -- it's no big deal if the dates are moved a few years, or if Artemisia is played by a blonde actress (when we know from her self portraits that she was a brunette...and a big boned one, not a skinny minny), or something like that. But to turn her story around on her, and make rape into a romance is actually sick and disturbing. It's even worse because the director is female. She should be horribly ashamed of herself!<br /><br />If you LIKE this (and I know some people could care less about the real woman artist and just like period costumes and hot sex), you will probably like ""Dangerous Beauty"" with Rufus Sewell and Catherine McCormack. Similarly based on heavily re-written history, with lots of heaving bosoms and jewel encrusted goblets: Bon Appetit!",0,414
7,"I get to the cinema every week or so, and regularly check out this site, but never before have I felt compelled to comment on a film.<br /><br />To my all time list of shockingly bad films - Last Man Standing, Spawn, The Bone Collector - I can now add the drivel that was 'Hollow Man'.<br /><br />From the awful opening titles - a ridiculously over-long run through of cast and crew put together with alphabetti spaghetti - through to the insulting finale - a world record number of cliches and some of the most absurd dialogue and acting to have ever made it to cinema - this film is dismal, and only the impressive computer graphics keep you from walking out long before the end.<br /><br />This isn't just my opinion - it was that of my friends, and everyone around us. When large sections of an audience are laughing and groaning during and after a serious thriller, its clear that the film is hopeless.<br /><br />Not only that, it was sick too. The director took the action beyond the bounds of realistic fare for a violent film, and into the realms of an over the top blood soaked B-movie. It's difficult not to imagine the director as some sort of dirty old man, because the extent of the invisible man's forays out of the lab and into the outside world extended only to two attempts at having a feel of some breasts. Perhaps sex could well be the first thing on a bloke's mind if made invisible, but aside from the aesthetic pleasures of the ladies involved, it hardly makes entertaining cinema.<br /><br />[spoilers follow]<br /><br />Get past the films sick exterior, and things are even worse. Whilst Kevin Bacon does a good job of acting increasingly twisted as 'hollow man', the rest of them - perhaps handicapped by a dire script - do an even better job of being hollow cast. One long time member of the team is found strangled in a locker by the invisible man, ""He's finally snapped"" shrugs one colleague without a hint of emotion. This is par for the course, and the lab team swing between sheer terror and complete indifference with such speed that you wonder how they got into acting. They pad their way through the lab corridors terrified, guns poised, but then seconds later one of the crew skips happily off back down the corridor to get blood for a hurt colleague. The lead female treats the invisible man with courtesy and good humour even after he's insulted and abused her, and there seems to be little reaction to his breakouts, even after he drowns the Pentagon chief, ""He drowned in his pool last night"" reports the same female, spectacularly failing to put two and two together.<br /><br />The script is littered with this kind of badly acted pedestrian dialogue, and the rest is just an A-Z of film cliches, which get laid on thicker and faster as the film progresses to the point of complete disbelief and amusement at the end.<br /><br />The 'eureka' moment at the computer, the female undressing at the window, the looped security video - the list really is endless - the predictable disregard for strength in numbers, the decision not to kill the two main stars but just put them in a place of probable impending death and leave them to their own devices, the almost-dead good guy appearing out of nothing to save the woman, the bomb and ubiquitous countdown timer, the fireball explosion which just burns up before reaching the heroes, the falling lift which just stops before hitting them, and more than anything else, the immortality of the bad guy.<br /><br />The invisible man is burnt to a shred with a makeshift flame-thrower, electrocuted, whacked round the head with a bar which had just sliced straight through one of the lesser actors, and then having apparently survived the explosion, fireball and total destruction of the labs, has more than enough life left to climb up through the fireball for one last pop at the films heroes - by which stage the disbelieving audience are cringing and looking at their watches.<br /><br />That this exceptionally bad film actually made it to the cinema is astounding. Even the name of the film is as hopeless as the movie itself, and not even impressive special effects come anywhere near saving this one, which should be avoided at all costs.",0,479
8,"Creep is the story of Kate (Potente), an intensely unlikeable bourgeois bitch that finds herself somehow sleeping through the noise of the last underground train, and waking up to find herself locked in the tube station. After somehow meeting workmate and would-be rapist Guy on a mystery train that runs after the lines have closed, things go awry and she finds herself pursued by what lurks beneath the city's streets. Her story is linked to that of George (Blackwood), an ex-con working in the sewer system; they meet in the final third of the film, brought together by their attempts to escape the monster that pursues them.<br /><br />The pair proceed through a set of increasingly unlikely locations; from the Tube station, they end up in the sewage works before somehow finding themselves in some sort of abandoned underground surgery. Most Tube stations don't have toilets, so how one has a surgery is beyond me. Naturally, the film cares to explain that the surgery doesn't have running water. Yet it has electricity? Just one of many inconsistencies that work against the atmosphere of everyday believability that the film tries to create.<br /><br />The monster itself is a problem. There's a complete lack of reasoning for its actions, it just kills people for no obvious reason. And then of course it keeps some alive for no real reason either, perhaps just so that they can eventually escape and give the film an extra 15 minutes or so running time. I understand that natural evil is supposed to be scary, but then the film attempts to explain itself via a photo of a doctor and his son, and a few shots of some jars containing babies, and yes, it is just as tired and pathetic as it sounds. It also fails to explain how the creature has been underground long enough to lose the ability to speak, communicating only in raptor screams, but not long enough for its pair of shorts to decay. Hmm.<br /><br />This doctor business leads to scene that is the film's desperate attempt to implant itself on your memory, and while it is gory and uncomfortable to watch, it just isn't enough. The final third of the film hinges on an emotional relationship that never existed, and the characters break down and recover for little or no obvious reason. George breaks down, unable to cope with something despite stating that he wants to escape so he can see his daughter again, and Kate becomes emotionally tough seconds after going to pieces over someone that ripped her off for a travelcard. Yeah.<br /><br />After starting out as a ""this could happen to anyone"" movie, it quickly falls apart as it introduces ideas that make it more and more unrealistic. A complete lack of emotional interest in the characters and an absence of suspense make this one to avoid.",0,544
9,"well well One cant b wasting time just cause of a big star-cast ..i think all i could see is a bunch of talents wasting their time on a big screen with some pathetic humor which will appeal to i do not know who? some pathetic songs that will be heard by who? some pathetically abrupt turnings justified by who? race against time? u mean waste against time? OK so first you spoil your kid,then you teach him a lesson wow we are so ignorant of this fact whoever said its a brilliant new concept probably is some other species other than human alright fine let me come comment like humans do movie has a nice message to be given but it could well have been given by a stranger sitting besides you in the bus rather than you going for such a wasteful movie to learn it Hindi movies have proved it a lot already and also i cant waste my time writing about waste anyway!",0,609
10,"This movie was crap with a capital ""C."" The opening scene showed promise. But that ""promise"" was broken shortly after the viewer learns where the plot is going.<br /><br />And the wooden statue, Morty, who was rather creepy in the original film, looks plain goofy in this one. It was so obviously just a guy in a cheap plastic costume. (And by the way, who else thinks ""Morty"" is one of the most un-scary names on planet earth? It ranks right up there with ""Jimmy"" or ""Fred"" when it comes to horror value. Or why not just name the wooden statute Henry-freakin'-Kissinger. ""Run, it's Dr. Kissinger!"" That'd be about as scary as ""Morty.)<br /><br />And then there's a scene where the ""hero"" hits his father's tombstone with---""a sledgehammer?"" you might guess--""a two-by-four?"" someone might venture. No, he angrily beats his father's tombstone with a twig---a freakin' twig. But worse than that, once the characters walk away, the tombstone actually, and inexplicably, bleeds. Oh brother!<br /><br />There's also a Native American guy who lives with the main character's grandparents, but apparently, does nothing except Morty-maintenance. He perpetuates creepy Morty-legends, warns those who scoff, and even fixes Morty's arm when it becomes damaged during a childish prank. But for all his respect for and tenderness toward Morty, does Morty give a rat's hairy behind? No.<br /><br />The movie drags on, and eventually several people die in ways that correspond to their worst fears (sort of). This film is a real yawner. Don't rent it.",0,674
11,"I am the guy who usually keeps opinions to himself, but I just got back from this movie, and felt I had to express my opinions. Let me start by saying that I am a HUGE horror fan. But what makes a horror movie? I sure like to see even a tiny bit of a good script and character development. I know they often lack in horror movies, but Prom Night looked like it didn't even put forth ANY effort in that department. Next, we all love suspense. That on the edge of your seat suspense with unpredictable surprises. Yeah, Prom Night had none of that! Of course, we like a terrifying killer. Prom Night have that? Nope, it has a pretty boy with a cute lil' knife. And when all else fails...at least horror has its guilty pleasure to make it enjoyable like gore gore gore, and the occasional nude scene! Yeah, well when you have a horror movie rated PG-13 like Prom Night, they leave that stuff out too. So with all of these elements missing, I ask....does this still count as a horror movie? Nope. I'd call it more of a comedy. People in my theater were laughing more at this then they were when I saw ""Semi-Pro"" that was supposed to actually be a comedy (which also sucked, but thats another story!). I think I am just going to have to give up on new horror. All the good horror movies of the good ol' days have been remade into garbage so movie studios can make money. The people I went to see it with didn't even know this was a remake! Which made me mad! I wonder what will happen when there's no more movies to remake??? Where will horror go next???",0,739
12,"Kubrick meets King. It sounded so promising back in the spring of 1980, I remember. Then the movie came out, and the Kubrick cultists have been bickering with the King cultists ever since.<br /><br />The King cultists say Stanley Kubrick took a great horror tale and ruined it. The Kubrick cultists don't give a damn about King's story. They talk about Steadicams, tracking shots, camera angles.This is a film, they insist: It should be considered on its own. As it happens, both camps are correct. Unfortunately.<br /><br />If one views it purely as an adaptation of King's novel, ""The Shining"" is indeed a failure, a wasted opportunity, a series of botched narrative gambits. <br /><br />I used to blame that on Kubrick's screenwriter. The writer Diane Johnson (author of Le Marriage, L'Affaire, Le Divorce, etc.) has a reputation as an novelist of social manners. Maybe she was chosen for her subtle grasp of conjugal relations or family dynamics. But the little blue-collar town of Sidewinder, Colorado doesn't exist on any map in her Francophile universe. <br /><br />Kubrick the Anglophile probably found her congenial, however. He, of course, is the real auteur. And considered on its own merits, his screenplay for ""The Shining"" -- with its mishmash of abnormal psychology, rationalism, supernaturalism, and implied reincarnation -- just doesn't stand up to logical analysis.<br /><br />I'm willing to consider Kubrick's ""Shining"" on its own terms. I'm even willing to take it as something other than a conventional horror-genre movie. But it doesn't succeed as a naturalistic study of isolation, alienation, and madness either. Parsed either way, the film pretty much falls apart.<br /><br />Are the horrors of the Overlook Hotel real? Or do they exist only in the mind -- first as prescient nightmares suffered by little Danny Torrance, then as the hallucinations of his father? One notes how whenever Jack Torrance is seen talking to a ""ghost"" he is in fact looking into a mirror. One notes how the hotel's frozen topiary-hedge maze appears to symbolize Jack's stunted, convoluted psyche. Very deep stuff.<br /><br />But if indeed the Overlook's ""ghosts"" are purely manifestations of Jack Torrance's growing insanity, then who exactly lets the trapped Jack out of the hotel kitchen's dead-bolted walk- in closet, so that he can go on his climactic ax-wielding rampage?<br /><br />And can ANYONE explain, with a straight face, that black-and-white photograph (helpfully labelled ""1921"") of Nicholson as a tuxedoed party-goer that pops up out of left field and onto a hotel-ballroom wall during the film's closing seconds? Are we to seriously conclude that Jack Torrance's Bad Craziness stems from a some sort of ""past life"" experience? (And if you swallow that, since when are reincarnated people supposed to be exact physical replicas their past selves?)<br /><br />Maybe Kubrick didn't care about his storyline. Maybe only wanted to evoke a mood of horror. Whatever the case, the film tries to hedge its narrative bets -- to have it both ways, rational and supernatural. As a result, the story is a mess. This movie hasn't improved with age, and it certainly doesn't improve with repeated viewings.<br /><br />I don't deny that a few moments of fear, claustrophobia, and general creepiness are scattered throughout this long, long film. But those gushing Elevators o' Blood, seen repeatedly in little Danny's visions, are absurd and laughable. And Jack Torrance's infamous tag lines (""Wendy, I'm home!"" and ""Heeeeeere's JOHNNY!"") merely puncture the movie's dramatic tension and dissipate its narrative energy. (I know: I sat in the theater and heard the audience laugh in comic relief: ""Whew! Glad we don't have to take this stuff seriously!"") Finally, Kubrick is completely at sea -- or else utterly cynical -- during those scenes in which Wendy wanders around the empty hotel while her husband tries to puree their son. A foyer full of mummified guests, all sitting there dead in their party hats? Yikes, now I really am afraid.<br /><br />Given Jack Nicholson's brilliance over the years, one can only assume that he gave just the sort of eyeball-rolling, eyebrow-wiggling, scenery-chomping performance that the director wanted. The performance of Shelley Duvall, as a sort of female version of Don Knotts in ""The Ghost and Mr. Chicken,"" is best passed over in silence.<br /><br />This movie simply doesn't succeed -- not as an adaptation, not on its own terms. It probably merits a 3 out of 10, but I'm giving it a 1 because it has been so GROTESQUELY over-rated in this forum.",0,804
13,"When you see Boris Karloff and Bela Lugosi as co-stars, you expect to find a well done horror movie, but this was actually quite different, representing as it did what I would describe as an early effort at science fiction. Karloff and Lugosi both play scientists (Rukh and Benet respectively) - competitors to an extent, until Rukh wins Benet over with a demonstration that proves his great theory. The science here was - to say the least - a bit rough around the edges (thus science fiction, with the emphasis on the fiction) but somehow Rukh harnesses some sort of ray from Andromeda that allows him to look at the earth ""several thousand million years ago."" In that pre historic time, a huge meteorite slammed into Africa, leaving deposits of a substance the scientists call ""Radium X"" - which can heal and destroy. A large portion of the movie is set rather tediously in Africa, on a search for the meteorite deposits, which Rukh eventually finds and harnesses to create a great weapon, unfortunately infecting himself with some sort of disease that makes him a great weapon as well.<br /><br />Karloff and Lugosi were both pretty good here. Lugosi pulls off a role in which he's the good guy pretty well, although I frankly found him a bit unconvincing - especially during the scenes set in Africa. The story also plodded along a bit, and while it held my attention it didn't captivate me. Given that this is really a sci-fi rather than a horror flick, and that sci-fi was in its very early stages, I suppose the movie needs to be cut a bit of slack. It was OK - nothing more, but also nothing less than that. 4/10",0,869
14,"This movie had a IMDB rating of 8.1 so I expected much more from it. It starts out funny and endearing with an energy that feels spontaneous. But before the movie is half-way through, it begins to drag and everything becomes sickingly predictable. The characters in the office were delightful in the first third of the movie, but we get to know them a little too well; they become caricatures, not real people at all. This is the same story I've seen hundreds of times, only told here with slightly different circumstances. The thing is, I could stomach another predictable love story if only the dialog weren't so stale!<br /><br />The only thing that could be worse is if the characters had inconsistent and unbelievable motivations, and unfortunately that was also the case with Dead Letter Office. Hopefully this movie will end up in the Dead Movie Office soon.",0,934
15,"I rented this one to see Vanesa Talor one more time. She can act, but doesn't get a chance in this clunker. The opening sequence is an elaborate crane shot of mountain landscapes. Must have come from a stock archive, because the movie is shot direct to videotape. The production values make _Blair Witch_ look professional. There's a really cheesy animated statue, but no other effects worth noting. This movie is bad, but not amusingly so. The players would do well not to mention it on their resumes.",0,999
16,"I enjoy watching western films but this movie takes the biscuit. The script and dialogue is laughable. The acting was awful, where did they get them from? Music was OK i have to say. Luckily i didn't buy or rent the movie but its now disposed of.<br /><br />I was geared up at the beginning when the stranger (martin sheen) started to tell his story. I have to admit i did enjoy the confrontation between Hopalong and Tex where Hopalong shot Tex's finger off and told him to practise for 40 years to reach his league. But thats where it all went pear shaped thereafter. I had to watch the whole film in the hope that it would get better, never did.",0,1064
17,"Someone will have to explain to me why every film that features poor people and adopts a pseudo-gritty look is somehow seen as ""realistic"" by some people.<br /><br />I didn't see anything realistic about the characters (although the actors did their best with really bad parts) or the situations. Instead, I saw a forced, self-conscious effort at being ""edgy"", ""gritty"" and ""down and dirty"".<br /><br />Sadly, it takes a lot more than hand-holding the camera without rhyme or reason and failing to light the film to achieve any of the above qualities in any significant way.<br /><br />It's a sad commentary on the state of independent film distribution that the only films that see the inside of a movie theater are nowadays all carbon copies, with bad cinematography, non-existent camera direction and a lot of swearing striving to pass themselves as ""Art"".<br /><br />It's little wonder that films like ""In the Bedroom"" or ""About Schmidt"" get such raves. I found them to be meandering and very average, but compared to the current slew of independent clones like ""Raising victor Vargas"" they are outright brilliant and inspired.<br /><br />A few years ago seeing an ""independent"" film meant that you would likely be treated to some originality and a lot of energy and care, and maybe a few technical glitches caused by the low budgets, nowadays, it means that chances are you'll get yet another by-the-numbers, let's-shake-the-camera-around-for-two-hours attempt at placating the lack of taste of independent distributors. And of course all that to serve characters and situations that are completely unreal and contrived.<br /><br />Is it any surprise that the independent marketplace has fewer and fewer surviving companies? Not at all when you see films like Raising Victor Vargas that do nothing but copy the worst of the films that preceded them.",0,1129
18,"This Tim Burton remake of the original ""Planet of the Apes"" from 1968 (and starring Charleton Heston) is a far, far cry from the quality and plot of the original.<br /><br />Certainly special effects have improved since 1968, but writing has not. The characters were boring and the dialog was awful. I sat through the entire film with a friend (who thankfully only rented it) and completely understood why, before Christmas, all of the ""Planet of the Apes"" toys at Target were in the clearance bin.<br /><br />My advice to Tim Burton: don't put this on your resume.<br /><br />My advice to everyone else: watch the original 1968 ""Planet of the Apes"" movie.",0,1194
19,"If I only had one camera that was accidentally glued to the floor, enough film for only one take of each shot, and then lost all that film and had to scrounge up some bucks to buy a few digital video tapes, and was forced to make an over-2-hour movie about the French Revolution, and also didn't have any sets and had to have my 4-year-old autistic son paint the backgrounds, and also the only actors I could find were the people who didn't make the auditions of that year's soap opera, and I was also forced to not use any music in the entire film, and also the zoom function on the camera didn't work except for one time when it accidentally started zooming in and couldn't stop, oh and if I hated my audience, then I might make something kind of like this awful, yet mistakenly hilarious, Hell-worthy waste of time. The almost grand looking but completely fake looking backdrops reminded me of some of George Lucas' latest creations, which made it so much more disappointing because through the whole movie, there was that little glimmer of hope in the back of my mind that the film would climax in a lightsaber duel/space laser battle. I don't mean to spoil the movie for those who haven't seen it, but that's not how it ends. The only thing I can think of that wasted more time than watching this movie was writing this review. Peace.",0,1259
20,"the more i think about it, there was nothing redeeming about this<br /><br />movie. i saw it 9 months ago, so my memory might have made it<br /><br />worse than it was, but i do know it was at least as bad as a 4 out of<br /><br />10. <br /><br />after seeing the movie, i met the director. he seemed so clueless<br /><br />as to what he was doing or what he had done, and as far as i<br /><br />could tell, he didn't care for the film either. even he agreed that he<br /><br />didn't really know what he was doing, and he was forced to do<br /><br />certain things because it was filmed digitally. <br /><br />i felt that the movie was trying to hard to fit in to the formula that it<br /><br />built for itself: ""9 people all have to be connected in some way. how<br /><br />can we get from point 'A' to point 'B'"" so in order get from the<br /><br />prostitute we see in the start and back to her at the end they 10<br /><br />minutes on each character's relationship to another person. it<br /><br />makes one feel choked by the 2 demensional, badly drawn<br /><br />characters.<br /><br />I just remembered the one redeeming part of the movie... Steve<br /><br />Bouchemi there is one scene where he is amazing. that's it. as i<br /><br />say... 4 out of 10.",0,1324
21,"This production has absolutely no storyline. The acting is embarrassing. The promising Dutch television Sophie Hilbrand star should not add this movie to her CV. Her acting is far from flawless and personally I think she has crossed boundary of professional decency; relating to the way she exposes herself in this movie. This movie contains too much unnecessary nudity, vulgar sexual scenes and rude language. It also shows a wrong image of the Netherlands (as most movies do). Do not bother to watch this movie: a waste of time, a waste of money and an embarrassing record for Hilbrand, who has proved to be better with her close on on the screen.",0,1389
22,"First of all, Jenna Jameson is the best actress in this movie, and she's just awful. This movie has every horror move cliché in imagination, and all badly played. The over-sexed teen couple. The comical(not)horny jock. The snotty cool chick. The creepy local color guy. The parental-type couple. The virginal chick who amazingly never dies in these films. The dialogue is so painfully awful and delivered with the depth of a wading pool. It's almost like you're wishing that they'd all die sooner. I saw the rough cut of this film a while ago, but somehow, this just got worse. Sure, the funniest thing in here is the ghoul trying to eat Jameson's implants, but that hardly rates even a rental of this dog. Avoid at all costs.",0,1454
23,"I'm not sure what HK movies the other reviewers have been watching, but Enter the Eagles is nowhere near the top of the heap in HK action. Michael ""Fitz"" Wong should be glad he can get acting jobs in HK, because he couldn't act his way out of a wet paper bag in English. Shannon Lee looks good and is a fantastic fighter (even better with the leg fighting than her dad), but her acting skills are also sub-par. In fact, all the English dialog (90% of the movie--even more than in Gen-Y Cops) is so bad that I switched to Mandarin audio just to spare myself the misery of the bad dialog delivery and the redundancy of the English subs. Sure, there are some decent gunfights (but nothing we haven't already seen before) and good cinematography, but the cheesy visual effects really spoil the action.<br /><br />That said, it's worth the price of admission to watch Shannon and Benny ""The Jet"" Urquidez go at it. Spectacular, and almost worth watching the rest of the movie for.<br /><br />Finally, you might notice some scenes that seem ""familiar"" to you, notably a shootout at an outdoor market (think Matrix) and Fitz diving out of a helicopter wearing black fatigues (think MI:2). Guess someone thought at least a few things in this flick were worth ripping off.",0,1519
24,"STAR RATING: ***** Saturday Night **** Friday Night *** Friday Morning ** Sunday Night * Monday Morning <br /><br />This second instalment of the Che films moves the story forward to the late 60s, where the man has now moved his resistance fighters into the hills of South America, surviving without enough food and water and with tensions mounting between the group. Everything comes to a head when he crosses the border into Bolivia and the government forces step up their campaign to bring him down.<br /><br />Without the flitting between time and places of the last film, Soderbergh's second instalment focuses solely on the action in the hills, and manages to be an even duller experience. And more pretentiously, the score has been drowned out, giving the second instalment more of an unwelcome air of artsieness that proves just as alienating. There's just an unshakeable air of boredom to the film that never lets up. You can't fault Soderbergh's ambition or Del Toro's drive in the lead role, it's just a shame that somewhere in the production things managed to take such a disappointing turn. **",0,1584
25,"The Ladies Man is a funny movie. There's not much thought behind it, but what do you expect from an SNL movie? It's actually better than most SNL movies (i.e. Superstar or A Night At The Roxbury) Tim Meadows and Will Ferrell were both very funny. Chris Parnell was also funny in his short scene (one of the funnier ones in the movie). Other than that, the rest of the cast is average and is just there to support Meadows. I've definitely seen funnier movies, but I've seen dumber ones too. Again, it's not exactly a deep movie, but it's good for a few laughs. It was funnier as a skit though. But still, if you're looking for a pretty funny movie, I'd recommend this one. Just don't think about it too much, or you'll hate it.<br /><br />Rating: 6/10",0,1649
26,"Well, maybe I'm just having a bad run with Hindi movies lately. I asked the video store guy for Apharan (Prakash Jha) but being a new release, wasn't available yet. So I had to settle for this one. It turned out to be the stupidest Hindi movie I've seen (and I've seen quite a few). No wonder BOllywood is the laughing stock of the whole world! If IMDb had negative ratings, I would give Garam Masala a -10.<br /><br />I remember seeing a TV show about the jazzy premiere they had for its release in Mumbai. All the usual celebs and their sideys showed up. For some strange reason, people expect good stuff from Piyadarashan. I did not like Hulchul, Hungama, or his other films. Hulchul, probably dubbed from Tamil or Telugu, came across as very loud, in-your-face fare that again didn't make much sense except in a Bollywood flick. This latest piece of utter CXXP proved that this guy has NO BRAINS. Who made him a director, even a Bollywood director at that??? <br /><br />Anyhow, to the film now. What starts off as a romantic escapade turns into a non-sensical woman-hunt. Two fashion photographers working for a magazine share an apartment (isn't it similar to No Entry where the 2 dudes work for a gossip magazine and share an office? Jezuz Christ, now they're copying their own stories!) Well anyways, there's some cook or chef that tries to help one of the dodos in his quest for multi-lateral love (aka multi-tasking + multi-timing). What happened in the end, I've no idea. I switched off mid-way. What ridiculous junk. I can't believe they even released it. And how sadistic to wallow in their own filth! For which audience did they make it - the poor illiterate Indian masses (700 Mil at last count) or the well-heeled NRI desis staying in Phoren? Either ways it doesn't matter. Neither group has any clue what makes a good movie and probably deserves such god-awful stuff.<br /><br />Its a short review because there's nothing to write about but the usual bag of F-grade garbage. Bollywood should change its name to Follywood. And yes, this review is much better than the movie itself.",0,1714
27,"Unlike others, I refuse to call this pitiful excuse for a movie a triumph of style over substance (I don't want to give style a bad name). Still, it's the most apt description that comes to mind.<br /><br />A pointless, unpleasant and ultimately meaningless assault on the eyes and ears, ""Wonderland"" leaves one wondering only why the film was made in the first place and who in their right mind gave the greenlight to this dreary and tangled mess. A biography of porn star John Holmes? A study of who the man was, why he went into the business and how it affected him? Great. Bound to be compelling, bound to be entertaining. Bound to be enlightening and fascinating on about a million levels (and I have zero interest in porn).<br /><br />But a confusing, violent, Rashomon-style study of a series of murders Holmes was connected with after his career ended? Who in hell cares? What insights do we gain? This film completely ignores the most interesting aspect of John Holmes's life -- that he was a porno star! ""Wonderland"" might as well have been about anyone: the fact that the main character is the most famous male adult film star in history is almost irrelevant.<br /><br />To make matters about a thousand times worse, the picture is loaded down with jerkoff gimmicks -- annoying machine gun editing, sloppy Dogme-95 camerawork, unnecessary split-screen graphics and animation, etc. etc.<br /><br />In the absence of a compelling story and unique main character, the director (and I use the term loosely) has thrown together a dozen or so techniques from other films and decided to call the resulting mess a movie, among these: the trendy, bleach-bypass look of ""Narc"" or ""Traffic"" or ""Minority Report;"" the frantic, often incomprehensible, throw-the-pieces-of-film-in-the-air cutting style of ""Natural Born Killers"" or ""28 Days Later;"" the fill-every-moment-of-silence-with- an-old-song-to-evoke-the-period soundtrack of ""Goodfellas"" or ""Blow;"" the groovy, retro title sequence of ""Velvet Goldmine"" or ""Autofocus"" or ""Catch Me If You Can."" The list goes on and on and on. Pathetic.<br /><br />I wanted to like this movie. I had real hopes for it. ""Wonderland Avenue"" had been around for years; had the context of the murders been emphasized rather than the murders themselves, I think it could have worked. Had the murders (and Holmes's growing involvement with seedy L.A. types) signaled the end of a career, or the end of the swinging '70s, I think the film could have had meaning; it could have served a purpose. As it is -- meaningless. Pointless. Who cares how many perspectives exist on a series of murders generally unknown by the public? The case isn't famous enough to merit such painstaking examination.<br /><br />This film should have been the third act of ""The John Holmes Story."" That's it. Period. And it could have worked. What's that? Oh, right, right, they didn't want to tell a traditional rise-and-fall story. They didn't want to make ""Boogie Nights"" or ""Goodfellas"" or ""Star 80"" or ""Autofocus."" They wanted their film to be different. Right?<br /><br />Well, in one sense, they succeeded. There's a big difference between those films and ""Wonderland."" The difference is those films are good.<br /><br />",0,1779
28,"This film is terrible. Every line is stolen from 8MM (the Italian dubbed version, at least). If you like trash... real trash, give it a try; but beware: this ain't the ""so bad it's good"" kind of flick. In its cheapness, it may really look like a porno but, believe me, if you're looking for ""snuff"", s & m, hardcore, softcore... or even an ordinary erotic thriller, go find something else in store! I'm telling you this, 'cause the absolutely uninspired and unconvincing shooting, acting, plot, dialogues (the only good lines, as I said before, are the ones they stolen from Joel Schumacher's 8MM!) will bore you to tears in a few minutes and the ""happy ending"" is absolutely revolting! I'll give it one star: a half for the sudden shot in the back scene, after ""the eyes of the victim"" monologue (stolen from 8MM as well) and a half for mom & daughter's sexy bodies (that didn't manage to keep me completely awake while watching this turkey, anyway!)",0,1844
29,"Here is one of those educational short films made to learn the unknown people out there about facts of life. This time the target audience is preteen girls, the fact of life is menstruation. This animated film, created by Walt Disney Pictures, apparently with some sponsoring from Kotex.<br /><br />It starts with explaining how hormones make you grow and develop. With the help of animation and a female narrator it shows us how the body, especially the ovaries, uterus and vagina, work and why this all leads to menstruation. It is almost amazing, becoming the comic note here, how the subject of sex is avoided. Even the word is never mentioned although ""furtilized"" will pass once. I don't really know why I saw this, but since it is one of those rare short films that could give an impression of an innocent time, you might want to give it a try.",0,1909
30,"This film, originally released at Christmas, 1940, was long thought lost. A very poor copy has resurfaced and made into a CD, now for sale. Don't buy it! The film is unspeakably terrible. The casting is poor, the script is awful, and the directing is dreadful.<br /><br />Picture Roland Young singing and dancing. And that was the highlight.<br /><br />Perhaps this movie was lost deliberately.",0,1974
31,"Some have praised -Atlantis:-The Lost Empire- as a Disney adventure for adults. I don't think so--at least not for thinking adults.<br /><br />This script suggests a beginning as a live-action movie, that struck someone as the type of crap you cannot sell to adults anymore. The ""crack staff"" of many older adventure movies has been done well before, (think The Dirty Dozen) but -Atlantis- represents one of the worse films in that motif. The characters are weak. Even the background that each member trots out seems stock and awkward at best. An MD/Medicine Man, a tomboy mechanic whose father always wanted sons, if we have not at least seen these before, we have seen mix-and-match quirks before. The story about how one companion, Vinny played by Don Novello (Fr. Guido Sarducci), went from flower stores to demolitions totally unconvincing.<br /><br />Only the main character, Milo Thatch, a young Atlantis-obsessed academic voiced by Michael J. Fox, has any depth to him. Milo's search for Atlantis continues that of his grandfather who raised him. The opening scene shows a much younger Milo giddily perched on a knee, as his grandfather places his pith helmet on his head.<br /><br />And while the characters were thin at best, the best part about -Atlantis- was the voice talent. Commander Rourke loses nothing being voiced by James Garner. Although Rourke is a pretty stock military type, Garner shows his ability to breath life into characters simply by his delivery. Garner's vocal performance is the high point. I'm sorry to say Leonard Nimoy's Dying King is nothing more than obligatory. Additionally, Don Novello as the demolition expert, Vinny Santorini, was also notable for one or two well-done, funny lines--but I've always liked Father Guido Sarducci, anyway.<br /><br />Also well done was the Computer Animation. The BACKGROUND animation, that is. The character animation does nothing if not make already flat characters appear even flatter. Aside from landscapes, buildings and vehicles there isn't much to impress.<br /><br />The plot was the worst. Some say hackneyed or trite. I'm not so sure about that. Any serviceable plot can be made into something new with the proper treatment. Shakespeare often started from a known story and plot and was famous only for putting on a new coat of paint. So the treatment is the thing. And -Atlantis- obviously lacks that.<br /><br />I cannot begin to go into all the logic gaps without a spoiler section. The plot was bad. The plot's bridges snap like twine and the ending does not make sense. To add to that, the script and the animation is peppered with annoying sloppiness.<br /><br />** SPOILERS **<br /><br />Right at the beginning when Milo reveals that runic or Celtic symbols have been wrongly transliterated and the ""Coast of Ireland"" should read the ""Coast of Iceland"", we begin to have problems. The writers of the script would need to know the British take for Eire or Eireann as ""Ireland"", and completely ignore the older, Latin term Hibernia. But more than this, they need to know of the Vikings conspiracy to call the greener island Iceland and the icier island Greenland.<br /><br />By making it the matter of a mis-tranliterated ""letter"", the writers have doomed themselves to requiring a runic version of English and a post-Roman date on the script. Since this is long after Atlantis was supposed to have sunk into its undersea cave. And without visible clues and less technology than Milo had, made the inscription far less trustworthy.<br /><br />The Shepherd's Journal could not be written before the sinking of Atlantis, or it would know nothing about the cave or the crystal lying ""in the King's eye"". It must have been written after the sinking, but without even the technology that Milo's expedition had, how the heck did anybody get by the Leviathan. So how could it know more about anything after that? And why would it be written in Atlantian?<br /><br />Automatic writing and clairvoyance or astral travel can explain these things. However clairvoyance and astral travel do not require to write in Atlantian. So it's got to be some sort automatic writing. Since no-one left in Atlantis can read, it must be the spirits of the crystal beaming messages to the surface. This would have made more sense. But could also have been explained within the movie: Milo could shepherd have discovered that this power had been calling him all his life--appeared in dreams, etc. This needed to be explored in the movie.<br /><br />The Atlantians should simply not be able to comprehend modern languages. No-one expects that the original Indo-Europeans would be able to converse in Europe, anymore than Romans would understand that hard ""c""s or their day became French ""ch""s (pronounced like ""sh""s, no less!)<br /><br />Current Atlantians were alive before the cataclysm--when apparently they *could* read, yet now are unable to read what they used to, or operate similar machinery.<br /><br />The Mass Illiteracy points out a crucial flaw in the movie. NOTHING seems to have happened to this culture. It seems suspended in air until Milo can rescue it. Even though it appears that life is not a constant struggle for survival, no-one wants to compose poetry or write novels and perhaps it is a combination of Atlantian school systems going downhill toward the end and lack of good fiction that caused Atlantis to fall into illiteracy.<br /><br />Kida can be excused for not knowing how to read or operate the machinery if she was so young when the Cataclysm of Stupidity set in--But ANY OF IT **HARDLY** qualifies her father for Deification!! Kashakim's foolishness almost single-handedly wiped his people from existence. Killed a bunch in the cataclysm, stalled progress (not a lot killed here, but he oversaw a massive slide in culture and progress) until someone could take the crystal to kill everybody, if they weren't boiled in lava first because the Giant Robots weren't there to protect them.<br /><br />A bolt of blue electricity should have shattered Kashakim's likeness, when Kida tried joining her father's image to the circle of GREAT Kings of Atlantis!<br /><br />Even though Milo was the only one who could read Atlantian, Rourke and others knew enough to look through a book of gibberish and find a page on a crystal--which he knew to be a crystal and not some stylized astrological or ""phases of the sun"" diagram.<br /><br />If Milo's grandfather had told Rourke about it, it still does not explain how Rourke would have suffered from Milo's reading it as part of the book. Ripping out the page--which was dog-eared in Rourke's hand, even though Milo found NO sign of a torn page in the book apparently--only was there to tip off the viewer that ""something was not quite right"". Unless the word ""crystal"" would have set alarms off in Milo's head that somebody would try to steal it, Milo would have suspected nothing. It's just thick-headed foreshadowing.<br /><br />The crew's ""double-cross"" was not a character change. We learned that Vinny, Sweet, Audrey and Cookie had been going along with Rourke from the beginning. However, the ""change of heart"" falls flat. It was a change, and needed to be better motivated. Hard to do with characters who weren't given anything to begin with.<br /><br />Niggling little bit that the lava flows up over the dome, instead of filling in the rest of the area that we view the sequence from. It's liquid; it will not flow over the protective dome until it fills up all lower areas.<br /><br />The ending STINKS!-- and makes no sense other than to appease political correctness. With it's powersource restored, Atlantis is no longer a weak power, needing coddling. The giant robot guardians and the sky-cycles shooting blue lightning suggest that they have less to fear from us than they might. The technology is superior to ours, and definitely to early 20th-century. In the end Milo needs to teach the Atlantians to read, for what? The whole idea is to leave their little quiet, chastened culture alone, not to send it into hyperdrive.<br /><br />** END SPOILERS **<br /><br />Perhaps, the Lost World plot and the turn-of-the-century setting should give me a hint that this is more an homage to pulps. The failures I find with the film agree with this idea. But I am at a loss why I should pay to see thin characters and plot holes simply because many dime novels had them as well. And pulp stories is part of the ""crap they can't sell adults anymore"", anyway. We have become a bit more sophisticated and our pulp needs to grow up as well. Raiders of the Lost Ark lost none of its pulp feel and avoided so much badness.<br /><br />4 out of 10--the movie is enjoyable but as I think about the plot, it seeps ever lower.",0,2039
32,"I considered myself to be quite melancholy, especially when I watch a great touching and tear-jerking movies. But not for this one (which surprised me!) and it is also really surprising me to see how many people praised this movie so highly.<br /><br />There are several disturbing facts throughout the movies: 1. Despite guilt-ridden Ben's real intention to save 7 lives to redeem his past, I find it disturbing that the film seems encourage this type of suicidal action. Some people may perceive this is a heroic action and some others think he behaves cowardly, in the end this was a disturbing action to me.<br /><br />2. The movie story line is over-dramatized, but the logic is over-simplified. Medically, blood type match is required to be an organ donor. Toward the end of the film we learnt that Emily had rear blood type that limited her chance to get the donor within short time period. Nevertheless, it seemed that Ben had the rare blood type, same as hers which allowed him to be her donor and conveniently, despite the rarity of Ben's blood type, he was able to donate not only his heart, but also his kidney, his cornea and his bone marrow which in all cases require not only matching blood type but also tissue antigen.<br /><br />3. Why the doctors allow Ben's organs being donated despite the jellyfish venom he used to kill himself?<br /><br />I might be over-analyzing the whole story as after all this is just a movie. However, some disturbing facts outlined above hopefully will help you reconsider your plan to go to watch this movie. If you go for a soap-opera type of film, go for it. But it you go seeking for an intelligent entertainment, give this one a miss!",0,2104
33,"There is absolutely NO reason to waste your time with this ""film"". The original said it all and still holds up. Either read the book or do some research about the story, and you'll realize this remake is ludicrous. Eric Roberts as Perry Smith? His sister could have done a better job! Having been to Holcomb & Edgerton, KS where the story takes place, the sets and locations looked NOTHING like Kansas. The original is riveting, from the location filming to the use of the actual participants, weapons and victims belongings. Unforgettable performances by Scott Wilson and Robert Blake. Soundtrack by Quincy Jones and cinematography by Conrad Hall...The original is available on DVD in widescreen now. Let this turkey die a quick death.",0,2169
34,"I never saw the original 1954 version with Judy Garland, so have no means of comparison. Also, it's been some years, but I found this tale neither gripping nor its romance captivating. The movie tells the story of two lovers whose musical careers are headed in opposite directions. John Norman Howard is a worn out, disillusioned rock star on the decline, embarking upon a romance with a fresh, talented new singing sensation, Esther Hoffman. Her dramatic success only serves to emphasize his decline.<br /><br />The lead actors, Kris Kristofferson and Barbra Streisand, are adequate in their roles, but neither their chemistry nor the plot left much of a mark with me. The film is noteworthy to me for only one aspect, Streisand's beautiful rendition of the Oscar winning song 'Evergreen'. She truly has a powerful and magnificent voice.",0,2234
35,I saw this movie thinking that it would be one of those old B movies that are fun to watch. I was so wrong! This movie was boring and obviously aimed at males who like looking at corpulent women. The story was so ridiculous and implausible that it lost my interest altogether. It seemed to be in the same genre as the Ed Wood films - bottom of the barrel.,0,2299
36,"Unimaginably stupid, redundant and humiliating closure to the ""Nightmare on Elm Street""-series! Part 6 is so incompetent that it looks like director Rachel Talalay intentionally wanted to turn Wes Craven's initial premise into one big bad and tasteless joke. This isn't just the worst entry in the ""Elm Street"" saga; it's also one of the most embarrassing horror movies ever made and it downright offends fans of the genre! The story is dumb, the character drawings are ridiculous, the structure is all murky and  most of all  the special and visual effects resemble those of a Tom & Jerry cartoon. The sequences in which Freddy Krueger murders his victims are endless and very uninteresting. Were we supposed to be petrified when a jabbering Freddy turned Breckin Meyer into a video game-character and pogo-sticked him around the walls of a house? The story takes us back to Springwood and it appears that Freddy all of a sudden has a middle-aged daughter. You'd think he would mention that in one of his previous adventures, but no There's only one teenage-survivor in Springwood and Krueger uses him to get into contact with his long lost daughter. Another reason why this final installment is so awful is the completely illogical structure. The John Doe-boy is introduced as the leading character but then all of a sudden he dies and the plot continues to revolve on two adults! How about that: Freddy Krueger, who spent five entire films killing nothing but teenagers, eventually gets beaten by two adults wearing 3D-glasses! Sort of like ruins the whole essence, doesn't it? As far as I'm concerned, ""Nightmare on Elm Street"" has always been a dreadfully overrated series but, up until now, even the weakest entries had at least some redeeming elements. ""Freddy's Dead"", however, is simply unendurable and nobody should waste his/her precious time watching it.",0,2364
37,"I was true to my regard for Mr. Glover and Ms. Goldberg. I watched the entire film with my family and some friends. I have no idea what the movie was about. After much discussion, we all agreed that this was not one of their better efforts.<br /><br />It doesn't hang together very well. It is too choppy, and there is little comedy. I am disappointed. It could have been much better.<br /><br />I waited months to see this film based on the liner notes.<br /><br />Don't waste your money unless you are a completist and just want to see all of Mr. Glover's and Ms. Goldberg's films.<br /><br />It was a poor way to spend an evening.",0,2429
38,"Forgive me for stating the obvious, but some films are good and some films are bad. Of course, there are extremes within those two broad categories. Films such as The Godfather, Saving Private Ryan, and Star Wars slot comfortably into the good category. At the other end of the spectrum there are those films that simply don't deserve to be mentioned by name. Occasionally however, someone produces a truly woeful film. A film that should be singled out as a demonstration of how awful a film can be. A film that is more than bad. Such a film is Maiden Voyage.<br /><br />Briefly, Maiden Voyage is a story about a luxury cruise ship that is hijacked by a gang of evil criminals who demand a ransom from an equally evil, scheming ship's owner. Of course, there is an all American hero on board, complete with chiselled jaw and sculptured chest, who saves the day.<br /><br />This is a production that plumbs new depths. Everything about it is bad. The acting, the direction and the so-called plot are breath-takingly poor. In short, it is an insult to the intelligence of any unfortunate viewer. Even an American viewer would be annoyed by its shortcomings.<br /><br />Yes, it's that bad.<br /><br />I will resist the temptation to compose a list of things that angered me about this film. However, its dumber-than-dumb conclusion should serve as an adequate example of what I mean.<br /><br />Imagine in your mind that you are an evil hijacker and you are stood in an open lifeboat on a calm sea. You are in company with the hero who holds a ticking bomb. Said hero throws the bomb to you and dives overboard. What would you do? I don't know about you, but I would throw the bomb as far as I possibly could into the sea. Not this guy. He watches as our hero swims away and then he tries to disarm the bomb with unfortunate (for him) results. Enough said. Such a demise would merit a mention in the Darwin Awards website and might also be a suitably apt conclusion to the production team's lives.",0,2494
39,"Despite its interesting premise, 'Sniper' is quite tedious. With a tighter script and sharper directing it could have been electrifying; instead it plods along with little tension.",0,2559
40,"To say this film stinks would be insulting to skunks. As the other commenter says, this movie is insulting to anyone over the mental age of 7 (it is especially, incredibly insulting to gays). It is awful - and not in a ""so bad it's funny"" sort of way either - it's just plain awful. No, I have to say it: IT STINKS! (sorry skunks).<br /><br />From the opening credits to the end titles there is hardly more than 10 seconds of this movie worth opening your eyes for. The ""plot"" is incoherent, the characterization non-existent, the acting is of the over the top mugging ""look at me I'm being funny!"" school and so it goes on. The set pieces are clumsily set up (if at all) and are badly executed, it's just awful on every front - apart from the music maybe, I don't remember thinking the music stinks (apart from the songs).<br /><br />To be fair to the makers, they lay their cards on the table pretty quickly: the opening credits include the title ""Also starring Ertha Kitt as the voice of Betty the meteor"" (since as the meteor in question turns out never never say anything but make an occasional purring noise they may well have lifted Ms. Kitt's contribution from one of her records) and the second line of the movie runs something like: ""...and scientists have discovered new facts about the rings around Uranus."" Uranus - ""Your Anus"" geddit? geddit? huh? huh?? Your Anus? The humour really is that cheap.<br /><br />It says strange things about the ""comedies"" of that period in that it was perfectly permissable for the hero to deliberately shoot people dead in the street but not say ""sh*t"" out loud.<br /><br />I paid fifty pence (about $1.00) for this movie in a sale. I feel ripped off.",0,2624
41,"Poor Robert Englund makes another flop and to the expense of Tobe Hooper who usually makes pretty good horror movies but he failed pretty bad at this one. Englund plays the well known Marque De Sade who in the 17th century was enprisoned for his obsession of pain and the pleasure of bringing pain upon himself as well as watching others also be in pain. The story is so confusing with the flip flop from one century to another and I became confused as to what was going on and what was the purpose of this movie. All I saw was a young lady that became entrapped by a strange lesbian who desides to keep her to herself and the young lady became fascinated by this Arabian with alot of money and finds out that he's out to have her killed and then Englund steps in from one century to another claiming to be a descendent of the de Sade and tries to kill her because she reminded him of the Madam Momoselle(spelled that wrong) or whoever it was in the picture above De Sades wall. The movie was terrible, I am surprised at Hooper for hireing Englund in this film and the special effects were so fake and laughable, especially the part about the eyes. Englund tries to make a comeback from his once hit move ""Nightmare on Elm St."" by using these pull in and out needles to put out peoples eyes. Terrible, absolutely terrible.",0,2689
42,"Based on the Korean legend, unknown creatures will return and devastate the planet. Reporter Ethan Kendrick is called in to investigate the matter, and he arrives at the conclusion that a girl, stricken with a mysterious illness, named Sarah is suppose to help him. The Imoogi makes its way to Los Angeles, wreaking havoc and destruction. With the entire city under arms, will Ethan and Sarah make it in time to save the people of Los Angeles? Written by Anonymous I think he should have included the following<br /><br />This is the worst movie i have ever seen the best actor in the whole thing was the CG dragon and overall it s u c k-ed i am p i s s-ed at not only with the people who made it but myself for watching save yourself the time read a book or something maybe a little Dr Seuss that should be more stimulating.<br /><br />no wonder the guy is anonymous sorry for the format this site has a lot of rules this is the only way i could get this out without adding more",0,2754
43,"I hadn't heard of this film until I read an article about it on the Unknown Movies website, which made me curious. As a cartoonist and illustrator myself, I'm an admirer of Richard Williams's work - I rate Ziggy's Gift as one of the finest Christmas specials of all time, and even though Who Framed Roger Rabbit stopped being one of my favourite films when I got past the age of sixteen, I still have the highest of regard for the amount of work, care and attention to detail that went into creating the visuals - but it seems the man has his faults, most notably a propensity for going over budget and over schedule, and this film is a testament of just how far wrong even a super-talented individual like Williams can go, given the right circumstances.<br /><br />Raggedy Ann and Andy is a strange confection that tries to be weird and experimental and off the wall within the confines of a children's cartoon. It tries also to be a musical. It tries to be a thousand and one other things as well - is it a freakout? Is it a mind-blower? Is it a paean to the innocence of childhood imagination? - until it finally collapses under the weight of its own limitless ambitions and aspirations. It's beautifully animated, for the most part, though the bland backgrounds could have used a little more attention, but even that doesn't count for much when you're confronted with the hallucinogenic absurdity that constitutes much of the 'action' here.<br /><br />There are a number of problems with the film, but let's start with Raggedy Ann and Andy themselves. They're the stars of the show, yet they have no personalities. Actually, we get the message that Andy is a wannabe tough guy (""I'm no girl's toy"", he sings) and that Ann has a unique perspective on things because her owner, a little girl called Marcella, carries her upside down, but that's all we get to find out about these dull-as-mud characters because the overwhelming weirdness of this film kicks in not long after. I use the word ""weirdness"" advisedly, because some weird films can be hugely entertaining, but this is just flat-out strange. The toys and dolls in the playroom are supposed to be cute and lovable, but they're actually bizarre and disturbing. The two marionettes who do and say everything in sync are a prime example of this. But even they're relatively normal compared to the constantly sneezing pirate captain, whose moustache becomes erect and whose groin visibly swells when he first catches sight of a glamorous French doll. Yes, this is supposed to be a children's film! Then there's the music, none of which is memorable, and all of which is sung by actors who can't sing. And to add insult to injury, there's a lot of singing in this film. When Ann and Andy finally make it out of the playroom, the first thing they do is sing a LONG number in the woods about how scared they are, about how they'll always have each other and...yes, we get the message. This seems to go on forever, but at least it brings some semblance of normality back to the film. Not for long, though, because the Camel with the wrinkled knees leads us into a bizarre world where everything looks like it's made from worn and faded denim, and - bad enough that he's clearly a paranoid schizophrenic - he also starts hallucinating. But this is nothing compared to the scenes that follow. The Greedy, a living, breathing. belching, farting, constantly eating pool of taffy, is so trippy, creepy and ultimately disturbing, you'll hardly believe what you're seeing - this is as close to a drug-free psychedelic experience as I've ever seen on film. Then, after a l-o-n-g time spent with the Greedy, along comes the psychotic Sir Leonard Looney and his master King KooKoo, whose throne resembles a urinal. I can't believe I'm actually writing a capsule description of a real film here - I just had to rub my eyes and remind myself that I'm not blogging about an overwhelmingly whacked-out nightmare I had. Part of the sequence in Looney Land resembles one of the old Winsor McCay / Little Nemo cartoons, for no good reason other than somebody felt like doing it, probably. All this would be fine if there was some kind of rhyme or reason behind it, but there isn't. These scenes are just strange, and very, very long. Surrealism only works when there's a strong idea behind it, or takes place against some semblance of reality. But NOTHING in these scenes points towards any kind of reality. Take away this element, and you're left with pure self indulgence.<br /><br />As the final scenes unravel, even the animation begins to look less impressive (the pirate ship, ludicrously detailed, jerks about on the water in a manner that suggests some of the cels went missing during the production) and there's a non-event of an ending that simply suggests money ran out. Even at a meagre 86 minutes in length, the film feels like a never-ending ordeal, and it's understandable why it flopped on its original release. Animation buffs will probably scratch their heads and wonder just how Williams managed to flub this one so spectacularly, but he did, and there's nothing anyone can do about it.",0,2819
44,"I question the motive of the creators of this fictional account of the BTK killer's motives. Are they attempting to portray animal rights activists as sick monsters? Who is responsible for this? Don't they think the people involved with this monster are hurting enough? What a blatant disrespect and exploitation of the victims! It was like a personality experiment: What disturbs you more, the slaughterhouse or the human murders? They used actual names of some of the victims....this movie was hideous, disrespectful and insulting! The creators of this movie used this tragedy for their own agenda! People need to awaken and redraw the line!",0,2884
45,"This is just plain bad. Sometimes remakes, even if they stray from the original, are good on their own. They can bring another viewpoint and achieve a certain interpretation that makes them unique and enjoyable. This was as poorly thought out and carried out as can be. This wasn't any good even standing on it's own. Viggo Mortenson is a top-notch actor, but some of his selections of roles and projects leaves something to be desired. The original ""Vanishing Point"" was such a thrilling, psychological adventure; this is not an adventure at all, and is not enjoyable or entertaining whatsoever. This was made from a by-the-numbers approach to film-making, stuffing in plot points that someone in Hollywood believes will please what they see as today's film-going audience. Basically, they see us as a bunch of idiots. It's insulting that someone will put this out as a feature film, and even attempt to remake a cult classic this sloppily. The manipulative plot devices, the ""make-it-obvious-so-they-don't-miss-the-point"" aspects, ridiculous dialogue, stereotyped characters, amateurish direction...<br /><br />This is plain bad....",0,2949
46,"...but i expected better from Caroline Munro. She's done some good films, and i was hoping this would be just as good. as a matter of fact, she and this other blonde girl character (the girl who got electrocuted i think) were the only two out of the 8-11 actors who could act. this film has the worst acting i've ever seen. almost as bad as 'Psycho' (1998). the really dumb part was when the woman was in the shower and marty rigged it to pour battery acid in there. she starts screaming, and her scream is probably the most annoying sound in the whole world. she attempts to get out, but ""accidentally"" falls back in. i will admit, the violence and story is good, along with harry manfredini's music, but the acting could've been a LOT better. there were two other characters, frank and joe. i don't know about you, but they bare a strange resemblance to dan akyroyd. also, when they find that woman's fried corpse in the bathtub, you would think they'd be screaming and barfing. No. Caroline Munro and the blonde woman are the only ones who react. Frank and Joe barely show any signs of fear or disgust. i don't know about you, but i know that if i saw a fried skeleton of one of my best friends, i'd puke. also, when joe starts saying stuff like ""what happened to marty was an accident, it wasn't our fault."" he says it like his nervous or scared but barely shows any facial expressions. then the blonde girl starts crying and says ""i'm scared frank!"". and she grabs joe. i guess the actress really didn't know which guy was which. the film's ending is the most confusing thing i ever saw. more confusing than the climax of ""jaws: the revenge"". all the eight friends end up dead, marty kills them all, but then, you see something that looks like him being chased by their rotted corpses, and then it just cuts to marty still in the hospital from the accident, and then when the film ends, marty dresses up as a nurse trying to sedate him, but then we see that marty has gotten into her clothes or somethin like that kills a doctor, and the film ends with marty peeling skin off his face. which leads me to this next question. WHAT WAS THE WRITER ON WHEN HE CAME UP WITH THAT?!?!?!?! did he actually expect people to understand just what the hell happened?? the ending left me so confused. were the characters still alive? is marty still holding a grudge? did the events we just see not happen yet or not at all? i don't know. overall, this movie was pretty dumb. the acting sucked, the music was okay, the story was pretty decent (except for the ending). basically, this is just one of your average 80s teen slasher flicks. see it only for harry manfredini and caroline munro. 2/10<br /><br />P.S. - Simon Scuddamore (Marty) committed suicide shortly after the film's release from intentional drug abuse. i guess he was the only person who knew this film was what it really was. A PILE OF SH**",0,3014
47,"I can count (on one hand) the number of good movies starring Joe Don Baker. This is not one of them.<br /><br />Interminable chase scenes, dim-witted dialogue, and terrible lapses in continuity made this movie a prime choice for getting the send-up on MST3K.<br /><br />And that is the only way I was able to watch this...",0,3079
48,"...from this awful movie! There are so many things wrong with this film, acting, writing, direction, editing, etc. that it's amazing that something rises to the top and proves itself to be the absolute worst. The music! I noted that the film has two composers listed. This must be the reason why every single frame has music, of the absolute worst ""D"" movie style drivel. They have never heard of the expression ""less is more"". It got so painful to listen to, I muted the sound every time there was no dialogue, not that the dialogue was that good. You have to feel sorry for Robert Wagner and Tom Bosley, I'm sure they didn't see roles like this in the twilight of their careers. See it at your own risk.",0,3144
49,"I was surprised when I saw this film. I'd heard it was the best ever filmed of the novel. How disappointed I was.<br /><br />How any true Jane Austen fan can rate this adaptation is a mystery to my eyes. The scriptwriters have decided to stick in bits of ridiculous humour which are embarrassing at the best of times, but also ruin the feel of the period. As for the cast: Gwyneth Paltrow makes a rather shallow heroine (but then any 'hot' American star would be questionable in the role), Toni Collette is miscast, and poor Ewan McGregor is made to look laughable!<br /><br />I really could not say a good thing about this film. I seem to be among the very few who don't rate it, but if you want my advice, see instead the TV production starring Kate Beckinsale - believe me, that is far preferable to this superficial trash.",0,3209
50,"Cynthia Rothrock,(China O'Brien),""Manhattan Chase"",2000, made this film enjoyable to watch and of course,e this cute petite gal burned up the screen with her artistic abilities and hot sexy body. China O'Brien gets upset as a police officer and decides to call it quits and go back home to her hometown and get back to her roots and her dad, who is the local sheriff. Her dad is getting older and the town has changed, gangsters have taken over the town and started to get the local women to start turning tricks and the city people were getting sick and tired of their town going to Hell. Well, you almost can guess what happens, and you are right, China O'Brien fights back after great tragedy strikes her life. Bad acting through out the picture, but Cynthia Rothrock brings this film to a wonderful conclusion.",0,3274
51,"When the young Kevin gets the boat of his dead uncle as a gift, he invites five friends of him to a trip to Catalina Island for the weekend. While in the journey, they drink booze, have sex and play games, with each one of them telling his or her greatest fear. Later Kevin drowns in the open sea, the engine stops, and they are haunted and murdered by their greatest innermost fear.<br /><br />Yesterday, my wife, son, daughter and three other friends joined to watch ""Haunted Boat"" on DVD. With less than 30 minutes running time, the group gave up watching this messy and boring amateurish piece of crap, and we decided to see another film. Later, I decided to watch the rest of this flick to see how bad it could be and it would have been better off going to bed to sleep. The confused story has an awful cinematography and camera work, with a cast that is probably studying to be actors and actresses and in the end this film seems to be a bad project of cinema school. The terrible and pretentious screenplay shows a ridiculous twist in the end, actually a complete mess that made me not understand what the story is all about. Was the girl insane and traveled alone in the boat, imagining the whole situation with imaginary friends? If that is true, are their friend again in the very end fruit of her madness? My vote is one.<br /><br />Title (Brazil): ""Viagem Para a Morte"" (""Trip to the Death"")",0,3339
52,"Michael Bennett and Nicholas Dante's Broadway show ran for years, but evidence of its power and charisma is lost in this movie adaptation, which most likely stems from the choice of director (Richard Attenborough, as far from B-way as you could get) and lead actor (Michael Douglas, who plays a director-choreographer like a slimy corporate lawyer). The slim story, about a grueling audition for a Broadway show which turns into a therapy session for the actor-dancer-singers, is pushed right up on us, with loud, brassy talents playing to the rafters. Nothing is modulated or subtle, particularly a laughable subplot about a ex-dancer returning to the theater and butting heads with old-flame Douglas. The over-eager hopefuls are filled with promise and heartache, but their personal stories of angst are a little embarrassing; this, matched with Attenborough's sluggish pacing, spells disaster, and even the now-famous songs fail to break through the artificial wrapping. *1/2 from ****",0,3404
53,"The super sexy B movie actress has another bit part as future ""Goodfellas"" star Ray Liotta's girlfriend in this box office bomb. She plays Marion, has only one line of dialog, well, one WORD of dialog actually. She shouts out ""Joe!"" as Ray's character is violating poor Pia Zadora with a plastic garden hose sprinkler. This movie is so bad though it becomes funny, hilarious at times. The guys at Mystery Science Theater 3000 would love this! Check out the hysterical scene at the end where Pia has a nervous breakdown and all the cheesy editing and effects they do to try and show how badly Pia's character is freaking out. Pia plays an aspiring Hollywood screenwriter in this. Pia Zadora as a screenwriter? Yeah, right. Pia can barely talk, let alone write! Pia is utterly and absolutely miscast in this dumb role. But who cares? The real star is the hot and fresh Glory Annen in her bit part in this cat's opinion! Rock on Glory!",0,3469
54,"I wouldn't be so quick to look at all the good reviews and say this might be a good show..This show is only good if you don't know what ""talent"" is..I won't even say how offensive it is (I know it can be offensive to a lot of people) because thats not really what bothers me about the show.. What bothers me is that people watch this and think it's funny..It makes me feel like our generation is getting to stupid and I'm actually scared that it will one day be run by people who watch this garbage..<br /><br />Basically the plot is simple..it's about an offensive,self centered,spoiled women(Sarah Silvermen) getting through everyday life..<br /><br />Thats it..Like that hasn't been done a million times..In fact almost every joke either has been done or is racist..<br /><br />Sarah also likes to sing..I like her voice..thats it..not the lyrics..The lyrics are dreadful..which she likes to sing about a lot of things..<br /><br />If you like to see a hot women put everyone else down and make them feel like crap while at the same time farting and saying crap about every race then this show is for you..",0,3534
55,"There are moments in this unique cartoon of pure beauty but overall it's not very good. Limited animation as well as sub standard character and background design will limit its mass market appeal. The character design looks like a cross between the original Star Wars Clone Wars and Disney's Kim Possible, (Brendan, the main character in this also bares an uncanny similarity to Ron Stoppable in Kim Possible) Background design ranges as far and wide as going from being bland and depressing to stylish and stark, yet by today's standards, overall it is still poor and cheap looking. Many of the backgrounds bare resemblances to eastern European or Nordic animation from the mid 80's, nice in its own way but for modern child audiences, used to CG slug fests and talking dogs with every piece of fur on their body swaying in the wind, is sure to disappoint. The story is also not overly engaging and many of the voice actors aren't overly impressive, noticeably the usually brilliant Brendan Gleeson who appears to be phoning in his part. There are also a few secondary characters who come across as slightly cliché and stereotypically racist. However, some of the characters are good, the Viking villains, although underused are well done and are specifically foreboding in both look and sound. There is one moment involving the main character and his mentor being saved by Wolves from a Viking attack that is very nicely put together. The look and feel also seemed to be very inspired by the film Watership Down including a blatant rip off/homage to the Ghost Rabbit of Inlay. The look is also clearly and obviously inspired by Gaelic/Celtic/Anglo Saxon art so if you are into these subjects you may be drawn towards its look. The film also does have moments of very nicely structured shots leading the eye in a very artistic manner, including a pretty match cut and a large scale Viking attack that is very moody and impressive. Best of all though is the music, much of the background music is melodic and moving, specifically the song by the spirit girl which is truly beautiful and haunting and works very well with the images it covers. If the whole film was as poetic as this moment, (and it tries,) then this would be a very beautiful and poetic film that would sadly still not reach a wide audience, but instead it isn't a shame it wont reach a wider audience because most of it is average and cheap looking and doesn't stand up to modern animation standards. Overall a film that clearly split my opinion in many ways, but all together not great but worth watching for the music and song and the occasional pretty or scary moment. Oh yeah and the cat seemed to live for a long time, not sure how that was possible.",0,3599
56,"N.B.: Spoilers within. Assigning an artistic director to an operatic production naturally and inevitably means you are going to get a piece of that director's mind. But directing a Wagner opera is an especially tricky task, as he was perhaps the most explicit opera composer in terms of what things should look like and how they should unfold. Hans-Jurgen Syberberg loads this filming of ""Parsifal,"" Wagner's final masterpiece, with enough extraneous ideas to cause it to nearly burst at the seams. You get more than a piece of the director: you get the whole fatted hog and then some. Syberberg is to be admired for his penchant for tearing back the covers on the uglier aspects of German history. But does it work to meld that desire to a Wagner opera already brimming with its own concepts? <br /><br />The scenes with the knights of the Holy Grail in Acts I and III are especially laden with visual allegory and symbolism. These are drawn come from Wagner's own time, from long before, and go well beyond. If you know what these things mean, they can enrich Syberberg's vision for you (but not necessarily enhance Wagner's vision); if you don't know what they mean, they're simply confusing, if not annoying. I won't bother uncoiling the plot of the opera here. Suffice it to say it is a typical Wagnerian synthesis of diverse elements, in this case a blending of the Holy Grail legend with the principles, practices, and pageantry of Christianity. The theme of redemption plays the main role here, as in nearly every Wagner opera.<br /><br />I personally had to sweat to get through Syberberg's first act (amidst my jarring acclimation, the music saved the day). But Act II picks up the pace. Here we meet Klingsor, the evil sorcerer, out to entrap the wandering ""innocent fool"" Parsifal. The greatest seductress of them all, Kundry, will be used to entice him to the dark side. After an initial dalliance with more symbols, these get stripped away, and the long, gorgeous, transformational duet between young fool and temptress really takes off. Finally the film starts working a genuine magic, and it is chiefly due to Syberberg's choosing to set things naturally and simply. Suddenly the acting starts to work (the expressive actress Edith Clever and the luscious soprano of Yvonne Minton team to create a wondrous Kundry); suddenly the music seems to come to life and make vivid the inner turmoil of the two characters. The camera work stays simple and quietly fluid. In other words, Wagner is allowed to tell his story more on his own terms. And it works beautifully. For me it was the most engrossing part of the film.<br /><br />With the re-entrance of the knights in part 2 of Act III, the weird extraneous symbolisms unfortunately creep back in. Some other loony Syberberg ideas: using a huge Wagner death-mask as a major set-piece (causing the composer's protuberant proboscis to loom comically large); dressing the Act III knights in all manner of costumes, wigs, and makeup (what is the director saying? That the knights are a bunch of buffoons? That they express multiple or timeless layers of significance beyond their surface functions? It's anybody's guess); the insertion  just after the incredibly touching baptism of Kundry by Parsifal  of rear-projection footage of the conductor rehearsing, in modern-day realism, his orchestra in the studio (this completely snapped my dramatic thread, requiring a few minutes to regroup); the complete avoidance of having any time pass between Acts II and III (when we meet the knight and ""narrator"" Gurnemanz again, he should be an old, old man, and Parsifal should re-emerge as a world-weary but wiser middle-aged man); but certainly the most bizarre stroke is to split the Parsifal character into male/female components. Some find this the most brilliant stroke. No doubt I can credit Karin Krick, who plays ""Parsifal 2,"" with acting of strength and dignity (she also happens to be the best lip-syncher of the whole cast). But please...Wagner's conception of Parsifal is already so complex. His growth from a completely innocent boy who knows nothing of his past, to his breakthrough realization in Act II of what Amfortas's eternal wound means and how it has become his own, to his return as the great Redeemer of Act III  this is the journey of a masterfully constructed character. The bi-sexual emphasis is just gimmicky and absurd. (And what's with this nonsense about a homoerotic Gurnemanz and Parsifal?? Can't we just accept a mentor/apprentice relationship, which is marvelously reversed in Act III?) <br /><br />The Monte Carlo Philharmonic under Armin Jordan plays with passion and beauty (though the chorus is disappointing). But after watching this film I only wanted to whip out my Solti-led recording (HIGHLY recommended) and get my Wagnerian bearings straight again. The film experience for me ranged from bizarre to entertaining to infuriating. To Syberberg's credit, he's created a visually arresting work, and he certainly offers a unique take on an important opera. But instead of sticking to ""Parsifal,"" he seems to have wanted to bring in all things Wagnerian: the man, the life, the enormous influence...all of it in crude symbolic code. ""Parsifal"" the opera is already full of weighty symbolism: the Grail, the Spear, the Holy Sacraments, baptism, Amfortas's ever-bleeding wound, Klingsor's self-castration, the Kiss, Kundry's Curse, and on and on. This is not to mention the *musical* symbolism sounding constantly in the score, in the form of Wagner's leitmotif system. ""Parsifal"" itself is one huge symbol! Getting back to my first-paragraph question, Syberberg's whole hog is all way too much for me. But if this project sounds like something to tickle your fancy, then go for it. I won't recommend just staying away from this; you may find yourself heartily satisfied. Or if you need something to crack your Wagner barrier, try it...but please, please, don't stop here. ""Parsifal"" is in a late, very ripe league of its own.",0,3664
57,"For most younger viewers out there, they probably have no idea who Buster Keaton was. So, because of this, they probably won't feel nearly as sad when watching this film as I did. I happen to be a silent comedy freak--having see just about every Keaton film still in existence. My being a huge fan made this film very painful from start to finish. This is because during his silent days, Keaton was a very vibrant and creative comedian. He was amazing in his physicality and his films were almost never dull. However, in a move that movie historians still are baffled by, at the end of the silent era, Keaton gave up his independence and became a stock MGM actor. Instead of being a great creative force, MGM now saw Keaton solely as an actor--and they wrote scripts for him that had no respect for what made him great. At first, these films with MGM were not that bad (such as THE CAMERAMAN) but with talkies, the studio really blew it--putting him in several films with Jimmy Durante. Durante's humor was based on his gift for gab and was abrasive. Keaton, in contrast, was quiet and based on action. Two more unlike and incompatible actors would have been hard to find. As a result of this deadly combination, Keaton made some truly dreadful films.<br /><br />Now this isn't to say that SPEAK EASILY is a terrible film. No, instead it's just more of a time-passer and an amazingly unfunny one at that. In fact, if you go into the movie assuming it's a comedy, it will probably make the film harder to enjoy. Instead, it's sort of like a drama with a few comedic elements. It is NOT a film that will produce belly laughs--especially for Keaton fans.<br /><br />The film begins in an odd setting. Keaton is cast as a college professor whose entire life is teaching. He knows nothing of the world and has his nose stuck in his books. In a bizarre move, Keaton's servant tricks him into believing Keaton has received $750,000 from a dead relative--hoping that this would spur Keaton to get out and enjoy life. This is amazingly contrived but somehow it manages to work. Not terribly well, but it works.<br /><br />Keaton immediately leaves school and goes on a journey to New York to have some fun. On the way there, he meets up with an incredibly untalented theater troop. Because he knows nothing of the world, he doesn't seem to realize they stink. And, because he thinks he's rich, Keaton decides to take them all to New York to perform on Broadway. However, just before the show opens, his friends find out that Keaton is NOT rich. So, they decide not to tell Keaton and try to keep him away from process servers that want to close the show. They assume that if the show is a hit, then they can pay off the debts and everyone will be happy. However, they forget that the show itself stinks. What are they to do? And, will Keaton get the nice girl, get roped by a gold digger (Thelma Todd) or be flat broke and alone? If you care, see the film.<br /><br />As for Keaton, he has few stunts in the film, though there are some dandy ones near the end. Instead, Keaton just kind of walks through the part in a very subdued manner. There's really little to love about this film or hate. It's just blah....when it SHOULD have been a heck of a lot better.",0,3729
58,"When i first saw this film i thought it was going to be a good sasquatch film. Usually when you have these types of movies there's generally ONE sasquatch, but in this one there is like what? 7 or 10 of them?. Acting was good, plot was OK, i liked the scenes where the sasquatch is killing the first few victims, very good camera work. I was expecting it to be a gory film but it was very little. This movie was way better than Sasquatch. The SCI-FI channel really needs to make more sasquatch films, i mean i really liked Sasquatch Mountain, Abominibal was not good, the one i'm reviewing is OK, but the movie Sasquatch was not, but I'm not reviewing that so let me get back on track. This movie is good for a rainy Saterday afternoon, but for any other occasions, no.",0,3794
59,"I got a DVD of ""Bogeyman"" and this stunker was an extra feature. I assumed that it was ""Boogeyman II"" because it was paired with the original. But you know what they say about those who ""assume"": it makes an ""ass-"" out of ""u-"" and ""me."" I had read before viewing that BII contains a lot of footage from the original and that it starred actress Love. While watching ""Return of the Boogeyman,"" I decided to stick around through the original footage to see the notorious death-by-toothbrush scene. Before I knew it, the film was over. Rip-off. I think that I thought this was BII because this has a similar title to one of BII's alternate titles. Oh well, at least this was just an extra feature, right? <br /><br />Let me stop talking about my mistake and start talking about the movie's mistakes. Many, many, mistakes. Who does this guy Ulli Whatever think he is? Does he really think the same movie will sell in different forms. There is nothing original holding Part III up. It is basically a flashback of the original through the eyes of a psychic, who is giving us a gruelingly boring play-by-play as everything happens. That's the movie. Oh, and one death-by-stereo scene, but you can read that off someone else's review. My interest in ""Boogeyman II"" is forever lost.<br /><br />Final Note: This is not a series of films to watch back to back.",0,3859
60,"Many moons ago when I was seven years old, I can vaguely remember seeing a trailer for this movie. It appealed to my naive sense of curiosity and I decided to ask my parents to take me to this movie. Being the wise adults that they are, they told me ""Absolutely not! It's a bunch of trash."" Of course, I was very disappointed that I would not be the first kid on my block to see the ""Incredible Melting Man.""<br /><br />Little time passed - maybe a couple of days. I forgot about ""The Incredible Melting Man"" and my disappointment faded. Twenty-five years passed until it re-entered the forefront of my thoughts. While surfing through channels on digital cable, I found this long-lost relic of a movie. My curiosity was piqued and I decided to finally partake in this fruit forbidden by my parents. I should have listened to them. The ""Incredible Melting Man"" is perhaps the worst movie known to man. It makes movies such as ""Def-Con 4, ""Metalstorm"", and ""Freddie Got Fingered"" look like Oscar nominees. I feel violated for wasting almost two hours of my life watching this vile filth. The story was incoherent and the effects were crude even for 1977. How anyone convinced a film company to produce this movie beyond me.<br /><br />Don't make the same mistake that I did. Listen to your parents if they forbade you to watch this movie. They were right.",0,3924
61,"I'm a horror/gore movie freak and this flick was so bad, I felt embarrassed for not only the ""actors"", but also the director and the poor sap of a producer who actually put his money up for this schlock.<br /><br />From the title, you'd expect some great carnage, somewhat of a storyline and at LEAST some direction or dialog. Instead, you get what looks like a slightly more violent and sexual Three Stooges episode. At least I laugh at the Three Stooges. While watching this crap, I turned another TV on and started watching Howard Stern until something interesting happened.<br /><br />Needless to say, I kept watching Stern.<br /><br />Watching this ""film"" I realize that I could produce a film with three monkeys, 2 DV cameras, $50 dollars in loose change and a broken PC. This film is my inspiration to get into no-budget film making. Watch this movie if you dare, but be warned...there is a lot of nothing in here but a whole lot of talking and very little action. This makes ""KaZaam"" look like a Meryl Streep film.<br /><br />I'm sure Germany didn't ban it due to sex or violence. Other countries need to take heed.",0,3989
62,"When I first watched the show, the first few episodes seemed promising. Bill Compton introduced himself as the stereotypical ""mysterious"" vampire and Sookie presented herself as an independent woman. However, the show went downhill from here and the once interesting characters are as entertaining as a cardboard box.<br /><br />As the story progresses the main characters lose their original personalities, along with their acting abilities. By episode 5, Bill's furrowed eyebrows are so low that his face just consists of a forehead. Sookie, or rather the actress, is even more dead than her vampire lover. All these tragic events are surrounding her and she only reacts to how enjoyable it was losing her virginity. Personally, I think they made the main characters sleep with each other too early in the show. The way they teased each other was something that had me hooked and could easily be toyed with a bit more. As soon as Sookie loses it she struts around like a total ditz, only thinking of Bill's libido and the size of his appendage. Bill also loses his debonair attitude and well, he just gets plain silly. His actions are never really explained except he does it for Sookie. Why? Their love for each other is never delved into, if there is any love. So far it just seems to be sex that is the core of their relationship.<br /><br />Yeah, yeah, vampires usually equal sex but come on. Every five seconds I see some sort of humping going on. It wasn't that much of a surprise, since HBO always tries to pass of a soft core porno as a decent TV show. Bill popping out of the dirt and just getting it on with Sookie with no reason what's so ever? I laughed so hard I almost peed myself.<br /><br />The plot is just a stream of consciousness. The characters never go into detail about anything. All the events that happen are usually left unexplained. The only thing that is constant is the sex.<br /><br />The only thing I can say that I do like are the minor characters. Tara and her drunk mother are far more interesting than the major characters. The only reason why I continue to watch the show is for the development of the minor characters. <br /><br />Minus the sex and the main characters the show would be much more worthwhile.",0,4054
63,"What a horrible comedy. Totally lame. The supposed ""humor"" was simple and stupid. Stanly Tucci (a great actor) had the only parts worth chuckling at. And he was tied up and gagged at the time. Don't waste your time with this one. It deserves a 0/10.",0,4119
64,"I read the reviews before i watched this movie, and i didn't believe them. I love crap movies and i expected this one to be average. It wasn't. This film makes Camp Blood 1 and 2 look like greats. The film contains bad acting, poor sound, poor confusing storyline, bad makeup- and it bored me so much i turned it off. even the nudity was rubbish! Did they even have a budget for this film? I don't think they did. You can tell if your gonna like this film or not in the first 5 minutes. if u want a good cheesy gory film go watch toxic avenger 4 or even camp blood. Avoid this trash - I watched it on TV and felt riped off, so don't spend anything on it. The best part is probably the end.",0,4184
65,"Some amusing humor, some that falls flat, some decent acting, some that is quite atrocious. This movie is simply hit and miss, guaranteed to amuse 12 year old boys more than any other niche.<br /><br />The child actors in the movie are just unfunny. When you are making a family comedy, that does tend to be a problem. Beverly D'Angelo rises above the material to give a funny, and dare I say it, human performance in the midst of this mediocrity.",0,4249
66,"This is simply put, the worst movie I have ever seen. It ranges from like 2+ hours, and the box art was totally misleading. My friends and I rented it because, we thought it would be a poor man's 300. You know, to laugh at and make fun of. No. There is nothing funny about this movie, only pain. Then, the movie starts up, and they are speaking some sort of different language. We think, 'Oh its just the beginning.' But no, from there the movie plummets and becomes more of like a super boring book you had to read in grade school, where nothing literally happens for hours, and the battle scenes rival those of 2 kids fighting on a playground. Omit Cinematography, and this movie belongs in trash compactor. Movies like this will lead to the world we see in Wall-E, which by the way was a good movie.",0,4314
67,"I'm sure to people watching this move outside of Britian this film will be an entertaining watch, but for someone from the UK it's painful in it's errors.<br /><br />Right at the start of the film Elijah Wood gets off a tube at Bank station, which has been trashed. He says to his sister, who he's meeting, ""What happened here"" and she replies ""Oh Tottenham were in town yesterday""!!! Tottenham are in town already.. they're part of the town, they don't have to go there! And if Tottenham fans wanted to fight other fans the last place on earth they'd do it is Bank station, where there are probably more security cameras than anywhere else in the world.<br /><br />There are several other similar errors but the biggest failing for me is the actor who plays the lead hooligan. He clearly decided it wasn't worth trying to speak with an East End accent and instead opted for a Dick Van Dyke style mock-ney which made my ears bleed. It was accentuated by the fact the rest of his gang all spoke in the way you'd expect West Ham fans to speak. This error made him unbelievable in the role and really spoilt the film.",0,4379
68,"Oh man, I know what your thinking: ""With a title like that, I can't go wrong!"" Uh yes you can. I too, loved the title, but man I hated the stupid kid that played ""Satan's little helper"" I hated the mom too, and the sister/daughter, and her boyfriend - I hated all those people! Man, it was agony watching this sometimes! The ONLY reason this doesn't get 1/10 is becuz condsidering the low budget, they did OK. But oh man did I hate those actors, so stupid! I knew it was going to be bad, I guess they saved a lot of money on just using halloween masks for the killer, and the Jesus costume at the end was really stupid too. Oh the agony, do not watch!",0,4444
69,"""What the Bleep Do We Know!?"" was one of the worst times I have spent at the movies. It was less of a movie and more of an after school special, but at the same time nothing special at all. The attempt at a narrative in which they grounded their ideas was absolutely pathetic, which almost anyone will tell you. Marlee Matlin in her underwear just shouldn't happen. I won't dwell on it. What I will reveal is a criticism that many are unable to formulate. This movie, while tedious, also suffered a tremendous flaw in reasoning. It was horribly contradictory because it took such a manipulative, become a creator of your life, manifestation of abundance, shoeless piece of propaganda. Interconnectivity is explained as a large party of our existence. However, the movie encourages that we control our surroundings with our minds. It completely neglects that there are other people with minds that could be controlling us, which seems to be more the case. Or at least the structures in which we exist greatly limit us. In this way, the movie was inappropriately solipsistic. Solipsism and interconnectivity just don't mix unless you're God almighty. If you are, you will be impressed (?!?) by all the neat things this movie will reveal that You can do. If not, you will be sorely disappointed, a moron, or perhaps both. Also, the title is so ridiculous, I have trouble warning people not to see the movie because I feel retarded mentioning it by name. Shame on everyone involved.",0,4509
70,"The trouble with the book, ""Memoirs of a Geisha"" is that it had Japanese surfaces but underneath the surfaces it was all an American man's way of thinking. Reading the book is like watching a magnificent ballet with great music, sets, and costumes yet performed by barnyard animals dressed in those costumesso far from Japanese ways of thinking were the characters.<br /><br />The movie isn't about Japan or real geisha. It is a story about a few American men's mistaken ideas about Japan and geisha filtered through their own ignorance and misconceptions. So what is this movie if it isn't about Japan or geisha? Is it pure fantasy as so many people have said? Yes, but then why make it into an American fantasy?<br /><br />There were so many missed opportunities. Imagine a culture where there are no puritanical hang-ups, no connotations of sin about sex. Sex is natural and normal. How is sex handled in this movie? Right. Like it was dirty. The closest thing to a sex scene in the movie has Sayuri wrinkling up her nose and grimacing with distaste for five seconds as if the man trying to mount her had dropped a handful of cockroaches on her crotch. <br /><br />Does anyone actually enjoy sex in this movie? Nope. One character is said to be promiscuous but all we see is her pushing away her lover because it looks like she doesn't want to get caught doing something dirty. Such typical American puritanism has no place in a movie about Japanese geisha.<br /><br />Did Sayuri enjoy her first ravishing by some old codger after her cherry was auctioned off? Nope. She lies there like a cold slab of meat on a chopping block. Of course she isn't supposed to enjoy it. And that is what I mean about this movie. Why couldn't they have given her something to enjoy? Why does all the sex have to be sinful and wrong?<br /><br />Behind Mameha the Chairman was Sayuri's secret patron, and as such he was behind the auction of her virginity. He could have rigged the auction and won her himself. Nobu didn't even bid. So why did the Chairman let that old codger win her and, reeking of old-man stink, get his fingers all over her naked body? Would any woman ever really forgive a man for that?<br /><br />Let's try to make sense of this. By being behind Mameha the Chairman incurred debts for Sayuri's geisha training. In order to recoup his debts the Chairman had Sayuri sold to Dr. Crab. Through Mameha the Chairman sold Sayuri's sexual favors to that old geezer so that the Chairman could make some money out of her. The Chairman wasn't her patron. He was her pimp! Some romantic love story.<br /><br />Yes, the film is gorgeous but it is like the beauty of a very attractive, alluring transvestite whose voice, appearance and every touch are thrilling. But under that very feminine surface lies an ominous secret. Under the incorrectly appearing Japanese surface of the film lurks the ominous secret that the heart, soul, spirit and core of this film is entirely American and male. Not the best thing to be if it is trying to be other than a lie, distortion, and terribly wrong.<br /><br />Some contrasts between Japan and MOAG:<br /><br />Japanese style  Refined, elegant simplicity. MOAG style  Peking Opera.<br /><br />Japanese geisha  Hair swept up. MOAG geisha  Loose hair which surely must have gotten all gunked up in the thick paste of white makeup.<br /><br />Japanese shaved ice - Japanese are rather strict about seasonal observances. Shaved ice is strictly a summer treat. MOAG shaved ice - The Chairman buys Chiyo, the young Sayuri played by the marvelous Suzuka Ohgo, this treat during cherry-blossom-viewing season. The thought made my entire body shiver with cold.<br /><br />Japanese geisha  Trained and skilled entertainers. MOAG geisha - sluts.<br /><br />Japanese wind chime - Used in the summer because hearing the sound it makes, thanks to the breeze, Japanese people feel somehow cooler. MOAG wind chime - a door bell! If a person stood in front of another's house and made noises with a wind chime they would be considered a lunatic, not gain entrance.<br /><br />Japan  Emphasis on human relationships, group oriented. MOAG  ""I want a life that's mine"" American individualism.<br /><br />Japanese traditional dance  Refined elegance. An almost geometrical and mechanical precision. MOAG dance  Martha Graham freaking out on LSD while wearing a not-very-auspicious white Japanese funeral shroud. Performed by a geisha down a ramp in a place that looks like a strip club? Ha ha ha! Is a strip club where they did most of their research on geisha?<br /><br />Japan house fire  Setting or even letting a fire break out is worse than murder because it poses such a dire threat to the community. Fires can rip through those wooden villages, towns, and cities destroying hundreds or thousands of homes and killing as many people. MOAG house fire - Great adjunct to a fight scene but there are zero ramifications and because it is no longer needed the out-of-control fire miraculously puts itself out. Technically the movie ended here because at the very least Sayuri would have been ostracized and joined her sister among those never heard from again. Which is where both Arthur Golden and Rob Marshall should be exiled.<br /><br />Enough. The movie stinks.",0,4574
71,"My favorite memory of this show and the band was when I got together with a bunch of my friends which are NBB haters and had a big bonfire and we took a CD of their songs and the DVD of the movie and a bunch of pictures of the band members and threw them into the fire and danced a happy jig around the burning stuff while singing ""Ding Dong The Witch Is Dead"". That was the best thing about the show and this show is stupid with a capitol God this show sucks. I hate it so much. Get rid of the crappy car. You guys really suck! You really ruined the whole channel! No offence or anything but you guys need to get a life, I mean, really, who makes a stupid show with a stupid lead singer that can't even sing! You guys really sound horrible and need to get a life as hobos or something, except Roselina. She's really pretty. But still, you guys reak!",0,4639
72,"Hunters chase what they think is a man through the forest, though the audience sees he is a werewolf. The hunters never seem to realize this, because after they shoot him, he looks normal when they decapitate him.<br /><br />A doctor transplants the werewolf's eyes into a man who lost his own in a laboratory experiment. The man, Rich, gets to have sex with his nurse (Stephanie Beaton) before he even gets his bandages removed.<br /><br />After he leaves the hospital, he finds his wife has been cheating on him too. When a smoke machine sends clouds past an amateur painting of a moon (with a fake tree branch on the foreground), he turns into a werewolf! His torso grows larger, splitting his shirt, and he grows a giant werewolf mask on his head that has red lights in the eyes. His pants stay intact. The mouth chews unconvincingly, though some sort of robotics (or hidden hands) in the eyebrows give him a baleful look at times.<br /><br />Despite the poor werewolf costume, there is a fair amount of blood and gore, and those are fairly well done. There's even a pretty good decapitation later in the movie. However, when a man falls from a height, a rather bad dummy does the job.<br /><br />Rich has a friend named Siodmak who is some sort of occult expert, and he also accidentally stumbles across a small man with crutches named Androse who is also such an expert. They try to help him a little.<br /><br />Rich kills people who have done him wrong. A policewoman investigates the murders and tries to hit on Beaton, who doesn't much care for lesbian scenes so nothing comes of it.<br /><br />Quite cheap, but between the nudity and blood and gore, and a not-terrible story combining (sort of) The Most Dangerous Game with The Hands of Orlac and The Wolf Man, it's somewhat entertaining. Available on its own, or in the box set Scream Queens Vol. 1.",0,4704
73,"I rented this film on Netflix after it won all the Oscars, to see if it was really that good.<br /><br />The Hurt Locker is a very realistic portrayal (for the most part) of a group of soldier's rotation in Iraq. The film centers around Will James, a reckless soldier who gets his adrenaline fix from taking risks, and defusing bombs.<br /><br />Where this film seems to lack in my opinion is the Plot and Direction of the movie. This film has no clear plot unlike other films such as Black Hawk Down. What this film tries to do is focus more on the characters, and their different attitudes about the war. Bigelow does an okay job of focusing on the characters, but there are many points in the film where the dialogue seems to drag. Hurt Locker is 131 minutes long, yet it feels like a 3 hour movie.<br /><br />One scene in the movie that was particularly awful, and ruined the films perfect credibility, was the sniping scene halfway through the movie. It was both unrealistic, and very long.<br /><br />Overall, I thought this film was OKAY, but the reason I gave it a 6 instead of a 7, was because it was a major letdown for winning Best Picture at the Oscars. I felt like this film could have been so much better considering Saving Private Ryan lost Best Picture, but was much better than this film. Another notable mention is Black Hawk Down which only won 2 Oscars. I honestly do not know how this won best picture.<br /><br />If you are looking for an action packed war flick, rent Black Hawk Down. This film will be forgotten in a year or two.",0,4769
74,you can tell they spent 5$ making this.it is a waste of your time... ugh.. there is not anything remotely good about this movie... .. i don't know why i kept watching it.. the chick is not hot. horrid acting.. you could do anything and its a better use of your time.. like watching TV playing shitty video games.. i feel robbed. simply robbed.. of my time . i have never made a review for a movie before as you can probably tell but this movie i felt like i needed to save the poor souls that are about to watch it and looking on IMDb before to see if its decent and looking at the comments. -there was no action- -no hot chicks- -no budget- -shittttttttttttttty acting- it screams bad movie. ****the WHOLE movie is in a room.***,0,4834
75,"I cant believe some people actually like this. Yet still call themselves Batman fans. Even going as far as to say it's better than BTAS. Which it's not. It should be plagiarism for them to use Batman's name for this piece of crap. It's not Batman.<br /><br />The whole premise of the show is ''if you cant defeat someone get a bigger weapon to help you'' Batman isn't all about weapons. He uses his batarang and grappling hook and Batmobile, thats it. He doesn't come up with some new ingenious tech every time he cant beat someone. I don't know where the hell they got the idea for a Batbot. or whatever. They have ruined all the villains. Mr. Freeze has gone from a sympathetic scientist to a petty criminal who fell in some cryofreezing thing. Catwoman is now a 40 or 50 year old woman with a dumb costume. Penguin is now a ninja with a 50 ft. tall top hat. The Ventriloquist is now called Scarface making the Dummy the whole centerpiece for the character. They even got a dumb idea to make him a giant! wtf? and the two worst character changes are that of The Joker and Riddler. they have changed Riddler to a Gothic/retro teenage freak. and The Joker to an acrobat with dreads. He looks like a bob Marley wannabe. they have completely and utterly ruined batman even moreso than B&R did! i wish i could meet the creators and or writers and animators of this show so i could whack them in the head with a metal baseball bat.",0,4899
76,"they have sex with melons in Asia.<br /><br />okay. first, i doubted that, but after seeing the wayward cloud, i changed my mind and was finally convinced that they have sex with watermelons, with people dead or alive. no safe sex of course. the (terrifyingly ugly) leading man shoots it all into the lady's mouth after he did the dead lady. never heard of HIV? guess not.<br /><br />the rest of this movie is mainly boring, but also incredibly revolting. as a matter of fact, in parts it got so disgusting i couldn't take my virgin eyes off. sex with dead people! how gross is that? and what's the message behind it all? we need water, we need melons, we need to be dead to have sex? sorry, but this stinks!",0,4964
77,"I find it rather useless to comment on this ""movie"" for the simplest reason that it has nothing to comment upon.It's similar to a rotten egg which has nothing good to show to the world excerpt for the fact that it is rotten as other endless number of eggs have been before it. But since a comment is mandatory for such a grandiose insignificance ... <br /><br />Filth is definitely the proper word to describe this movie created in the same manner as any other Romanian ""movie"" directed by Lucian Pintilie who insists to depict the so called ""Romanian reality"" following the Communist era (1990 to present days).<br /><br />Under no circumstances recommended for people outside Romania as for the others (who lately find amateurish camera, lack of plot, lack of directorial / actors's quality etc, noise etc. as being trendy and even art-like) : watch & enjoy this ""movie"" (as I know you will) but do the other well intentioned IMDb members a favor, don't write an online review for it will misguide, irritate and in the end waste their time.<br /><br />On the other hand this movie (among others) has some value whatsoever, an educational one for it sets the example for : ""How NOT to make a movie.""",0,5029
78,"I rented this film just to see Amber Benson, though after reading the box I thought it sounded like a good story.....however the first problem was that there really wasn't a story...or actually there was a story but it made absolutely no sense. The second problem was there was no set up for these characters...yes I got that they all went to school together, but within the first 3 minutes of the film you realized they had nothing else in common and didn't like each other...so why did they keep getting together. Flaw number 3...the director though long pauses and tight camera shots equaled suspense (especially with the typical suspense music dubbed in)...he was sadly mistaken. It was painful to watch a terrific actress like Amber Benson waste time trying to bring this back to life....my only hope is the money she made here was put toward producing her own film.",0,5094
79,"Ok so I was bored and I watched it all the way through.<br /><br />This film is mild, inoffensive and lacklustre. The story is so sugary it rots your teeth on the opening titles. A tail of two 'traumatised' children learning about 'God' the fairy story way which frankly left me rather traumatised. It uses the Irish 'blarney' in such a stereotypical way one hopes no true Irish ever see it. Aimed at children who frankly would switch off after the first attempt at an 'OIRISH' accent. All in all why do they pump these out.",0,5159
80,"The orange tone to everything was just yucky. Oh yeah, the main character lives in a ghetto that is all orange-tinted with orange-tinted people. Meanwhile, to mentally escape from this crushing poverty of the body, she plays a full-immersion video game (which sucks in that no rules are clear and no logic follows the gameplay). She apparently earns an income playing the game but she is revealed to not be an employee of the game company?. Lots of non-speaking pauses later the story drags on slowly. She uses a glitchy orange computer interface with an operating interface that is so visually annoying and I can only suspect a Microsoft future release.<br /><br />Meanwhile, I the viewer, ask basically why she is wasting her precious time in some moronic game when she barely has the necessities of life? Oh yeah, playing games is fun, but what is the point when you're almost starving? While she is piddling her life away playing some lousy even-more-orange-tinted lame full-immersion video game her dog runs off (probably looking for an owner who pays at least a moment of attention to it and feeds it regularly) or is stolen from the woman (while she is ignoring her lousy orange-tinted reality).<br /><br />Meanwhile she obsesses over some game her game-playing team lost the entire uninteresting movie. Yawn. So she wants to be the best of the best, go get them Ash Catchem (got to bore us all). Golly, this main character sucks as a human being as well and has no redeeming qualities aside from her physical beauty (which she could barter for some manner to escape her crushing poverty).<br /><br />So she reaches the ""Real"" level and it, at least, not sucks horribly and she is sent to kill a former comatose teammate mentally living in the ""Real"" level. Finally the sucky boring bland orange-tinted movie is no longer a tedious chore to watch, but has the potential to say something along the lines ""the main character is trapped in imaginary computer-generated poverty and she is actually in the real world now"". Perhaps she will do the murder deed and live in the real world now? Well, she kills the guy and he vanishes in a digital effect. Wow! Thanks idiotic director. You suck, you suck so very much, director.<br /><br />Here the director had an iota of a chance to redeem himself slightly by burying this lousy lame moronic cruddy movie with a philosophical twist.<br /><br />The director could have said, ""The REAL WORLD is there and if you live in it and contribute to it to make it better, it won't be some cruddy orange-tinted poverty land."" A clever way to make this suck-tacular movie a agonizingly slow lesson on basic civic pride (for the 1% of the viewers that haven't found something actually entertaining to watch at this point or are movie-masochists).<br /><br />Nope, director. The director had to screw this all up by tossing in some cruddy digital effect and ruin all chances of redemption for this awfully lousy movie which was a waste of money, a waste of time, and a waste of viewer trust.<br /><br />After that, it ends. Good riddance. I hope the director chokes on it. I'm putting this HACK on my ""avoid at all costs"" list for any other films his name is attached to.",0,5224
81,"It's been a looooonnnggg time since I saw this comedy, and I'd forgotten just how idiotic it is. I'd place this easily in the lower two or three of Elvis Presley's very worst movies. Presley plays Joe Whitecloud, a half-breed Indian bull rider who returns home to Arizona and the broken-down shack where his family lives, and where his friends love to party all night long. His parents are played by Burgess Meredith and Katy Jurado, and his old Indian grandpa is Thomas Gomez. None of the three offer anything of substance , comically or otherwise. The government has invested in the family's cattle, but they're lacking a bull. Elvis gets to sing just a few utterly worthless songs, and is pursued by a young boy-crazy gal and her gun-toting mother. This is just a real slapdash of a mess, and the dilapidated surroundings practically stink of manure and don't make this much easier. The one thing that puzzles me, however, is that Elvis actually seems to be having a good time in the film. Hard to believe, considering he got so upset about being stuck making so many mediocre movies.",0,5289
82,"What starts out as an interesting story quickly disintegrates into nothing. Don't bother watching to the end hoping for an explanation of what is stalking the visitors, there is no ending. No explanation, no resolution, zip. This could have been a good movie it they had purchased an entire script.",0,5354
83,"Like all cult TV shows, there is a group of people who love The Twilight Zone so much that they rate practically every episode like they are the greatest shows EVER. While several of them are indeed wonderful classics, the truth is for every great episode, there were several that were mediocre and at least one that stank. However, like die-hard Trekkies, these Zone lovers insist that all of them are gold. In fact, this is what initially got me to review some individual episodes of a couple cult series instead of the movies I usually watch.<br /><br />While this isn't the worst episode ever made nor is it among the very worst, it is poor by any reasonable standard. A widow watches a long procession of Civil War soldiers going past her home. In the end, a very unexpected twist is revealed and there isn't a whole lot of excitement or suspense here.",0,5419
84,"I've read comments that you shouldn't watch this film if you're looking for stirring Shakespearian dialogue. This is true, unfortunately, because all the stirring dialogue, this wonderful play contains, has been cut, and replaced with songs. I've read this play, and recently was lucky enough to see it performed, at it remains one of my favourite Shakespearian Comedies, but this movie seems to take all that I like about it away. The Princess, though no doubt doing what she was directed to do, had no regal bearing, and all the girls seemed to lose the cleverness of their characters - also affected by unwise cuts, which not only took away the female characters already sparse dialogue, but took comments out of context - it was a little unnerving to hear the Princess proclaim; ""We are wise girls to mock our lovers so!"", when mocking had not taken place at all. The news reels throughout the film also disrupted the flow, and took away many excellent scenes, as they showed the information in the scenes after them, and were in modern phrasing. In conclusion, an excellent play, ruined by an odd concept, and unwise cuts. Kenneth, I usually love what you do. What were you thinking?",0,5484
85,"In addition to his ""Tarzan"" series, the prolific Edgar Rice Burroughs did write many other books, although, aside from the popular ""At the Earth's Core"", few of these have been filmed. One exception is the novel entitled ""The Lad and the Lion"", brought to the screen as ""The Lion Man"" (1936), an over-talkative, static, old-hat, slow-moving and rather dull movie, despite being filmed on real desert locations. Actually ""movie"" is the wrong word. The narrative doesn't move but proceeds at a snail's pace in an abrupt series of jerks. For instance, at least five characters are given elaborate opening scenes and then just disappear. Even more frustrating for the keen movie fan, are the characters who make an impression of sorts (like the lass who plies Hall with drugged wine) but are enacted by players who are not credited! The credited thespians generally come off worse than the unknowns. One exception is Australian actress Finis Barton who gives a good account of the kidnapped harem girl who rescues young Master Fairy. Admittedly, most of the cast are saddled with atrocious King James dialogue which has to be heard to be believed! But the way to play this rubbish is tongue-in-cheek, a stratagem which does not seem to have occurred to a single one of the film's roster of no-talent players. Maybe director J.P. McCarthy scotched that idea. Anyway, it's sad to see the lovely Kathleen Burke forced to trade lines with the likes of Richard Carlyle (her dad) and Jon Hall (her suitor). Admittedly, Mr Hall delivers his lines with marginally more conviction than Mr Carlyle, but that is no recommendation.",0,5549
86,"I have been searching for the right words to describe this film. At first I was inclined to simply skip to more significant matters, as the film does not rise to a level deserving comment.<br /><br />Yet, I stopped, puzzled as to how to describe such stuff and somewhat intrigued by the challenge presented by the question: ""What can one say about such a film?"" Rubbish? No, its not rubbish, rubbish can be recycled into something useful. Greenhouse gas? No, its not greenhouse gas, greenhouse gases help plants grow large and healthy.<br /><br />Finally, I struck on ""Not even bad,"" a rework of the phrase ""Not even wrong"" used sometimes in theoretical physics to describe a theory that is hopelessly flawed and not even worthy of correction. That's it then, Georgia Rule: Not even bad.",0,5614
87,"There's nothing worse than renting an Asian movie and getting an American movie experience instead.<br /><br />It's only my opinion, but a good thriller is dependent upon the establishment of likable, intelligent characters. As far as likability is concerned, the protagonists in Say Yes are a quaint married couple. Nicely done. Unfortunately, they are stupid beyond belief. Let us count the ways they mishandle being terrorized by a stalker.<br /><br />1. After a hitchhiker threatens to kill you, be sure to tell him what hotel you're staying at when you drop him off.<br /><br />2. Beat the hell out of the stalker in broad daylight and in front of dozens of witnesses, thereby allowing him to press charges of assault.<br /><br />3. Don't bother telling the police about the stalker and simply assume (for no apparently good reason) that the cops were bribed by him.<br /><br />4. While trying to escape, let your lady out of your sight as much as possible to ensure that the stalker kidnaps her.<br /><br />5. After getting help from someone to find the stalker after kidnapping your wife, be sure to send them away as soon as possible so you can face him one-on-one. No point in being unfair, right? <br /><br />Now, I'd never expect that any person would be immune to making a few mistakes under these stressful conditions, but the characters in Say Yes are so dense and make so many unbelievable mistakes that it's effectively impossible for the viewer to care about their safety, since they are victims of their own doing. This kills the enjoyability of the entire film. <br /><br />In case you were wondering, the scriptwriters didn't stop with dim-witted characters. Since they themselves are surely dim-witted for writing this crapfest, they decided to make situations so absurdly unrealistic that all sense of reality goes out the window.<br /><br />1. The stalker kills a cop inside a police station  while the protagonist is asleep no more than ten feet away.<br /><br />2. The stalker engages in all sorts of dubious activities in broad daylight and around tons of people, yet no one other than the married couple seems to notice his odd behavior.<br /><br />3. The stalker survives an absurd amount of violence that would have killed any human being.<br /><br />4. The ""suspense"" scenes had no imagination whatsoever. In fact, some scenes were direct rip-offs from American movies.<br /><br />The only positive is the decapitation near the end, which was a pretty brutal scene since it was inflicted upon the wife. It's too bad the filmmakers followed it up with an outrageously stupid ending that comes out of left field.<br /><br />Truly, the Koreans behind the making of Say Yes should be ashamed of themselves. Better yet, they should just move to California and take employment with people who make movies with a similar disregard for quality and intelligence.",0,5679
88,"Boston legal has turned its tail and is headed for the barn door and th pig slop it has created! When this show first aired almost four season back it was a humorous slap at the legal system which all actors seem to take pride in portraying. It was funny, diversified, and to some extent factual. The characters portrayed were acceptable and to an extent real in their portrayals. The sexual comment and activity were limited and humorous. Julie Bowen is and was beautiful as in other series she participated but is now dragged to the lower depths of Media programming of sex and violence. Julie is an excellent actress and needs a more stable platform than this ""production"". Rene Adjurdubois Is an excellent actor who has from the days of ""Benson"" to this production held his own in the field of entertainment, always showing the humor and respectful acting of the production. Captain Kirk ""is"". Funny and humorous is Candace Bergan and is to be admired for her continuing in this production and is a good actress. James Spader, there is no doubt in his acting ability, however he should go back to his XXX origins such as ""Crash"" as it appears he has much talent and inclination in that direction. We ask that this series be trashed as it already is and its really starting to smell!!!",0,5744
89,"Winter Kills is a terrible, incoherent and very disappointing conspiracy comedy-thriller from little-known director William Richert. While watching the film, I honestly felt as if I was the emperor in the classic fable The Emperor's New Clothes. The film made me feel like a fool because I couldn't make head nor tail of the serpentine plot and the nonsensical characters. But I felt kind of embarrassed to admit to myself that the film was tying my brain up in knots. So I stuck with it to the end, hoping that the whole tangled mess would untangle itself. Then I realised.... the film is SUPPOSED to be serpentine, nonsensical and illogical, because that's the whole point. This is a satirical look at conspiracy theories and theorists, with the knotting-up of the plot used as a metaphor for the knotting-up of truths, half-truths and lies that define any conspiracy. Even when I got that the joke was on me, I still felt Winter Kills to be a pretty awful movie.<br /><br />Young Nick Kegan (Jeff Bridges) is the younger brother of a former United States President who was assassinated in Philadelphia. Nick is present when a dying man claims that he shot the President and gives detailed information about where he hid the gun. Nick follows the clues, but every step of the way the people helping him seem to die in mysterious circumstances. Also, his father Pa Kegan (John Huston), a vulgar and disgustingly wealthy businessman, keeps interfering with Nick's investigation. The deeper he delves into the assassination, the more Nick realises that he is descending into a web of complex lies and red herrings, where nothing is as it seems and no-one can be trusted.<br /><br />The film is an utter nightmare to follow, and in many ways is not worth trying to follow for the afore-mentioned reason that it deliberately tangles itself up. The cast is packed with extraordinary talent but most of them are wasted. Toshiro Mifune has one of the briefest and most pointless cameo roles in cinematic history; Elizabeth Taylor appears uncredited and has not a single line of dialogue; Richard Boone is given what seems to be an interesting role but his character goes nowhere. John Huston has the best role as the powerful patriarch and provides us with the film's few enjoyable moments with his acerbic delivery. Anthony Perkins also gets a creepy role and handles it well, though his screen time is far too short to do complete justice to the character. Some nudity and sex scenes are tossed in for no real reason and, while they're quite graphic and might appeal to voyeurs, they really belong in another film. The film's semi-comic climax is farcical and disappointing, yet paradoxically memorable in its weird little way. There's obviously a cult audience out there somewhere for Winter Kills.... but I won't be counting myself among its number.",0,5809
90,"This movie is a modest effort by Spike Lee. He is capable of much more than this movie.Get on the Bus while apparenly anti racist, does nothing but berate whites and degrade the black status quo. The plot of this movie is about a group of black men who travel on a bus to Louis Farrakhan's million man march. The bus has every type of person you could imagine:gay, muslim, gangbanger and the Uncle Tom(He is thrown off the bus though). There was one only white person on the bus. He was accused of being a racist the minute he got on the bus to drive. Despite him being a jew and the fact that he explained is situation he ended up being a racist and leaving the bus.I hate to say it but films like this need to realize their own hipocracy and rienforcation of steryotypes. This should not be seen as a triumph but a sad dissapointment. You may think I am a racist for writing this but I mean well. Better luck next time Spike.",0,5874
91,"In 1454, in France, the sorcerer Alaric de Marnac (Paul Naschy) is decapitated and his mistress Mabille De Lancré (Helga Liné) is tortured to death accused of witchcraft, vampirism and lycanthropy. Before they die, they curse the next generations of their executioners. In the present days (in the 70's), Hugo de Marnac (Paul Naschy) and Sylvia (Betsabé Ruiz) and their friends Maurice Roland (Vic Winner) and his beloved Paula (Cristina Suriani) go to a séance session, where they evoke the spirit of Alaric de Marnac. They decide to travel to the Villas de Sade, a real estate of Hugo's family in the countryside, to seek a monastery with a hidden treasure. They find Alaric's head and the fiend possesses them, bringing Mabille back to life and executing the locals in gore sacrifices. After the death of her father, Elvira (Emma Cohen) recalls that he has the Thor's Hammer amulet hidden in a well; together with Maurice, they try to defeat the demoniac Alaric de Marnac and Mabille.<br /><br />Last weekend I bought a box of horror genre with five DVDs of Paul Naschy per US$ 9.98; despite of having no references, I decided to take the chance. The first DVD with the uncut and restored version ""Horror Rises from the Tomb"" is a trash B (or C) movie that immediately made me recall Ed Wood. The ridiculous story is disclosed through awful screenplay, direction, performances, cinematography, decoration, special effects and edition and with lots of naked women. The result is simply hilarious and I can guarantee that Ed Wood's style is back. My vote is three.<br /><br />Title (Brazil): Not Available",0,5939
92,"Young and attractive Japanese people are getting on the wrong side of some curse again, this time it involves mobile phones. Various people die until the disgruntled spirit behind it all is unearthed, so essentially if you've seen more than 2 recent Japanese horror films you can plot this film in the dark with your hands tied.<br /><br />The main attraction here is the fact that Takashi Miike is behind the camera. So far I've been more impressed with his low key works like City of Lost Souls, however as One Missed Call plodded along I was yearning for his more renowned envelope pushing of Dead or Alive or the overly pseudo-Cronenberg style of Audition. Despite a lot of his films being essentially empty, at least they do have merits such as these, or at least something to keep your attention like Tadanobu Asano prancing about in shiny suits impersonating Johnny Depp. There's none of that in One Missed Call; there's just very little of credit: the acting is bland and average, there is very little (nothing, in all honesty) in the way of scares or suspense, and in places it's just downright boring.<br /><br />However, there are moments where Miike's glacier-like sense of humour seeps through the bland commercialism; most notably with the instance of the TV show intent on filming the demise of one of the cursed subjects, and the TV programmer more concerned about his ratings than the girls' life. But aside from this there is nothing to suggest it is Miike behind the camera; most notably his usual visual flair has vanished without a trace (and that includes his famous gore), although it's more likely he just didn't have any enthusiasm for the project, and I can understand why. One Missed Call isn't offensively bad. It's just frustratingly average.<br /><br />Miike obviously loves directing. With his huge yearly output it's obvious he isn't going to be 100% concerned about all his projects. But even with this in mind, One Missed Call felt like he was just paying the bills.",0,6004
93,"I bought this movie exciting a gloriously gratuitous, over the top, entertaining bloodbath. I got none of them. This film fails on practically every level, not in the least frightening, or funny, it is simply terrible film-making, and never provides the audience with anything worth seeing. What is so bad about it is that far from being as raw, violent and brutal as it had promised to be, there is very little violence at all. Virtually no blood shed, and no excitement whatsoever. Acting, direction and dialogue is absolutely unbearable. Honestly, it is truly laughable. I could hardly sit through this total garbage once; I certainly will never want to watch it again. Don't waste your time with a waste of celluloid like this; it is truly possibly the worst film ever made. If I could give it minus stars, I would.",0,6069
94,"*review may contain spoilers*<br /><br />predictable, campy, bad special effects. it has a TV-movie feeling to it. the idea of the UN as being taken over by Satan is an interesting twist to the end of the world according to the bible. the premise is interesting, but its excution falls waaaay short. if you want to convert people to Christianity with a film like this, at least make it a quality one! i was seriously checking my watch while watching this piece of dreck. can't say much else about this film since i saw it over a year ago, and there isn't really much to say about this film other than.....skip it!",0,6134
95,"I seriously can't believe Tim Burton and Timur Bekmambetov, two people I LOVE, signed on to produce this crap. Tim Burton is a brilliant director, but to be honest I've been losing interest in him for a while since his last few movies were either remakes or adaptations. He did produce the brilliant ""Nightmare Before Christmas"", which is one I've watched multiple times, and directed movies like ""Beetlejuice"" and ""Sleepy Hollow"", which are awesome films. Bekmambetov directed 3 films that I LOVE: Night Watch, Day Watch, and Wanted. I've only seen those three of his, but they prove he's an awesome director.<br /><br />Those two people producing one of the many reasons I was excited to see 9. So today I went to go see it at the theatre. I was so excited to finally have seen it. I had waited 7 months for the movie to come out.<br /><br />This movie is the first time I've walked out of a Tim Burton-related movie and said ""I enjoyed almost NONE of that"". I felt heartbroken to even have felt that way. I mean, with him and Bekmambetov at the production helm you'd have expected this movie to be a good watch. Right now I still can't get over how let down I was by this movie. I hadn't even heard of the original short film before seeing it but now, I can successfully say that this movie should have remained a short movie. Hell, Neil Blomkamp made an AWESOME full length remake of Alive in Joburg entitled District 9, what was so hard to get right about 9??? I really wanted to think this movie was awesome. I really did. But no, it failed on so many levels.<br /><br />The plot was extremely confusing and disjointed. I had no idea what was going on, let alone what it was about. Basically it's about a bunch of rag doll robots trying to save the earth. Well, OK, that's what I got from it. But the writing here is extremely poor. The whole film jumps around like a 6 year old with A.D.D. telling a story. There's this big, giant clanky monster robot that 9 awakens, causing destruction and stuff. That's the main villain. However, what else is wrong with this movie is that EVERYTHING COMES OUT OF NOWHERE. There were too many monster robots, most of which have no logical explanation behind them. They have 0 development whatsoever. I mean, that flying pterodactyl like monster just rips out of nowhere, we have no idea where it comes out of and Acker just expects us to know what it is. What was even more retarded was that snake-like creature with the strobing eyes that hypnotize. I dare you to give that description to someone else out loud and expect them not to laugh. All of the 3 people I told about it burst out laughing. Oh and it wraps victims up and sews them inside it. I'M. NOT. KIDDING.<br /><br />The twist in Act III is the most retarded aspect of the whole movie. So basically 9 goes back to the room he woke up in, finds this box with a hologram from the scientist in it for 9, and he tells him that the big scary machine robot was designed to bring robot life to earth, but then evil humans use it for war, and it was supposed to help protect the earth, but then the scientist gave his life to 9 so that it could help protect the world with it. And HE ONLY MENTIONS GIVING HIS LIFE TO 9. But what about the other robots? WHO GAVE THEIR LIVES TO THEM???????? This is the perfect example of poor, rushed writing. There's only one of the life taking device thingy that exists so how did the other 8 get life given to them??????? The characters are not likable at all either. They risk their lives for no reason at all. The only good character is 7. 6 annoyed me with his ""GO BACK TO THE SOURCE!!!!!!"" ramblings, 1 is an overpowering idiot, 2 we don't know ANYTHING about, 5 kept annoying me with his ""Are you sure..."" or ""Can I stay here instead...?"" questions. And that ending? UGH. I'm glad I'm not the only one who thinks that the ending was a huge WTF moment.<br /><br />There's nothing redeeming about this turd except for its beautiful animation. Everything looks realistic and beautiful, I love the gloomy and depressing look of everything. However, beauty can't save a good movie.<br /><br />While it's true that this movie is very pretty looking, pretty is as pretty does, and 9 does squat. I'm sure Burton fans will be flocking to the theatre to see this movie without a doubt, in fact with his and Bekmambetov's names being thrown around the promos, people will be flocking to the theatre to see this movie. I know I may be making a big deal out of nothing, but watching this movie made me realize how much I hate movies with unlikeable characters, nonexistent plot and just pure style over content. And this movie is one of those movies.",0,6199
96,"When many people say it's the ""worst movie I've ever seen"", they tend to say that about virtually any movie they didn't like. However, of the nearly 700 movies I can remember ever seeing this one is one of two that I walked away from feeling personally insulted and angry. This is my first movie review, by the way, and I registered with IMDb just to rave at this movie's badness. I went to see it when it was in the theaters (myself and my two buddies were 3 of 5 people there), and after 15 years I can't remember very many specifics, but my attitude upon leaving the theater is still crystal clear.<br /><br />---Spoiler alert---<br /><br />Oh my, where to begin. Fat loser left at altar, goes on ski weekend, meets blonde bombshell who takes an interest in him, takes him home to meet the family, they're all cannibals and he's the main course, pathetic attempt at a dramatic escape, kicks all their butts and runs off with the brother's girlfriend, they live happily ever after. Puke. Firstly, the gags are so bad that it took me a while to understand that they were trying to be FUNNY, and that this was a COMEDY. The special effects, what few there are, look like they were done 15 years earlier. The big dramatic ending was so hokey and poorly acted that it was nearly unbearable to watch (he knocks out the entire cannibal family with rakes laying in the lawn, that stand up Tom and Jerry style when they step on them). I'm sure that there's much, much more, but I have no intention on seeing it again for a refresher.",0,6264
97,"Perhaps I'm not a sophisticate. This and Closer are two of the more supposedly cerebral films I've seen recently, and both suffer from exactly the same problem to an excruciating extent. The dialogue is false false false. Nothing that comes out of anyone's mouth seems remotely believable. Perhaps the way this film is set up that's the way it's supposed to feel, but it was unwatchable. And boring. I walked out after 20 minutes of tedium.<br /><br />I'll stick with Sleeper and Bananas for my Woody Allen fix. If I ever come across this on the teevee, I'll turn over and try to find an episode of Quincy instead.",0,6329
98,"You gotta wonder how some flics ever get made... this one decided to skip with the why among many other things and just wanders off beyond the moot. <br /><br />And yet you have a number of decent actors doing their best to pump some life into the story. The blue tint throughout the movie overshoots into 'yet again', which on its own would be depressing but here it's overkill. The idea that it's not a medical condition, not some house or gypsy or trinket curse but just something that for no apparent reason starts to happen to our protagonist and then to everyone else around her, just winds up being much like taking a big swig out of an empty mug. Some doppelgangers have super powers but others don't or don't know they do? It seems they're just as clueless as we are.<br /><br />It's a poor man's rip-off of ""Invasion of the Body-Snatchers"" with Keifer Sutherland's ""Mirror"" and ""The Sixth Sense"", were you to seriously botch those three together.",0,6394
99,"When I was younger, I thought the first film was really good in childhood, so I decided to see the sequel. This is an example of why some films shouldn't have sequels, because the first film is usually best, and it is. Basically now that Ariel and Eric are married they have a daughter who isn't allowed outside the house because they are worried about the sister of Ursula (the octopus legged villain from film one), Morgana getting to her. When the kid gets out she asks Ursula's sister to turn her into a mermaid, like her Mum was. This makes Ariel go back to the sea to find her. The same good voice artists, it's just the story that could have had a bit more thought. Adequate!",0,6459
100,"Spoilers... if such a thing is possible... . . . . . . . As a rabid Robin Williams fan, I felt it necessary to buy this film as first on-screen appearance. Wow... I could not imagine a more mind-numbing movie. Essentially, the movie takes one bad joke after another that your uncle Artie would tell you after dinner and dramatizes them. Robin Williams plays a lawyer in a 30 sec skit.<br /><br />I'm all for bawdy humor, but this humor wasn't pleasantly vulgar, or ribald... it was just mind-numbing. There are no redeeming qualities to this film, other than Robin Williams fanatics, like me, who simply have to own every piece of film.",0,6524
101,"I put this movie on in the hotel room to entertain my children the morning we were leaving to go home, because I had packed away all their toys. (Toddlers don't like to watch ""Regis and KAthie Lee"" or ""The View."") My four year old found one scene funny, but told me the rest of it was ""too silly."" This is a FOUR YEAR OLD, folks. Anyone over the age of, say, nine will want to kill their television rather than let this one play itself out.<br /><br />To say this movie is bad is like saying the Holocaust was a little mistake. There are no words for how ridiculous and utterly terrible this ""film"" truly is. The acting is bad, the plot is stupid, and the script is pathetically unfunny. Since this is supposed to be a comedy, the fact that you cannot even laugh at the badness of the movie makes it even worse. Bronson ""Balki"" Pinchot is the worst with some weird fake accent (Irish-Pakistani-Bronx-Cockney-Cajun as far as I could tell), but all the characters are awful. I haven't watched a real Laurel and Hardy film in ages, but I KNOW that they HAD to be way better than this. What is the point of ruining a classic comic duo with... this?<br /><br />Bottom line: derivative garbage. Avoid at all costs unless you have some freaky Bronson Pinchot fetish. 2/10",0,6589
102,"**Possible Spoilers Ahead**<br /><br />Gerald Mohr, a busy B-movie actor during the Forties and Fifties, leads an expedition to Mars. Before we get to the Red Planet we're entertained by romantic patter between Mohr and scientist Nora Hayden; resident doofus Jack Kruschen; and the sight of Les Tremayne as another scientist sporting a billy-goat beard. The Martian exteriors feature fake backdrops and tints ranging from red to pink-the ""Cinemagic"" process touted in the ads. Real cool monsters include a giant amoeba, a three-eyed insect creature, an oversized Venus Fly-Trap, and the unforgettable rat/bat/spider. The whole bizarre adventure is recalled by survivor Hayden under the influence of hypnotic drugs. THE ANGRY RED PLANET reportedly has quite a cult following, and it probably picked up most of its adherents during the psychedelic Sixties.",0,6654
103,"A pointless movie with nothing but gratuitous violence. The only fun I had was playing ""spot the location"", as much of it was filmed in my home town of Regina, Saskatchewan. I like to support locally produced films but this one was a major disappointment.",0,6719
104,"This gets a two because I liked it as a kid, but it became so redundant that I just started to hate it... I can't give this a descriptive review because it would be restating one thing after the other, I probably wouldn't say anything that everyone else didn't say already.<br /><br />The only other thing about this show is that it's pretty nasty, with the kid with the boil to that twisted babysitter to the stupidity that runs around and about in it. I have a cousin that loves this show and he's the strangest and dumbest person I have met. This show should be pulled from the air. It's always the same thing over and over... They need to put better shows on Nick. I'm getting really really tired of stuff like this.",0,6784
105,"This was one film i wanted to watch always when it released The promos were eye catching and Govinda in a negative role was a surprise<br /><br />But the film isn't that good<br /><br />It has lot of flaws<br /><br />The start is good and till the murder everything goes well but the film falls flat when the romance track starts between Govinda and Karisma and the songs that follow<br /><br />Then the twist about Govinda and Tabu being in love leaves more doubts and flaws and then How come Govinda turns into a rich criminal from a poor villager?<br /><br />The last flashback too is prolonged and also the entire clash between Govinda-Karisma and Tabu<br /><br />N Chandra disappoints Music is okay, Bahot Khoobsurat stands out<br /><br />Govinda tries a negative role and does very well in it though he overdoes it too much at times Karisma is good but irritates at times with her cries Tabu is okay Nirmal Pandey still doesn't know the difference between loud screaming and acting rest are okay",0,6849
106,"Ah yes the 1980s , a time of Reaganomics and Sly , Chuck and a host of other action stars hiding in a remote jungle blowing away commies . At the time I couldn`t believe how movies like RAMBO , MISSING IN ACTION and UNCOMMON VALOR ( And who can forget the ridiculous RED DAWN ? ) made money at the box office , they`re turgid action crap fests with a rather off putting right wing agenda and they have dated very badly . TROMA`S WAR is a tongue in cheek take on these type of movies but you`ve got to ask yourself did they need spoofing in the first place ? Of course not . TROMA`S WAR lacks any sort of sophistication - though it does make the point that there`s no real difference between right wing tyrants and left wing ones - and sometimes feels more like a grade z movie than a send up . Maybe it is ?",0,6914
107,"Never even knew this movie existed until I found an old VHS copy of it, hidden deep in my dusty horror closet. The title on the box said ""Insect"" and the illustrations on the back made clear that it is just another insignificant and poorly produced 80's horror movie. They can surely be fun, of course, as long as don't expect an intelligent scenario and as long as you're not irritated by seeing a giant amount of cheesy make-up effects. Just about every important aspect that makes a horror movie worthy viewing is substandard here in ""Blue Monkey""! The plot is ridiculous and highly unoriginal, the acting performances are painful to observe and there's a total lack of suspense. Following the always-popular trend of ""big-bug"" movies, ""Blue Monkey"" handles about a new and unknown insect species that wipes out the doctors and patients of a remote hospital. The makers couldn't be more evasive about the actual origin of this gigantically over-sized critter! All we know is that it's not from outer space and it initially crawled out of a tropical plant. Other than this, there's absolutely no explanation for where this new type of insect all of a sudden comes from! Like I said, don't get your hopes up for an intelligent screenplay. The first half of the film is entertaining enough, with some nice gore and the introduction of a couple deranged characters (an 80-year-old blind and alcoholic lady!) but the second half (when the entire hospital is put to quarantine) is dreadfully boring. It is also near the end that ""Blue Monkey"" begins to exaggeratedly rip-off older (and better) films. Approaching the climax, they apparently ran out of budget as well, since the lighting becomes very poor and the guy in the monster suit isn't very well camouflaged anymore. ""Blue Monkey"" is worth a peek in case you're really bored or if you really want to see every 80's horror movie ever made. Fans of B-cinema may recognize John Vernon (""Killer Klowns from Outer Space"", ""Curtains"") in the small and meaningless role of Roger, who's in charge of the clinic.",0,6979
108,"This movie is more deceiving than ever, using a suspenseful looking actor like Walken to play in this piece of junk made it look like he had nothing better to do than play a boring role like this one! And the fact that the movie was supposed to be about some witch and you really don't see that until almost the end of the movie but meanwhile you have to sit and watch this boring film while it gets, or tries to get to the meaning of the point and you have to go through this whole trail of boring actors and actresses thinking the whole time of how you passed off another movie and decided on this one and how you have just waisted your money just makes the whole point of time useless sitting there. I'd rather watch cartoons for goodness sakes. Leave this one alone,please!",0,7044
109,I had high expectations for this movie and was excited about renting it but was very disappointed when I saw it. It was very poorly written and sort of just fell apart. There wasn't a lot of good anything in this movie except maybe special effects.,0,7109
110,"What a long, drawn-out, pointless movie. I'm sure that historically this film is delightful but as entertainment goes it just doesn't make the grade. Ralph Fiennes has been in some fantastic movies, the English Patient, Schindler's List, but this one was such a let-down. It didn't seem to be going anywhere, his character at the beginning was so shallow and uptight it amazes me that his ""sister"" would ever have been interested at all. Don't bother paying to rent this movie, buy yourself a copy of the English Patient instead.",0,7174
111,"I sat through this film and i have to say it only just managed to keep my attention. The film would have been a bit more bearable if i did not have to watch the awful CGI, for future reference to the industry if your going to use CGI watch this so you know what to avoid.<br /><br />Apparently this is supposed to be a graphic novel for the screen but all i saw was a bad movie which bears no resemblance to a graphic novel whatsoever.<br /><br />All in all, the story was not as bad as the CGI, i was quite impressed with the acting and thought the casting was good and little more character info would have been nice as it did get a little confusing for me on occasion but that's not surprising as like i said it only just kept my attention, but in all honestly i wish i had given this one a miss.",0,7239
112,"A fashion designer trips over a cat and falls into a pool, hitting her head on something floating on the surface. With rather cheesy effects (this was a TV movie) she floats up out of her body. She floats through a tunnel of rings of swirling orange smoke, and black rigid figures tip into her view (they look like the mannequins in her apartment). I almost thought I was watching a Jess Franco movie.... As her friends revive her, a black arm grabs her by the wrist, and she has to struggle to get loose. When she is revived, she remembers everything, and has a nasty bruise on her forearm.<br /><br />Shortly thereafter, she nearly gets hit by an out-of-control car that comes up on the sidewalk behind her. On Halloween, she decides with her boyfriend to go to Mexico for a vacation. When she gets there, she's surprised to find it's the Day of the Dead. They're annoyed by another American tourist who keeps following them, and he almost drowns them.<br /><br />The designer is encouraged to join a group of people who've had near death experiences. They've all experienced the tunnel, but not the black figures or the repeated near escapes from death. One of them has, and he's very anxious. She's also encouraged to meet with a psychic.<br /><br />A Doctor tells her about people he calls ""Walkers"" (the name of the novel this was based on). They're people who supposedly died of one cause that, when examined, prove to have died of another cause. Thus it's like they continued walking around after dying until they died again, but he blames it on poor record-keeping.<br /><br />I watched this on the 102 minute video, and it felt awfully long. I can't imagine that there's actually a 192 minute version! Perhaps if it was meant to be watched over two or more nights on TV it would better be watched that way than in one sitting.<br /><br />I've only read one Gary Brandner novel, Floater, and if it is representative of his work, he's not the most original of writers. Floater had the common plot of: picked on kid kills people in revenge. Even the variation was pretty common: picked on kid dies and kills people years later in revenge from beyond the grave. And in fact it has a point in common with this movie, in that the kid practices astral projection, and when he is drowned he floats up out of his body as here. I don't know how closely From the Dead of Night follows his novel Walkers. I understand the Howling movies don't bear much resemblance to his novels.<br /><br />It's quite a slow movie, and the special effects and cinematography are really held down by the (presumably) low budget and made-for-TV shortcomings. There are a lot of easily recognizable character actors in it. It also feels very dated, more early to mid 1980s than 1989. I found it to be boring. A much better low-budget movie covering similar subject matter that I don't think has dated as badly is Sole Survivor (1983) (arguably the inspiration for the 2000s Final Destination movies). It blows From the Dead of Night away.",0,7304
113,"Sometimes you need to see a bad movie just to appreciate the good ones. Well, that's my opinion anyway. This one will always be in the bad movie category, simply because all but Shu Qi's performance was terrible.<br /><br />Martial Angel tells of Cat (Shu Qi), a professional thief turned straight after leaving her lover, Chi Lam (Julian Cheung), two years before. But her past returns to haunt her as Chi Lam is kidnapped for the ransom of security software belonging to the company Cat works for. In order to rescue him, she calls on her old friends from her orphanage days, six other feisty women, to save the day...<br /><br />I may have told the synopsis cheesily, but this is a cheesy story. In fact, the whole script and direction lacked any quality at all. Much of the dialogue was meaningless and coupled with a plot that was as thin as rice-paper in water. If I could sum it up, take a bad Jackie Chan movie, remove the comedy, remove the choreography, throw away the budget, and you have Martial Angels: a formulaic piece of work with no imagination at all.<br /><br />Mind you, I do have to give credit where credit's due, and Shu Qi was probably the only person to emerge unscathed from the terrible action, as it was her performance that shone through. Okay, you can't say she was excellent - after all she had absolutely nothing to work with - but she did manage to dig some character out from her role. Other than that, only Sandra Ng and Kelly Lin made any other impression - although these were mostly glimmers and very brief.<br /><br />Elsewhere, the film just fell to pieces. Scenes and dialogue were completely unnatural and unbelievable, special effects were obviously done on the cheap with no attempt to clean up edges between persons and the mask of the blue screen, poor editing involving numerous discontinuities in fight scenes, camera angles that were elementary and unflattering, and direction I've seen better from a lost dog.<br /><br />I guess this film was a too many cooks affair. Most probably, the budget was blown away on the over-enthusiasm to have seven babes on the same silver screen. That didn't leave much else.<br /><br />Frankly, the way this film was made was like a cheap porn movie without the porn. Charlie's Angels, it ain't. In fact, while sisters can do it for themselves, none of that was really that apparent here.<br /><br />Definitely one to forget.",0,7369
114,"This movie is suppose to be a mysterious, serious thriller about a man looking for a missing girl. However, 30 minutes into the movie, it turns into a funny, unrealistic story with annoying characters and random scenes. I can't imagine anyone not laughing when Cage randomly Karate kicks that blonde girl or when he ""bear"" punches that old lady. The lines, characters, and acting are all poorly done from the get-go. I've always liked Nicolas Cage as an actor, but he has made some terrible movies this year; this being by far the worst one (yet...).<br /><br />I wouldn't recommend this movie to anyone who wants to watch an intense story-gripping thriller. If you really want to enjoy this story, go rent the original. However, if you intend on watching it, get ready to laugh at some of the lines and end scenes rather than taking them seriously; that's the only way you enjoy this film.",0,7434
115,"Largely dense road movie with some comic relief provided by the excellent John Cleese (although he is really sending up his performance in Fawlty Towers). Seems to flip from over the top slapstick to slushy sentimentality at the drop of a hat, and the worst part of the film is that Martin and Hawn have to ""find themselves"", who they are, etc. See it at your peril.",0,7499
116,"The minute the forward started, I knew we were in for trouble! The premise is laughable at best. The story line was even worse, if that is possible.<br /><br />The acting was stiff and the actors gave off a sense of inexperience. You expect more from the likes of Slater, Reid and Dorff. Lines were delivered as if from a robot. And I'm sorry, I like Reid but she was VERY unbelievable as an archaeologist. Slater and Dorff picked a lousy film to try and stage their comebacks. <br /><br />The continuity was off through out the entire film. The creatures weren't bad, but they really weren't good either. <br /><br />Bottom line, I want that ninety minutes of my life back. They can keep the money, but give me the time! What a waste.",0,7564
117,"I'll be blunt. I'm not one for politically correct movies where the woman plays the bad ass who's not going to take any crap from anyone. If any one of the cast members wanted to, they could have just taken her out in a heartbeat. It was entertaining on MST 3K, but don't rent the real version. Trust me. Have I ever lied to you?",0,7629
118,This movie is god awful. Not one quality to this movie. You would think that the gore would be good but it sucks bad. The effects are worse and the acting if you can call it acting is the worst I've ever seen. This movie was obviously shot on a camcorder and runs on a budget around 500 dollars probably. If you want to watch a good Zombie movie than watch Dawn of the dead or Day of the dead. If you want to watch a good cheap shot on video Zombie movie like this but way better than watch Redneck Zombies. Please avoid this movie at all costs. It is unwatchable and pointless. You've been warned. I've got nothing else to say about this stupid movie.,0,7694
119,"A wonderful television mini-series completely ruined by a 45-year old woman trying desperately to pass herself off as a 16-year old ingenue! No exaggeration - that's the ACTUAL age of the character played by Ali MacGraw when the film opens just prior to the surprise attack at Pearl Harbor. This TV mini-series really is the most classic example of the title of this post and one I refer to whenever the topic comes up.<br /><br />That alone makes this completely unwatchable, despite the fact it's one of the best filmed WWII 'global' dramas TV has ever produced. If you have the stomach - or a decent fast-forward ability - you might be able to enjoy the late Robert Mitchum in a very strong performance. <br /><br />I'm stunned at some of the comments referring to the love story (pun intended). Did they watch the film with their eyes closed? Or are they aging boomers who never cease to amaze me with their ""selective memories"" and ""selective vision"". I'm a Boomer myself so don't think for a second I'm some hubristic young punk. 45 WILL ALWAYS LOOK 45. Get used to it. Deal with it. Age gracefully damnit.<br /><br />The Winds Of War could have been... so good. How much more would we be talking about this mini-series today, some 25 years later, had an ACTUAL ingenue been cast in such an important & critical role? Right now, with the constant haggard old biddy distraction, that alone cancels out most of the wonderful aspects of The Winds Of War.",0,7759
120,"This horrible! The acting, costumes, production values, editing, the script, everything about this film is as bad as it can get. It looks as if it was filmed with a video camera. Can you give a movie a negative rating? Watch The Ring instead.",0,7824
121,"I couldn't believe my eyes once I've watched this movie. There's no point in it either then blood and violence. Unlike other scary movies that had gore and a meaning to it this movie is just blood, gore, and killing one after another. This movie isn't interesting at all, has no meaningful plot or story line, nor does it have an intelligence in it. The blood looks very fake and this movie overall, is pointless. Don't even waste your time with it. It's just an hour or two of mindless violence. It has many bloody scenes that aren't scary but just plain revolting. This is probably the worst horror film I have ever watched out of all the horror films I ever saw.",0,7889
122,"No? Didn't think so! Well, in that case all you have to do is stay far, far away from ""Do You Wanna Know A Secret"", as it's just the umpteenth pointless post-""Scream"" slasher with absolutely no redeeming value whatsoever. The plot is extremely ridiculous; the characters are insufferably dumb, the gore-factor is negligible and the whole thing is just plain boring! As you can derive from the title already, this film is mainly inspired by ""I Still Know What You Did Last Summer"", as the events take place in a similar setting and the killer's motivations are equally stupid. Why anyone would want to steal ideas from junk like ""IKWYDLS"" is a complete mystery to me, anyway. At least that film could depend on the precious rack of Jennifer Love Hewitt, whereas the girls in this junk are, apart from brainless, also terribly unattractive. One year after the still unsolved murder of her boyfriend, Beth Morgan, her new adulterous lover and four other simple-minded college students go to Florida to spend their Spring Break holiday in a fancy beach house. The killer hasn't made a move all year, but now he follows the posse to Florida and starts butchering them whilst leaving behind the titular message as some sort of business card. You really don't need to be a horror-expert in order to quickly figure out which face hides behind the unspeakably ridiculous mask and the writers' attempts to put you on the wrong track are downright embarrassing. Since the plot is so thin, most of the film is purely irrelevant padding, including the sub plots regarding the incompetent Floridian police force and the 'mysterious' FBI inspector who seems to have a personal score to settle. The murder inexplicably happen off screen (don't you hate it when that happens?), there isn't even any gratuitous T&A to enjoy and you better don't get me started on the quality of the dialogs. Suffering through crap like this only makes you realize that the delightful spirit of the 80's slashers is gone for good.",0,7954
123,"The Rookie suffers from so much. There are the random musical songs interspersed through the movie, the long pointless script and enough grating slapstick to make Jerry Lewis blush. Noonan and Leavitt just don't know when to quit. It takes a full hour before the story finally gets to the main plot and the characters are shipwrecked. Then the guys start playing Japanese sailors with the standard racist caricature of the day. It is a shame the funniest parts of the movie are when Noonan and Leavitt are playing the stupid, stereotyped Japanese guys. But, it gets pretty tiring after switching back and forth between two sets of characters. Then it just abruptly ends. Even a naked Julie Newmar in a towel can't save this one.<br /><br />There is really little charm in the movie and it is over a half hour too long. The story just flounders along trying to set up funny situations and failing. Stick to Martin & Lewis. At least Deano had charm and Jerry had that animated face.",0,8019
124,"A cannibalistic backwoods killer is on the prowl and two bickering couples might be his next source of protein in this bargain basement Friday the 13th-clone cheapie. There s literally nothing of interest to see in this one, the killings are surprisingly sparse and when they do happen, completely amateurish. It also adds ghosts into the mix for no reason what so ever. I felt drained after watching it as if my brain was liquefying and draining out my nose. And it remains without a doubt Donald Jones' worst movie. If you're thinking of renting it because of Code Red's snazzy new DVD re-release Don't bother<br /><br />My Grade: F",0,8084
125,"This film is quite boring. There are snippets of naked flesh tossed around in a lame attempt to keep the viewer awake but they don't succeed.<br /><br />The best thing about the movie is Lena Olin--she does a masterful job handling her character, but Day-Lewis garbles most of his lines.<br /><br />Kaufman clearly had no idea how to film this. The incongruities in bouncing between domestic household/marriage issues and political crises are badly matched. Character attitudes change without explanation throughout. Badly disjointed.",0,8149
126,"This movie was not very entertaining, certainly NO WHERE as original or as good as A Christmas Story. The characters (except the youngest) try to emulate the preceding actors, and they fail. The hillbilly neighbors come out of nowhere as they weren't a part of the first movie. This really sucked, might have been good with the original cast, then again maybe not because the story is so weak. Skip it.",0,8214
127,"This was probably the worst movie ever, seriously. I could actually do better myself, it wasn't even set up properly. It's like this movie had a $5 budget and left with change. Don't watch it. I didn't even get all the way through this movie, had to turn it off. I've give this a 1/10 because it was hilarious how the producer of this movie wanted it to be a horror movie, but actually turned into a really bad comedy. Basically, a bunch of girls crashed into a car, broke a headlight, and the owner of that car went after them. The bit that i saw was a women with a gun telling a load of girls to take all their clothes off, what the hell? it must be some kind of cheesy porn movie as well.",0,8279
128,"This film can be judged from three viewpoints: as history, as a profile of Amin, as a fictional thriller. <br /><br />It fails as history, it mentions in passing the coup that threw out Obote, the expulsion of the Asians, and has the Entebbe hi-jack as background, but not in any chronologically consistent time frame. <br /><br />As a profile of Amin it may have been interesting, because Forest Whitaker is incredibly good, and if this was a better film, he would get an Oscar. (He got it - which proves the Oscar voters don't watch the films they vote on.) It ignores relevant historical episodes in the novel, which observed Amin and the history of Uganda from the point of view of the doctor. It tells instead the fictitious story of the Scots doctor and his impossible love life from the point of view of Amin. But the story told is the one incident that Amin was probably innocent of. <br /><br />As a fictional thriller, there is no plot to hold it together. The beginning is taut - it takes cinematic liberties with the novel, but sets up the story. The character of the doctor is well-defined, but becomes lost in the second half of the film which suffers as a result.<br /><br />Why the doctor decides to stay in Kampala is badly explained - seduced by power? Why he befriends no-one is strange. The character of the friend in the novel has been lost because the Scotsman has the affair instead of the black doctor - a ludicrous entanglement which does not seem even faintly believable, but allows the writers of the film to show the ferocity of Amin close at hand. The Man called Horse bit at the end is risible. <br /><br />Finally in 1971, Uganda drove on the left, not right, the number plates were three letters and two or three numbers - and where are the Equator tusks?! <br /><br />In short - if you've never heard of Amin, you may want to spend two hours watching this film to appreciate Forest Whitaker's acting, but the last hour will bore you to confusion. If you know Uganda or have read the book - don't see the film - it will only depress you. And if you want to know why the doctor was so foolhardy - he wasn't.",0,8344
129,"Despite some moments in heavy rain, an encounter with a drunk as well as an organ grinder with a gypsy and a monkey, and a stay in a sanitarium, this Roscoe ""Fatty"" Arbuckle silent comedy short with support from Buster Keaton and Al St. John is only fitfully amusing though there is a quite funny sequence of Arbuckle in drag flirting with Buster that's the ultimate in ""meet cute"" scenes especially since it's one of the few times we see The Great Stone Face smile and laugh in the movies! Also, many scenes seem to have been jump cut edited possibly because of overuse of the film stock. Still, if you're an Arbuckle or Keaton completist, Good Night, Nurse! is certainly worth a look.",0,8409
130,"In Europe, it's known as Who Dares Wins; in America, it's known as The Final Option, but under any title this ludicrous SAS action flick asks the audience to put their disbelief to one side for around two hours. I find it incredibly hard to comprehend how Lewis Collins (the hero here) was almost chosen as Roger Moore's successor in the Bond films.... this guy is so expressionless he'd struggle to get a job in a waxwork museum (as a waxwork!!!) Luckily, Judy Davis is on hand to partially redeem the affair with a meaty performance as a hard-line lady terrorist, and there's a climactic ten minute action sequence that is quite competently orchestrated by director Ian Sharp. Let it be added that it's a very, very, very long wait for these closing excitements to come around, and I can't honestly say that a near two hour wait for a bit of decent action was worth the effort.<br /><br />SAS hard man Peter Skellen (Lewis Collins) goes undercover among a group of peace protesters who would like to see the end of nuclear weapons stock-piling. He meets their leader Frankie (Judy Davis), a strong-talking and opinionated woman who might just be capable of taking extraordinary measures to achieve her goals. Frankie's dedicated bunch violently lay siege to the American Embassy in London, demanding that a nuclear missile be fired at a naval base in Scotland (she believes that when the world witnesses a nuclear blast for real, everyone will be so appalled that they will join her campaign for disarmament). Unfortunately for Frankie, she makes the mistake of taking Skellen on her little embassy raid, and he plans to thwart their plan from inside with a little well-timed outside help from his SAS comrades.<br /><br />The film is inspired - quite obviously - by the awesome SAS assault on the Iranian Embassy in 1981. Someone who saw that event on the news apparently thought it would be good to devise a film along similar lines. Unfortunately, the film is rather banal, with too much stupid dialogue and a heck of a lot of embarrassingly bad scenes (the arch-bishop's debate which descends into a riot, anyone?) Frankie's idea to bring about peace by instigating a nuclear blast is ridiculous anyway, so she becomes a laughable figure just when the audience is on the verge of viewing her as an interesting villain. Who Dares Wins tries to be a celebration of the military legend that is the SAS, but at the same time it dips into clumsy action clichés and ill-thought-out plotting. The result is a well-intentioned but wholly ineffective slice of Boy's Own absurdity.",0,8474
131,"From the awful death scenes to guns that fire without making sounds to a character called the Fiend. It's all tiresome, slow moving, unimaginative drivel. It was OK seeing the guy with the cape and the hunchback lurking around. Visually it was creepy and probably occupied the moviegoer of the time, but even in 1936 one would think that there would have been a little more imagination and verisimilitude to even a film like this. I just kept waiting for something to happen of any importance as people stood around making speeches and acting like they were posing at an office picnic. And then there are those bullets as a previous commentator mentioned. Perhaps the best clue would have been to search for a water spot on someone's pants pocket.",0,8539
132,Avoid the USA version. It is with added US footage and the worst dubbing you've ever heard probably done by New York amateurs. The dubbing is so bad that it sounds like Mystery Science Theater 3000. I think a black guy from the Bronx does Chiba's voice. I couldn't watch the entire film it was that bad. Instead of this Americanized version watch Chiba's other greats like The Streetfighter or Karate Warriors.,0,8604
133,"When Rodney Dangerfield is on a roll, he's hilarious. In My 5 Wives, he's not on a roll. The timing of the one-liners is off, but they're the best thing going for the movie. The five women who play the wives don't add up to one whole actress between them. The plot is very weak. Even the premise is pretty weak; there are a few jokes about having multiple wives, but the situation has little to do with anything else in the movie. Most of the movie could play the same way even if Rodney's character had only one wife, so the premise seems more like an old man's fantasy than a key part of the comedy. Another old man's fantasy: we're supposed to accept that Rodney's character is an athletic skier.<br /><br />Jerry Stiller seems to be phoning in his role just to do a buddy a favor, and the rest of the name actors must simply be desperate for work.<br /><br />The odd nods to political correctness later in the movie don't really do anything for the movie. For those who like their movies politically correct, the non-PC humor is still there in the first place, and the seeming apologies for it still don't get the point. For those who hate seeing a movie cave in to political correctness, the PC add-ins are just annoying digressions.<br /><br />This has to be the mildest R-rated movie I've ever seen. There are some racy jokes, and the bedroom scenes would have made shocking TV 40 years ago, but that's about it. Maybe it was the topless men (kidding).<br /><br />The DVD features interviews where the cast members seem to find depth and importance in this movie and in their roles. I kept wondering if they were serious or kidding. They seem to be serious, but I kept thinking, ""They must be kidding!"" There's also a peculiar disclaimer suggesting that since the movie never actually names the Mormons or the Church of Latter-Day Saints, that somehow it's not about them. Never mind that the movie features a polygamous religion in Utah, and makes reference to Brigham Young.<br /><br />In short, My 5 Wives was a disappointment. I was hoping for Rodney on a roll, but the best I can say for the movie is that Rodney was looking pretty good for a guy who was pushing 80 at the time.",0,8669
134,"Look, I loved the PROPER Anchorman film, but this was reaaaaallly bad. The kind of bad that makes you wish you could get that time back in your life, the kind of bad that makes you think ""what on Earth were they thinking to film this in the first place"", the kind of bad that makes you wish you'd taken 50 more minutes when stepping into the kitchen to grab a snack during the film, the kind of bad that makes leprosy look fun, the kind of bad that makes you think you wish you rented a Pauly Shore film instead....seriously, I cannot explain how very bad this was.<br /><br />Having said that....there were some semi-amusing laughs, but they are all so much LESS funny than Anchorman. Sure, they tried to make it entertaining and fun, but the entire subplot that was left out of Anchorman that made it here was genuinely left out for a good reason...it wasn't even a little bit good.<br /><br />Do yourself a favour (or in the USA, a favor), and don't watch this DVD...it will tarnish the good movie that Anchorman is and you don't want to do that.<br /><br />Okay...I'm alright now.",0,8734
135,"Dennis Hopper is without a doubt one of the finest underrated American actors of our time, and it was interesting to see how he would play out his role as a cop on the case of a child serial killer. Most movies Hopper has always played to psychotic menace threatening to blow up stuff or go on a killing spree, but in this movie, Hopper tried his best to keep that intensity and emotion while carrying a shield. Once I got into the plot of the movie, I was hooked, but it's just the little things that ultimately murdered the film.<br /><br />The concept of the film is great - not only are the cops on the move of catching the killer, but we get a chance to see how the gangsters operate in catching the killer. The subplot of the football stadium is kinda ridiculous, but necessary to involve the gangsters in the killer hunt.<br /><br />That's about all that is good you can say about the film. Although Hopper did try to act like a tough, experienced street smart cop, I can't help but feel his acting was below par, and there wasn't enough conviction that he was truly attached to the case. The directing was also terrible - it didn't have the feel of a true film, but rather a TV-movie production. This is most evident when the gangsters meet for the first time to form an elite team to hunt the killer down. When the leading gangster shoots the other mouthy gangster in slow motion, the acting was weak, predictable and terribly unexciting. That's when I knew that 1st of all, the action is going to be atrocious.<br /><br />The angling of the camera was amateurish, and the recalling scenes or haunting images of the killer's little sister had no true distinctive effect. If it was supposed to be scary, it wasn't. Everyone's acting was terrible, and even for Hopper, I didn't feel for his character, and I just didn't really care too much about his relationship with his daughter.<br /><br />The final thing that bothered me the most is the swat team. Once I saw the swat team in action, I was thinking, finally, something good. But I was wrong. 1st of all, the entire swat team consisted of 4 guys. That is just impossible. 2nd of all, apparently the swat team has no training whatsoever because many times in the film they carry their HKA4 submachine guns with one hand. Had the killer been hiding near the staircase with a shotgun, these 4 idiots would've been blown to bits because they weren't even aiming at anything or paying close attention. They should have had both hands on the gun aiming forward, but it just looks like they're not taking the job seriously and are just flaunting around. 3rd, SWAT team members do not yell out commands such as ""Keep your eyes open, watch out for yourselves, are we good to go...etc."" In reality, they use hand signals or have radios. But they're literally yelling at each other - how are you supposed to catch the killer when he can hear you're coming??? And to top it all off, these guys have no plan - apparently they're just running up and down going on a wild turkey chase. Eventually they end up doing nothing. That was the last straw. I'm no expert on special forces, but basically what I've just outlined, is pretty common sense. When the audience knows the movie is terrible, the action pretty much becomes the life-saver of the movie - when you can't even make an effort to make the action great, the movie is lost.<br /><br />I give 2 stars for the concept, but the rest cannot be credited. If you want to watch a crime thriller, don't bother with this one. There's plenty of crime in the movie - but it has the lack of thrill.",0,8799
136,"THAT'S certainly a strange way to promote a film upon which a great deal rested. And it seems like plain suicide on the part of the studio, given that (1) The feuds between the cast were well known long before the movie's release. (2) The feud between the Producer(Robert Fryer) and Director ( Michael Sarne) was also common knowledge. (3) The cast made no secret of their contempt for the film and made it public at every opportunity, with daily bulletins from the set gleefully reported by gossip columnists everywhere.<br /><br />And (4) The author, Gore Vidal hated it practically from day one. Nevertheless, that tagline just about sums it up. Raquel Welch does <br /><br />give a decent performance as Myra, and she looks lovely besides. John Huston is very funny as Buck Loner, the ex-Cowboy Star who runs a phony acting academy. Mae West, (in her first screen appearance since 1943) naturally rewrote her part to suit herself, and she is great as ''oversexed'' (and that's putting it mildly) ''Talent Agent'' Leticia Van Allen. Still, she must have wondered (after waiting so long for a good vehicle in which to return) how she ever ended up in this mess.<br /><br />Tom Selleck (in his film debut) is one of her ''clients''. John Carradine and Jim Backus, as Doctors, also amble in briefly. Rex Reed as Myron, Farrah Fawcett and Roger Herren, as the victims of Myra/Myron's sexual passion, are neither here nor there. The same goes for the script, which not only fails to focus on the basic plot of the book, but seems to head in at least three different directions at once. Although West's part was originally larger, she was reduced to a cameo role by the time Sarne was through with the editing. And, partly because of this, she seems to be in a different movie. Apparently, at some point, the Producers realized that Mae was going to be the film's big draw, and, unable to replace most of her cut footage, they rushed her back to the set at the end of filming for the second of her two songs, both of which come out of nowhere. The device Sarne used of throwing in old film clips of bygone stars to emphasize whatever points he was making, doesn't work at all. By the time the movie concludes, all a weary spectator can do is wonder what in the hell it was all about. Not surprisingly, just about everyone connected with the production felt the same way, and it died at the box office. A technically flawless DVD includes, (among other extras) separate commentaries from both Welch and Sarne, each of whom have completely opposite opinions of just what went wrong.No doubt it's home video re-release was prompted by a 2001'' Vanity Fair'' piece, which attempted (in great detail) to do the same thing. True, the structure of the novel made a screen adaptation a dubious undertaking, but, with Sarne at the helm of what was obviously a ''troubled'' production, it really never had a chance.",0,8864
137,"Howling II (1985) was a complete 180 from the first film. Whilst the first film was campy and creepy. The second one was sleazy and cheesy. The production values on this one are pretty bad and the acting is atrocious. The brother of the anchorwoman werewolf from part one wants to find out what happened to his sis'. The ""scene"" from the first film was badly re-created. A skinny plain looking woman accompanies bro' (Reb Brown) to the old country (Romania) to uncover the mystery to her sister's murder/transformation/death. Christopher Lee appears and disappears over now and then as sort of a sage/guide to the two. Sybil Danning and her two biggest assets appear as Stirba, the head werewolf of the Romania. She also suffers from a bad case of morning face, ewww!<br /><br />Bad movie. There's nothing good about this stinker. I'm surprise Philippe Mora directed this picture because he's usually a good film-maker. The film is so dark that you need a flashlight to watch it (no, not the content but the film stock itself). To round the movie off you get a lousy ""punk"" performance from a Damned wannabe ""Babel"". Maybe if they forked over a couple of extra bucks they could've got the real deal instead of an imitation.<br /><br />Best to avoid unless you're desperate or you lost the remote and you're too lazy to change the channel.",0,8929
138,"If you hate redneck accents, you'll hate this movie. And to make it worse, you see Patrick Swayze, a has been trying to be a redneck. I really can't stand redneck accents. I like Billy Bob Thornton, he was good in Slingblade, but he was annoying in this movie. And what kind of name is Lonnie Earl? How much more hickish can this movie get? The storyline was stupid. I'm usually not this judgemental of movies, but I couldn't stand this movie. If you want a good Billy Bob Thornton movie, go see Slingblade.<br /><br />My mom found this movie for $5.95 at Wal Mart...figures...I think I'll wrap it up and give it to my Grandma for Christmas. It could just be that I can't stand redneck accents usually, or that I can't stand Patrick Swayze. Maybe if Patrick Swayze wasn't in it. I didn't laugh once in the movie. I laugh at anything stupid usually. If they had shown someones fingers getting smashed, I might have laughed. people's fingers getting smashed by accident always makes me laugh.",0,8994
139,"There are some good things about the movie. The music and cinematography is great. Alex Wilson is hot and gives a great performance. Ryan Bauer is also hot. The production was very lucky to have casted them because they really give production value to the movie. Jonny Vincent (Sean) and a lot of the boys in the movie that don't speak are cute too. Why isn't the actress who plays Amy listed in the credits? Brandon Alexander gives a great comedic performance as Clitarissa Pink.<br /><br />The worse thing about the movie is probably the star, James Townsend. He can't act. He's also very scrawny, not nice to look at at all. His arms are like spaghetti. It's disgusting. They have no muscle tone at all. It's no wonder he has to make his own movie and cast himself in it. No one else would cast him in anything.<br /><br />James Townsend is not believable as someone who would even have a girlfriend because he acts so gay. They should have casted someone else as the lead if they wanted what's best for the movie. Then again, maybe he just wants to use this movie as a vehicle to launch a career in soft-core porn, definitely not real acting because he would have taken some acting lessons. Plus, anyone who does porn is blacklisted in Hollywood.<br /><br />The most ridiculous thing about the movie is probably the casting of a tan-skinned Latina as Devon's mother. Sonja Fisher does not seem like an actress at all. All in all, this movie is soft-core porn and is no better than something you would see on Skinemax. I think even Alex Wilson, probably the best thing about this movie, is embarrassed by it and doesn't want to be associated with it. There is no photo on his IMDb page and nothing else listed, so Alex Wilson is probably a disposable stage name. Plus, I ran into him in West Hollywood one time recently and when I mentioned this movie, he just turned around and walked away. I understand. If I had worked on this movie, I would be embarrassed and wouldn't want to be associated with it either.",0,9059
140,"Okay, let me start off by saying that nothing in this will come as a surprise to anyone who's read the other comments. That being said, MY G-D, THIS MOVIE REEKED! I mean, WOW, I didn't know it was possible to throw as much money as they obviously did at something and still come out worse than ANY Roger Corman movie! Corman was probably pitched this movie at some point but declined due to the poor quality of the script! The only reason this movie got made in the first place is that someone said, 'Hey, Zombies are popular. Video games are popular. What game can we get a hold of that has zombies in it? Resident Evil? No, someone else got there first. Silent Hill? No, too silent. People will never sit in a dark room just to be scared silly. Hey, didn't Sega have a game where people ran around shooting zombies? They're out of the platform biz, we could get that for pennies!'<br /><br />Basically they tried their best to make a movie that felt like the video game, even down to shooting the combat as if the characters were actually playing the game.<br /><br />The first and major problem is that the original game was horrid. I mean,<br /><br />bad-movie-merchandising-made-into-a-worse-game-in-two-weeks-and-then-shippe d-out-and-bought-by-morons-and-their-parents-for-christmas horrid. The graphics were boring. The monsters were boring. The levels were boring. The interface was boring. The CASE was boring. In other words, this was a boring game. And that was the ARCADE version. The home version was even worse! With the home version, you didn't even get the shotgun to hold in your hand while you were being bored silly by this pointless game! But I digress.<br /><br />The second problem is that they went so far as to actually intercut scenes from actual gameplay during the fight scenes. HUH??? Didn't the editor have enough confidence in the effects to indicate that there was an actual fight going on? Not to mention that EVERY fight was shot from the perspective of a video game, which may explain the tedious use of Matrix-style effects. The problem with this is that the game was a first-person shooter (the player proceeds from the POV of the character). Maybe that's why they put in the game graphics, to let you know that they were alluding to the game... Right, whatever...<br /><br />Anyway, the only thing that made this ENTIRE experience remotely enjoyable was the fact that everyone in the theatre was making fun of the movie out loud, so my sudden fits of hysterical laughter and general incredulity were taken as commonplace and didn't get me kicked out.<br /><br />To sum up, DON'T GO SEE THIS MOVIE! Don't even deign to rent it when it comes out on video in a couple of week. Run. Just run.",0,9124
141,"If you ask me the first one was really better one. Look at Sarah M. G., she is real, mean, cruel girl, look at Amy Adams she is just little fool hanging around. She is nothing! People don't adore her! Second, Sebastian was cute and hot in first movie, now he is ""baby face"". Story is not that good, and i do not understand. Why didn't they make this one first, it is the beginning. Loosy actors, nothing with story. This is not cruel, this is playing. First one has better actors, better story, and its mean. I think that the music is better in cruel intentions 1 and the music is better in cruel intentions 3. It is not the worst movie I saw, but in compaer with first one its one big, big, big nothing.",0,9189
142,"This film is the worst excuse for a motion picture I have EVER seen. To begin, I'd like to say the the front cover of this film is by all means misleading, if you think you are about to see a truly scary horror film with a monster clown, you are soooo wrong. In fact the killers face doesn't even slightly resemble the front cover, it's just an image they must have found on Google and thought it looked cool. Speaking of things they found and thought it looked cool, there is a scene in this film where some of the gang are searching for the friend in the old woods, then suddenly the screen chops to a scene where there is a mother deer nurturing it's young in a glisten of sunlight... I mean seriously WTF??? How is this relevant to the dark woods they are wandering through? I bought this film from a man at a market hoping it would be entertaining, if it wasn't horror then at least it would be funny right? WRONG! The next day I GAVE it to my work colleague ridding myself from the plague named S.I.C.K<br /><br />Bottom line is: Don't SEE THIS FILM!!!",0,9254
143,"A few weeks ago the German broadcaster ""SAT1"" advertised this movie as the ""TV-Event of the year"" - sorry, but I've seen better things on TV this year.<br /><br />I didn't thought much of the movie but I soon reminisced about two other horrible movies when I watched the commercial - namely Titanic and Pearl Harbor because the picture looked so familiar: The ""heroine"" (if I can really call her that) in the middle and her two ""loved-ones"" next to her - Pearl Harbor, anyone? In fact the love-story is a poor man's version of the one in Pearl Harbor and that one was already poor!<br /><br />But as I like watching movies and analyzing their patterns I eventually decided to watch that rubbish. The movie begins with a doctor leaving his family for the military strike against Russia near the end of the Third Reich promising his wife that he will return. Now fast forward to Spring 1948: Germany lost the war and the allies & Russia captured the country and they both try to eliminate each other for world power and their ideologies: capitalism versus communism. Well, I guess you already know the story because you have to know it - The movie doesn't really bother with it so much and literally takes a dump on historical facts. The movie tries to depict the US government as angels and completely ignores the contribution of other countries during the airlift especially Great Britain who was responsible for nearly a quarter of the rations despite having their country bombed from a country that they're trying to help.<br /><br />What was also pretty annoying were the historical remarks the people said in the movie like when the heroine's mother tells her daughter that Germany might be parted in two with a response like: ""That's impossible!"" Or when Stalin (where the director thought we just stick similarly looking mustache on the actor and he WILL look like him) says that Russia has to stop ""Coca Cola"" from spreading in Germany. Yeah right, if Stalin has ever said something like this. Or there is this one US pilot who tells his fellow of a bread with meat and everything possible in it - please! Burgers were invented WAY before that time.<br /><br />In the movie you once see a map showing the airlines, funnily enough the map looks like it came straight out of a laser printer - in '48. The US general Lucius Clay who's main idea was to stay in Berlin is portrayed as a guy who is mean and grumpy and all the ideas he historically had like for example the airlift and improving on that idea came from the fictive character Phillip Turner, the love interest of the main actress which leads me to other aspects: Not enough African-American soldiers in the movie, there were like two in the whole film! Also relationships between US soldiers and German civilians was not allowed and by a revealing of such a relationship the US soldier would've been sent home. I don't want to say that there were no relationships at all but in this movie there was a couple that almost got married, If it wasn't for the death of the pilot in his fake CGI plane which looked terribly unrealistic especially the CGI fire!<br /><br />If it wasn't enough all Americans in this movie spoke accent-free German although they only were in Germany for a couple of months - look I'm also American living in Germany for my whole life and even I have a little accent. Notably bad was also the child acting - the kids had like two expressions on their faces: ""Normal-I-look-monotonous-like-a-robot"" and grinning.<br /><br />All in all the movie was boring from beginning to end moving way too slow especially the love story which was the same as the one in Pearl Harbor just with half of the dialogue. The sad part is that the movie was very successful - 8.97 millions watched the first part and 7.83 millions the second part the day after thus SAT1 receiving two consecutive wins in the overall market share and a whopping win in the commercial relevant group. But like I always think: The biggest pile of bull-crap is where the most flies go to.",0,9319
144,"""Unhinged"" is one strange little film, a forgotten slasher from the golden age of the genre. It's hard to really write a satisfying review of this film simply because of the fact that the film is so unique. It's plot is fairly overdone--three young women on their way to a rock concert get in a car crash and end up stranded at the mansion of an eccentric old woman and her spinster daughter. Very quickly, the ladies realize something is not quite right when they hear strange breathing and noises from the attic. On top of that, the mother and daughter seem to have a very, very strange relationship, as they quarrel intensely in front of their houseguest at dinner. The old mother even goes as far as calling her daughter a whore and slut and accuses her of sneaking guys in at night to sleep with them. Halfway through the film, when one girl finally decides she better wander off to find help, the killing begins. <br /><br />As far as the acting goes, this film is at the bottom of the barrel. NONE of the three stranded girls can act, particularly the ""lead"" girl. It is almost unbelievable to hear them deliver their lines in the same, wooden tone throughout the film. The mother and daughter are better, but not much. The film is also quite dull in parts and really, really drags. The killings are gruesome, but nothing we haven't seen before. However, as mentioned on here, the film really gains points with it brilliantly disturbing and gory ending. It comes totally from left field and has the same shock value as the ending the the camp classic ""Sleepaway Camp."" Unfortunately, the rest of the film is a bore and suffers from horrendous acting and boring, boring pacing. The isolated, creepy looking mansion and the dark, foreboding lighting does give the film a grainy realism, but that is quickly shattered when one of the characters attempts to act. It may be worth it if you can stick it out until the end, but I say you are better off just fast forwarding to the last 10 minutes. 4 out 10",0,9384
145,"The plot sounds vaguely interesting ... a scientist (Bateman) discovers how to transplant animal eyes and optic nerves into other animals, like humans. A young man (Monteith) is blinded saving a coworker at work - the scientist gets a call from a doctor that the young man is a good candidate to be the first human recipient. The recipient starts becoming more and wolf-like, but the effect is nothing more than ""weird eyes"" and running at night with dogs! (for the whole movie) The budget is too low, the dialogue too stilted (I laughed out loud at some of the ridiculous talk), and the acting too inept. Long portions of the movie are nothing more than dreamy looks, eerie music and interspersed clips of wolves in the wild. Way too long even at 90 minutes, boring, and devoid of ideas.<br /><br />The military want to use the eye transplants to give wounded soldiers back their eyesight, and presumably want to militarize the technology. There's a silly subplot about a beautiful Indian girl (Korey) who thinks she can help, using Indian wisdom about the wolves. They make love while music heavy on drums and Indian chanting is heard - crazy, man! The love making takes place immediately after a gruesome murder - who edited this turkey?! A grouchy ""medicine man"" who spouts platitudes seems to do little, except for adding atmosphere.<br /><br />Here's two ridiculous scenes. A worker at the research lab goes into the animal room to discover the monkeys have been let out of their cages. She gets scared, looks left at the monkeys, turns right, turns left, turns right, turns left .. this goes on for a while (who edited this??). RUN OUT OF THE DAMN LAB! It was so stupid I started laughing. Another ridiculous scene - our hero is at home, escapes out a window as the heavily armed military arrive - he leaves the window open, the military guys go to the open window, look out the window, they say ""looks like he was here"", and LEAVE! He went out the open window, guys!! Crazy.<br /><br />Near the end of the movie, military guys are firing machine guns over and over at trees, when obviously nothing is there - easier to place the squibs I guess. They have 6 machine guns which have cut down trees, but decide to fight our hero with 1 knife!!! Shoot the guy!! Who wrote this trash?? There's a pointless confrontation at the end, and believe me I'm not spoiling anything for you - there's not enough plot to spoil.<br /><br />I figure the whole thing was a tax write-off or a rush job to make use of unused budget money left over from some better movie.",0,9449
146,"I thought this was a sequel of some sorts, and it is meant to be to the original from 1983. But a sequel is not taking the original plot and destroying it.<br /><br />I actually had very little expectations to this movie, but I just wasted 95 minutes of life. No suspense - I actually feel clairvoyant, poor acting, and so filled with technical errors, so I as a computer geek just couldn't believe it. They have tried to make it a mix between a generic war movie and 24 hours. But this is not even worthy of a low budget TV movie.<br /><br />Do not see this movie, this is a complete waste of time. Instead get the original. The theme is still valid. Don't let to much power into a machine. And the acting and plot is far more exiting and compelling.",0,9514
147,"This ludicrous film offers the standard 1970's ""hippie mentality"" in a nut shell and bores us in the process. Its an attempt to rationalize absurd marriages of young, innocent women with old age sex fiends and wash ups. A naive young hippy played by the waif-like ( Kay Lenz ) hitch hikes and sleeps with all the wrong guys, and then one day she meets the ridiculous (Holden), already in old age, hard liquor drinking and washed up as an actor, and she decides that she is in ""love"" with him. If you think that is superficial, the whole film encapsulates such scenes. She keeps saying how much she ""loves"" him and she only met him, it wears thin and really quick. I couldn't help but laugh throughout the film. Its obvious she's just using him as a meal ticket but the director is immature enough to think we are going to buy that there is actually any love taking place. A disgusting scene is where the two are naked and having sex, I had to fast forward it because it almost inspired me to vomit. A corny offering of music from the 70's is also spread through the film. Avoid this if you can. Grade D.",0,9579
148,"Stilted, stagy, strange and opaque, if visually striking ... a wannabe-erotic fantasy. Really boring, way too much male nudity (including father-son incest), and just a sort of shameless pointlessness. I will confess, however, that certain passages of dialogue, taken on their own terms, do have a lulling, haunting quality.",0,9644
149,"If you can believe it, *another* group of teens return to *another* lakeside cabin three years after *another* one of those fatal 'accidents' claimed one of their number. Low and behold, a psycho wearing a patterned hockey mask (a cheap papery one at that) turns up to waste them one by one. This mechanical 'Friday the 13th' knock off gained slight notoriety as one of the first digitally-shot features, but that's where the interesting facts end and all that remains is a predictable, amateur production with sub-par performances and a recurring boom-mic intrusion. A last-second twist does little to lift the spirits, and 'Memorial Day' is something best tossed in a lake and forgotten about. One for insane slasher collectors only.",0,9709
150,"It's hard to criticize this movie, because I dislike the story itself, and no amount of good acting would have saved it. Think ""Raising Arizona"" with a mean streak. The acting is passable, but Jennifer Tilly is way over the top (yet not enough to make this a nice camp film) as usual, coming in somewhere between ""Misery"" and a sarcastic DMV employee. The rest of the cast have their brows perpetually knitted in consternation, either from the stress of their parts or the stress of the whole futile exercise. A real degrading few hours of film. Darryl Hannah spends most of the movie weeping too hard to be understood. I wish I could tell you how it ended but I walked out, sorry.",0,9774
151,"This movie is spoofed in an episode of Mystery Science Theater 3000. I think MST3K was at its best when they ripped this movie.<br /><br />Terrible acting, bad makeup, poor effects, chick in skimpy (1960's)underwear. I give it a 2.<br /><br />The villain is hard to understand due to the makeup. The assistant says things like 'not you' that sound like NACHOO!! (think sneezing). It's just poor oration. The long eyebrows are hilarious on one of the characters. <br /><br />I still don't know what 'The Projected Man' means in terms of the plot. I missed some of the beginning though. <br /><br />What is up with this 10 line minimum on posting??",0,9839
152,"Picked this up for 50 cents at the flea market, was pretty excited.<br /><br />I found it fascinating for about 15 min, then just repetitive and dull.<br /><br />It is neat seeing Mick and the gang in their prime, i wish there was not so much over dubbing of dialog so I could hear what there are saying and playing.<br /><br />The skits are politically dated and incredibly naive and simple, sort of poorly written Monty Python on acid. I spent more time looking at the late 60's England back drops rather then what was actually happening in the silly skits.<br /><br />This movie is a good reminder that times really change,and what was important quickly becomes just plain silly. Good song, but it has now been played to death by this DVD.",0,9904
153,"and shot in Vancouver with the 'mountains' of the low country of South Carolina visible in the background. For heaven's sake, they should have reset the location. There are no coastal mountains in South Carolina. Period.<br /><br />Lame visuals. They should have been beautiful. And the story limped along.<br /><br />I really don't understand why it was such a hit as a book, although I have to admit it's one I haven't read as yet. Usually I read the book and give the film a miss. There was nothing in this movie that made me want to buy the book, or even borrow it from the library.<br /><br />Verdict: The Mermaid Chair seemed pretty shallow to moi.",0,9969
154,"Nintendo!!! YOU #%$@ERS!!! How could you do this to me? I can't believe it...this movie is actually worse than the first one. I went to see this at the theatre with my brother because my mother forced me to tag along....oh God...where do I even begin? The plot SUCKED. The voice acting SUCKED. The animation SUCKED. The ending REALLY SUCKED. If you liked this movie, YOU SUCK TOO. And to Futuramafan1987, who said this was the greatest movie ever, you are a TOOL, PLAIN AND SIMPLE. This isn't a movie for anyone but crack-addled ten-year olds with Game Boys who think Pikachu is God. I'm still cry to this day thinking about that horrible turd of a movie....and then there was Pikachu's Adventure...don't even get me started on that horrible mess of a film. It is, in all truth, one of the most boring experiences of my entire life. Don't go watch this at any costs.<br /><br />Bottom Line: Go out, find every copy of this movie that you can, and burn it. Burn them all, and then proceed to rent a GOOD movie, like Aliens...or Bowling For Columbine...or even Back to the Future!",0,10034
155,"Capt. Gallagher (Lemmon) and flight attendant Eve Clayton (Vaccaro) are a supposedly hot item in this death trip; a luxury 747 airliner decked out to look like a nightclub-slash-hotel there's even a blind piano player who falls in love. Karen Wallace (Grant) is the hysterical b!$3& who'll do anything to get attention from henpecked husband Martin (Christopher Lee) and, later, the rest of the people on board.<br /><br />Memorable Moments: Boeing 747 doing a belly flop in the Atlantic Ocean, Karen getting her chops busted when she goes too far, and furniture (and screaming people) who become 'ball bearings' in a sinking 'pinball machine.'<br /><br />The action and rescue sequences here are relatively phenomenal, but not much goes on in between. Hitchcock was supposed to have directed this sequel, but I forget the reason why not He would've done wonders for the 1970 original, on which this sequel is partly inspired ('77 also got inspiration from `The Flight of the Phoenix'). <br /><br />Actors Cotten and de Havilland reunite from their days on `Hush, Hush, Sweet Charlotte' (apparently here they are not playing heavies, just reunited Autumn Years' lovers). And isn't the actress playing Emily's companion the same one who played the hammered-to-death maid on `Whatever Happened to Baby Jane?'<br /><br />TV actors include the girlfriend from `Mayberry RFD' (her character's daughter wins a drawing contest, or something lame like that), `Buck Rogers' Gil Gerard and `Dynasty's' Pamela Bellwood.<br /><br />",0,10099
156,"This juvenile, bland flick is strictly for teenagers in old mens' bodies, desperate to relive their hormonally challenged teenage years. How ? By burning up gas and equating a fast, reckless car (or plane) with freedom.<br /><br />The plot borrows heavily from Mister Rogers' neighborhood (if it were run my an oil conglomerate) and Logan's Run (if it were heavily sedated and lacked a clear sense of style).<br /><br />Starring Lee Majors and Burgess Meredith this film is set in a post-gas-crisis world in which an all-powerful government doesn't want you to (*ahem*) drive your car and burn gas. Sort of the opposite of today's Enron-and-Bush, oil-grabbing, SUV-pushing government.<br /><br />This juxtaposition alone makes the film laughable. But wait...there's more. Although the film is set in the future, we're not shown any signs of future technology, beyond a return to bicycles, golf carts and horses. You will believe that the future looks... exactly like today. Same clothing, same suburban houses, same green lawns as today and when the film was made. There are no solar panels, no windmills, no concessions to alternate energy.<br /><br />The acting is flat and flavorless. Even scenes which could have been gritty or moving, buddy-flick, honor, romance, horror... all fall flatter than a paper doll under a briefcase.<br /><br />Continuity is lacking-- the jet flown by Burgess Meredith's character changes colors and configuration from moment to moment as the filmmakers insult our intelligence with unmatched stock footage again and again.<br /><br />The plot is as moronic and only half as exciting as a Dukes of Hazzard episode.<br /><br />Even die-hard car-film and SF fans should avoid this film like month-old roadkill, unless you enjoy heckling Exxon executives trying to make a movie as empty as the hero's gas tank.",0,10164
157,"I imagine when Hitchcock scholars and experts find themselves together, the talk is not of the Master's great films like ""North By Northwest"" or ""Strangers On A Train"", but a lesser-known effort like this one from 1931, obscure and seriously flawed, which showcases the great director in fledgling form.<br /><br />Emily and Fred Hill (Joan Barry and Harry Kendall) are a middle-class London couple scrimping to stay ahead. He begrudges their lot; she accepts it. Change comes in the form of a letter from an uncle, saying he will set them up so they can enjoy a life of globetrotting luxury. They make plans for a world cruise. But their problems have only begun.<br /><br />Just ask Richard Hannay, Roger O. Thornhill, or Marion Crane. Well, Marion's indisposed at the moment, but you get the idea. Travel and Hitchcock go together like moths and candlelight, setting one up for a perilous journey at best. This is perhaps Hitchcock's earliest foray into this theme, and not his most successful or memorable. Hitchcock tries to mix comedy with another element, in this case domestic drama rather than suspense, but the two do not cohere, at least not here.<br /><br />The Hills are a dull, flat couple, with no chemistry or personality. When they find themselves at the Folies Bergère, in the form of cross-cutting with footage that looks ten years older than the rest of this film, they are abashed at the outfits of the female performers. ""The curtain's gone up too soon!"" gasps Emily. ""They aren't dressed.""<br /><br />When the Hills drift away from each other on an ocean cruise, it seems a mercy killing more than a tragic thing, even if the people they partner off with are drips, too. Emily's man, Gordon (Percy Marmont) carries around photographs of himself sitting next to empty chairs, which he suggests be filled by Emily. Fred's girl ""the Princess"" (Betty Amann) has Clara Bow's eyes and Wallace Beery's five o'clock shadow. There's also an obnoxious fellow passenger, a dowdy spinster whom Hitchcock always introduces with a cartoonish horn cue. Subtlety was still to come.<br /><br />Everything is shot in an abrupt manner, with confusing blocking and strained dialogue. Hitchcock tries for some early comedy with Fred and his umbrella that doesn't come off, and Kendall seems to aim for laughs while Berry plays for tears. When Fred and Emily break off, they are seen being jostled on a pair of wedged-together rickshaws, one of many clunky attempts at symbolism.<br /><br />Emily's the only vaguely sympathetic character, in part because she really cares about her husband and agonizes over her affair with Gordon, but mostly because she's among the first of Hitchcock's many magnetic blondes, her platinum ringlets whipping around her face like a Botticelli aboard the open deck of a Chinese junk near the film's conclusion.<br /><br />Matters conclude with a dangerous situation as set-piece for the protagonists to come to grips with, and presumably repair their relationship. Only they aren't active participants in the resolution, and except for the fate of a friendly cat, nothing about the ending resonates.<br /><br />At least you get some enjoyable views of London in the early 1930s, and a chance to see Hitchcock when he was still working for food. ""Rich And Strange"" is Hitchcock paying his dues, and learning his trade, one for scholars but not casual film goers.",0,10229
158,"As someone who likes chase scenes and was really intrigued by this fascinating true-life tale, I was optimistic heading into this film but too many obstacles got into the way of the good story it should have been.<br /><br />THE BAD - I'm a fan of Robert Duvall and many of the characters he has played, but his role here is a dull one as an insurance investigator.<br /><br />The dialog is insipid and the pretty Kathryn Harrold is real garbage-mouth. From what I read, there were several directors replacing each other on this film, and that's too bad. You can tell things aren't right with the story. I couldn't get ""involved"" with Treat Williams' portrayal of Cooper, either. He should have been fascinating, but he wasn't in this movie. It's also kind of a sad comment that a guy committing a crime is some sort of ""folk hero,"" but I admit I wound up rooting for the guy, too.<br /><br />Not everything was disappointing. I can't complain about the scenery, from the lush, green forests of Oregon to the desert in Arizona.<br /><br />I'd like to see this movie re-made and done better, because it is a one-of-a-kind story.",0,10294
159,"What can I say about this film other than ""don't see it"". I waited and waited and WAITED for someting (or anything) to happen and it just didn't come. Watch amazingly as two people walk around while setting the record for most filler screen time in a single movie. What are they doing? Are they solving a mystery? Are they gathering clues? Possibly, it's just hard to tell. At the end of the movie, after a lot of radio signals are decoded (illegibly on some sort of PET monitor) and this guy gives some lectures, the plot is finally revealed and tossed aside as quickly as possible. Some aliens want to get back to their home world utopia and are so happy there that they want to blow up the earth (I guess they don't like sharing the wealth). My guess is they finished filming and saw their 35 minute work or art (garbage!) and decided that they'd let the editing crew turn it into an 88 minute feature film. Watch at your own peril, it's not even funny because it's so bad, it's just bad.",0,10359
160,"Unless you are between the ages of 10 and 14 (except for the R rating), there are very few things to like here. One or two lines from Kenan Thompson, David Koechner (we really should see him more) and Sam Jackson are humorous and Julianna Margulies is as good as she can be considering her surroundings, but sadly, that's it. Poor plot. Poor acting. Worse writing and delivery. The special effects are dismal. As much as the entire situation is an odd and awful joke, the significant individual embedded situations are all equally terrible. If we consider the action portions, well there are unbelievable action sequences in some films that make you giddy and there are some that make you groan. This movie only contains the latter kind. This leaves little left. I'm so glad I did not pay for this.<br /><br />Despite any hype, I can read and think, so as I sat down to watch, I did not expect anything good. I had no expectations, but was somewhat worried going in. Yet, like a train wreck, one cannot merely look away. And even with no expectations, I was let down. Bad. Not even 'so bad, it's good' material. I'm _very_ tolerant of bad movies, but this makes ""Six String Samurai"" (which I liked) Oscar worthy.<br /><br />No, this piece of over CGI'd rubbish is in the same company as Battlefield Earth, Little Man and Gigli. How this is currently rated a 7.2 completely mystifies me. Brainwashing or somehow stacking the voting system is all that I can think of as answers.<br /><br />I could go on and on but suffice to say that tonight, I witnessed a train wreck. I need to go wash my eyes. 1 of 10",0,10424
161,This is a rotten movie.The cast seem to know just how bad it was.it starts badly and by the end is truly bad.the acting is woeful.the script could of been written on the spot.and although the movie is a horror film it has no scary scenes.Crap 1 out of 10,0,10489
162,"While I count myself as a fan of the Babylon 5 television series, the original movie that introduced the series was a weak start. Although many of the elements that would later mature and become much more compelling in the series are there, the pace of The Gathering is slow, the makeup somewhat inadequate, and the plot confusing. Worse, the characterization in the premiere episode is poor. Although the ratings chart shows that many fans are willing to overlook these problems, I remember The Gathering almost turned me off off what soon grew into a spectacular series.",0,10554
163,"Some people say Steve Irwin's larrikin antics and gregarious personality are only an act. Watch this film: it's obvious he can't act.<br /><br />Steve Irwin, dangerman star of the small screen in his *Crocodile Hunter Diaries*, *Croc Files* and eponymous *Crocodile Hunter* series (you see a naming trend here, or is it just me?), rockets his larger-than-strife persona to the big screen with *Crocodile Hunter: Collision Course* (yup  there's a definite trend of words beginning with 'C') - basically an episode of *Crocodile Hunter* mashed together with a B-Movie.<br /><br />On a mission to relocate a big croc to save it from being shot by an eccentric farmer (Magda Szubanski), Steve and wife Terri are unaware that the croc is being tracked by American spies (Lachy Hulme and Kenneth Ransom), out to recover a spy satellite beacon it has swallowed. Will it hurt my credibility to say ""They're on a Collision Course with Wackiness""? (what credibility? - Ed note.)<br /><br />The plot is irrelevant, as it is Steve's animal magnetism that propels the film. If you find his persona trying, the film is a failure, but if you're a fan of either him (as a businessman, conservationist or just plain ass-klown) or his television shows, expect more of the same on a wide-screen budget.<br /><br />John Stainton, faithful liege, best mate and helmer of the Crocodile Hunter *oeuvre* (can it be called that with a straight face?), writes and directs with the same provincial swagger that made Steve a household wildlife jester.<br /><br />The most jarring aspect of this movie is that Steve (one of the few people for whom you can actually hear the exclamation points going by as he speaks) and Terri (Steve's spouse of 10 years, fiercest ally and closest friend) treat it like it IS one of their documentaries, breaking the ""fourth wall"" and speaking directly to the camera, whilst all the other characters behave as if they're in a bad movie (well). It wouldn't be so incongruous if Steve and Terri were kept separated from the rest of the characters  but when the Bad Americans constantly threaten Steve's life, we Confused Viewers must ask ourselves why the indifferent camera crew doesn't at least call the cops if not try to poke the bad guys in the eye with the boom mics, or run screaming into the bush  anything but continue filming casually with great lighting, crisp audio and seven action angles. <br /><br />While Terri is unfairly painted as Steve's mildly incompetent sidekick (her acting consists of boldly inept line reads and gadding about in pear-shaped-buttock-hugging jeans - for the last, I'm not complaining), Steve goes about his business-as-usual of show-and-tell with creatures intent on killing him, doing all his stunts himself because, well, to him they're not really stunts, just a Day At The Office. <br /><br />Of course, watching this madman's koo-koo adventures after his tragic death in September 2006 casts a strange detachment over the proceedings. But to those of us who never met him, this kind of malarkey (as well as various incarnations of the *Crocodile Hunter* series in constant re-runs) keeps him as alive as ever in our crocodile burrows. The wrenching reality of his absence will only be apparent to those nearest him. And I truly wish them the best in following in his outsize footprints <br /><br />So enjoy this diversion for what it is  a half-baked movie featuring a full-on legend. He died doing what he loved  interacting with wildlife - and he could never have asked for more of his first feature film in portraying him doing just that.<br /><br />(Movie Maniacs, visit: poffysmoviemania.com)",0,10619
164,"Poor Ingrid suffered and suffered once she went off to Italy, tired of the Hollywood glamor treatment. First it was suffering the torments of a volcanic island in STROMBOLI, an arty failure that would have killed the career of a less resilient actress. And now it's EUROPA 51, another tedious exercise in soggy sentiment.<br /><br />Nor does the story do much for Alexander KNOX, in another thankless role as her long-suffering husband who tries to comfort her after the suicidal death of their young son. At least this one has better production values and a more coherent script than STROMBOLI.<br /><br />Bergman is still attractive here, but moving toward a more matronly appearance as a rich society woman. She's never able to cope over the sudden loss of her son, despite attempts by a kindly male friend. ""Sometimes I think I'm going out of my mind,"" she tells her husband. A portentous statement in a film that is totally without humor or grace, but it does give us a sense of where the story is going.<br /><br />Bergman is soon motivated to help the poor in post-war Rome, but being a social worker with poor children doesn't improve her emotional health and from thereon the plot takes a turn for the worse.<br /><br />The film's overall effect is that it's not sufficiently interesting to make into a project for a major star like Bergman. The film loses pace midway through the story as Bergman becomes more and more distraught and her husband suspects that she's two-timing him. The story goes downhill from there after she nurses a street-walker through her terminal illness. The final thread of plot has her husband needing to place her for observation in a mental asylum.<br /><br />Ingrid suffers nobly through it all (over-compensating for the loss of her son) but it's no use. Not one of her best flicks, to put it mildly.<br /><br />Trivia note: If she wanted neo-realism with mental illness, she might have been better off accepting the lead in THE SNAKE PIT when it was offered to her by director Anatole Litvak!! It would have done more for her career than EUROPA 51.<br /><br />Summing up: Another bleak indiscretion of Rossellini and Bergman.",0,10684
165,"I notice that most of the people who think this film speaks the truth were either not born before the moon landings (1969-1972), or not old enough to appreciate them. I think it is much easier to question an historic event if you did not live through it.<br /><br />I was a youngster at the time of Apollo, but I was old enough to understand what was going on. The entire world followed the moon landings. Our families gathered around the TV to watch the launch. Newspaper headlines screamed the latest goings-on each day, from launch to landing, from moonwalks to moon liftoff, all the way to splashdown, in a multitude of languages. In school, some classes were cancelled so we could watch the main events on TV. During Apollo 13 the world prayed and held its collective breath as the men limped home to an uncertain fate. You couldn't go anywhere without someone asking what the latest was. The world was truly one community. <br /><br />Now with a buffer of 30-odd years after the fact, it is easy to claim fraud because worldwide enthusiasm and interest has died down. We are left with our history books, and anybody can claim that history is wrong and attempt to ""prove"" it with a bunch of lies and made-up facts while completely ignoring the preponderance of evidence showing otherwise--not to mention the proof that dwells in the souls and memories of those who lived through these wonderfully heady and fantastic days.",0,10749
166,"Having read the novel before seeing this film, I was enormously disappointed by the wooden acting and the arrogance of the producers in their blatant disregard of the plot. I feel this film in no way reflects the brilliance of Bronte's work, and rather gave the impression of a shallow love story. In the condensing of the film to a short 2hours, the film lost many of the key features which make the book comprehendable and progressional, thus resulting in a somewhat jumpy plot with little grounding. There is no build up to the romance between Rochester and Jane Eyre, so this appears rather abrupt and unfounded since the two characters have such infrequent interaction you cannot help but imagine their 'love' is superficial. This is such an injustice to Bronte's novel;you are given no impression of Jane's quirky cheek and boldness which attracts Rochester to her, and his arrogance which attracts Jane to him.<br /><br />Despite to poor scripting, I think that a few of the characters were portrayed very astutely, namely Mrs Fairfax and Grace Poole, however overall the production was poor. Given a better scripting, perhaps the film would have been more successful. See ""Jane Eyre"" (1970) with Zelah Clarke and Timothy Dalton for an outstanding production.",0,10814
167,"Del - ""You are the dumbest smart person I've ever met.""<br /><br />Calvin- ""Well,I had a brain, but they lost it in the re-writes.""<br /><br />I think what I find most egregious about this bastardization of Asimov's work was how the character of Susan Calvin was portrayed. In the books, she was actually one of the first strong female protagonists, able to think her way through a problem. Here she's just a damsel in distress, waiting to be rescued by Wil Smith.<br /><br />There are passing references to Asimov's Laws of Robotics, but they are an afterthought to the CGI and action scenes.<br /><br />Smith is likable, as he is in most of his films, but honestly, the story isn't that good. YOu figure it out long before these genius characters do.",0,10879
168,"Now, I've seen a lot of bad movies. I like bad movies. Especially bad action movies. I've seen (and enjoyed) all of Jean-Claude Van Damme's movies, including the one where he's his own clone, both of the ones where he plays twins, and all three where he's a cyborg. I actually own the one where he plays a fashion designer and has a fight in a truck full of durians. (Hey, if nothing else, he's got a great ass and you almost always get to see it. With DVD, you can even pause and zoom in!) That's why you can trust me when I say that this movie is so bad, it makes Plan 9 look like Citizen Kane.<br /><br />Everything about Snake Eater is bad. The plot is bad. The script is bad. The sets are bad. The fights are bad. The stunts are bad. The FX are bad. The acting is spectacularly, earth-time-bendingly bad, very probably showcasing the worst performance of every so-called actor in the cast, including Lorenzo Lamas, and that's really saying something. And I'd be willing to bet everyone involved with this movie is lousy in bed, to boot. ESPECIALLY Lorenzo Lamas. <br /><br />It does manage to be unintentionally funny, so it's not a total loss. However, I recommend that you watch this movie only if you are either a congenital idiot or very, very stoned. I was able to sit through it myself because I needed to watch something to distract me from rinsing cat urine out of my laundry.<br /><br />It didn't help much, but it was better than nothing. One point for Ron Palillo's cameo as a gay arsonist.",0,10944
169,"What more can I say? The acting was, almost without exception, amateurish. The directing and continuity were pitiful. The sceenplay was predictable down to the very last scene and the dialog tedious. One of the features on the DVD was labeled ""Gag Reel"" but that could have been a description of a viewer's reaction to most of the movie.<br /><br />One of the most amusing things was in the director's comments on the DVD. He said, with a straight face, that he had set out to make a movie with high production values and a name cast - and that he had succeeded. With delusions like that it's easy to understand how the movie turned out as it did.<br /><br />Perhaps the most disappointing aspect was the monster. The darkwolf suit was a modified ape suit (per the 'making of' feature on the DVD) and rather looked it. The mask and claws were little better than off the shelf jobs from any costume store. The cgi effects were painfully obvious and of quality similar to an inexpensive video game.",0,11009
170,"This was a truly bad film. The character ""Cole"" played by Michael Moriarty was the biggest reason this flopped, the actor felt that conjuring up an unbelievably awkward southern drawl would make this character more evil, it didn't. After about 20 minutes I had wished for a speech therapist to make an appearance, this would have added some sincerity.<br /><br />- 1) badly acted - 2) unsympathetic characters - 3) razor thin plot line<br /><br />Yuck!<br /><br />",0,11074
171,"To start with, I have to point out the fact that you're gonna feel completely lost for more than half an hour. Yeah, some things happen, but you don't know why or what for. When you finally figure things out you just realize that it's nothing but a twisted soad opera, dealing with mature prostitutes, dead mothers, illegitimate sons... The characters are rather poor and the actors (specially the young ones) don't help that much to make'em look credible. Only Marisa Paredes stands out, but she's a superb actress, no matter if the movie is pure rubbish.<br /><br />The only positive things to say about ""Frío Sol De Invierno"" is that débutant Pablo Malo seems to have good intentions, and he's filmed a couple of scenes that are quite intense... Well, maybe the next time...<br /><br />*My rate: 4/10",0,11139
172,"My friends and I walked out after 15 minutes, and we weren't the first. Afterwards, we tried to get our money back. Movie theater management wouldn't allow this, but they did agree to let us see another film. The only time that worked for us was to see Dickie Roberts: Former Child Star. As you can tell, this wasn't a memorable night. Probably one of my worst movie nights. Close second has to be when I saw a double header of Domestic Disturbance and Heist. In conclusion, for the sake of humanity, please don't see The Order.",0,11204
173,"Medellin is a fabulous place to live, work, and study. I've been there twice, and never did I hear anything about guerrilla activities, paramilitaries taking tourists hostage, or anything of the sort. There are ""invisible police,"" but it is *not* a Big Brother system. There are just enough police so that they are visible in everyday life, but they do not hassle someone without good reasons.<br /><br />La Sierra is an interesting documentary in that the youths it depicts in the movie essentially become its characters. The directors of the movie carefully carve out plot lines among the daily actions of the inhabitants of La Sierra, and when a ""character"" dies, there is genuine pathos. It is difficult to imagine, however, that the three youths are all members of the Bloque Metro, a gang that used to terrorize La Sierra before the Colombian government began to restructure the country.<br /><br />La Sierra is not an accurate depiction of life in Colombia; there are, of course, things to be wary of such as petty crime, but when one considers pickpocketing happens in ""modern"" cities such as London, New York, or Tokyo, Colombia doesn't seem that different after all. Colombians are eagerly awaiting their chance to show to the world that the once war-torn country is now prospering more than ever.",0,11269
174,"There is a word for this sort of film, and that word is ""drivel."" It was drivel when it was a VHS rental, and it's drivel on satellite re-runs now.<br /><br />It might fool you, because it has 2 moderately well-known names in Kistofferson and Henriksen, reasonable soundtrack music, and nice Monument Valley scenery.<br /><br />It also has some curly haired woman who fights a lot.<br /><br />If that's all you want from a movie, then maybe this will keep you happy.<br /><br />It's still drivel, though.",0,11334
175,"*May contain spoilers*<br /><br />I bent over backwards to be fair to this film. I knew it starred Madonna. I knew it lasted a whole week in theaters. I knew it got a lot of bad reviews. I wasn't expecting a deep and thoughtful examination of class, culture and sexuality like we got in the Italian original. The benefit of the doubt lasted a whole ten minutes.<br /><br />Madonna plays a rich, pretentious, nit-witted Gorgon who goes on vacation with her henpecked husband and flippant friends (the brunette woman is as bad as Madonna, exhibiting some really dumb facial expressions). Adriano Giannini plays the ship's first-mate who the Madonna character delights in humiliating and treating like dirt in every scene they have together. Why is she such a bitch to him? Simply because the plot requires it so that later when the two of them get marooned on a deserted Mediterranean island the tables will be turned and he will teach her a lesson. Just as inexplicable is how they fall in love despite having nothing in common and having abused each other for two-thirds of the movie.<br /><br />""Swept Away"" is a silly, simplistic, superficial movie from beginning to end. Madonna gives a typically wooden performance. There are many dumb scenes: Madonna singing and dancing atrociously at the demand of Giannini, a fantasy scene with Madonna and a lot of scenes where he slaps her and kicks her in the butt. Guy Ritchie does his ""stylish"" editing which is laughable here. The film contains some of the worst dialog I've heard in a major movie in several years. The ending is sappy and implausible. It's basically ""The Blue Lagoon"" meets ""Overboard"" minus the nudity of the former and the sense of humor of the latter.<br /><br />Maybe Madonna's ego is so big that she insists on continuing to prove herself as a competent actress. Please give it up, Madge, for our sake as well as yours. This isn't her worst movie though. That distinction still belongs to ""Shanghai Surprise"". She hasn't made anything worse than that...yet.",0,11399
176,"By no means is this movie as bad as 'Perfect Stranger', but it just wasn't funny. It couldn't stick to one type of comedy - it jumped from SNL, to Adam Sandler-esquire, to romantic, to little guy scores big, to slapstick, to 'Loser' (the movie) types of comedies. Although there were some pretty funny slapstick moments (the fall down the hill), no one was very particularly funny or outstanding in any way. 'Schindler's List' was funnier (and felt shorter). you never knew if Andy Samberg was supposed to be in high school, a college dropout, or just a loser living at home with his mother - Sissy Spacek, in her worst choice of roles. And poor Ian McShane, THE serious actor if I only had to name one, is given crap to read into the camera. The story drags and is completely predictable up to and including the end (no spoilers here in case Adam Samberg's mom wants to see it). Don't spend ANY money going to see this movie, and maybe Lorne Michaels will get the hint and start producing quality (Yes, Wayne's World and Tommy Boy are quality) movies.",0,11464
177,"SPOILERS: I'm always surprised at how many people gave this game good reviews. It was awful. The script and voice acting alone ruined it. Gabriel and Grace are the most unlikeable characters in the game. You almost pray for their deaths. And worst of all, there are less vampires in this game than there were werewolves in The Beast Within.<br /><br />The lack of real vampires was incredibly disappointing. If you're expecting some kind of Anne Rice style vampire story, forget it. This game's story has very little to do with vampires. You won't even see any till about the very end and even then, you won't get to fight them.<br /><br />The story has radical, and pretty much blasphemous, views of Christianity. I'm amazed it got off the drawing board. I'm not even Christian and I found it offensive. Mostly, the story centers around a search for The Holy Grail and buried treasure. The kidnapping of a royal baby, which should have been the focus, really gets pushed aside. There is no sense of urgency for Gabriel to find the baby. In fact, he almost never asks anyone about the baby after the first few time blocks.<br /><br />The graphics are pretty bad. The characters move about at a snail's pace even on the best of systems. They are chunky and outdated. And it's hard to go from the FMV of The Beast Within to this horrible game engine for Blood of the Sacred.<br /><br />The relationship between Gabriel and Grace takes an awful turn, too. I really don't know why it was so horribly rushed, but they do sleep together. And it's not fun. Gabriel spends most of the game telling his best friend Mosely how he thinks of Grace as more of a sister and he doesn't think she's the one for him. And he seems really grossed out that they slept together. But he's so unlikeable throughout the game, that you almost don't even care at that point. His dialogue was the worst in the game. And he was constantly making stupid sexual innuendos at anything female the entire game. By the end of the game, Grace leaves him with what appears to be a Dear John letter. I guess she was as fed up with him as most of the players were.<br /><br />I found the story to be annoying and boring. I was expecting to play a story of a royal baby who was kidnapped by vampires. And I was expecting to get to see and fight vampires, maybe even have Gabriel or Grace turn into one. But no. Instead, the story focused on the author's warped vision of Christianity. What a shame. Here they had the elements for a great adventure, and instead we got this.<br /><br />For me, the only interesting parts of the game were actually at the very end. We do get a few action style puzzles at the end. But it wasn't worth suffering through the entire game to get to them.<br /><br />I can't really recommend this game. I had gotten it back when it came out, years ago, and I hated the game engine so much that I shelved it for years. I only recently dusted it off to see what I'd been missing. And now, I'm very sorry that I did. My favorite characters were ruined. I hope there will be a fourth game just to redeem the series. And I hope they get it right next time. It would be a terrible shame to end the series with this installment.",0,11529
178,"Goodnight, Mister Tom begins in an impossibly exquisite village in the south of England where the sun always seems to shine. Before we have much idea of the period we hear a radio announcement of the declaration of World War II. Soon a train blowing clouds of steam brings refugee children from London and when shy little William is billeted with reluctant, gruff old Tom (who you just know will turn out to have a heart of gold) our tale begins.<br /><br />And what a load of sentimental claptrap it is. In fact it's just the old odd-couple buddy formula. Aren't any new stories being written?<br /><br />As I suggested there's hardly any period feel in the village and not much more in London apart from the odd old ambulance rattling around. And certainly no hint of the horror of the Blitz as London's citizens file politely into air-raid shelters. Even when the local schoolteacher's husband is declared missing presumed killed, he is later restored to life.<br /><br />I found `Goodnight, Mister Tom' cliched and obvious and John Thaw's accent conjured up a picture of Ronnie Barker of the Two Ronnies with a straw in his mouth doing his `country bumpkin' accent.<br /><br />Incidentally my wife enjoyed this movie for all the reasons that I disliked it and looking at fellow-imdb reviewers I seem to be in a minority of one.<br /><br />",0,11594
179,"You know what you are getting when you purchase a Hallmark card. A sappy, trite verse and that will be $3.99, thank you very much. You get the same with a Hallmark movie. Here we get a ninety year old Ernie Borgnine coming out of retirement to let us know that as a matter of fact, he is not dead like we thought. Poor Ernie, he is the poor soul that married Ethel Merman several years ago and the marriage lasted a few weeks. In this flick, Ernie jumps in feet first and portrays the Grandpa that bonds with his long lost grandkid. We have seen it before. You might enjoy this movie but please don't say that you were not warned.",0,11659
180,"I was really looking forward to seeing this film, but after watching it I was really disappointed. The best bit was when Stephen King was in it. Rober John Berk cannot act to save his life and neither can any of the others. A few of the performances even made me laugh out loud! The film was was not as I imagined it, after reading the book which was awesome, I imagined it darker and a lot scarier. If i was Stephen, I would be really mad!<br /><br />I don't know why they changed the ending, I thought the ending of the book was very good. If you just found out the pie killed your daughter, you wouldn't feed it to anyone else would you?!<br /><br />Book was so much better!",0,11724
181,"It's the worst movie I've ever seen. The action is so unclear, work of cameras is so poor, actors are so affected ... and this lamentable 5 minutes of Arnie on the screen. My advice from the bottom of my heart - don't watch it unless you like such a low class torture.",0,11789
182,"There is something kind of sad about seeing someone who is so good at doing something try to do something very different ... and end up being mediocre. I was thinking about Jordan playing baseball, but the same applies to Steve Martin.<br /><br />This movie is reasonably well acted and directed, but the script is a stinker. Martin did a great job adapting a classic story into a comedy in ""Roxanne"", but this effort to bring a Victorian drama to the contemporary scene smacks straight into a wall of implausibility. If you want to see an old story updated with some style, best to rent ""Great Expectations"".",0,11854
183,"I am a big fan of Ludlum's work, and of the Covert-one books, and I had often thought how incredible they would be made into a film. Imagine my excitement, then, on learning that such a movie actually existed! The 'Hades Factor' being the first in the series seemed an obvious place to start.<br /><br />From the outset the film was disappointing. Simple elements from the film such as Griffin's first meeting with Smith are needlessly different from the book, and much less exhilarating. Several characters are poorly cast, too. For starters Dorff is woeful as Smith. Not a bad actor, just an incredibly bad choice as he is far too soft, and fails to exhibit many of the features that are definitive of John Smith.<br /><br />Re-naming, re-assignment and even omission of certain characters further degrades this film. For example the removal of Victor Tremont and the entire back-story of the virus, including the involvement of VAXHAM makes the entire point to the film somewhat hazy. Marty Zellerbach is a very large part of the book, and in the seat he takes vary much a back seat (not to mention that the film character shares nothing in common with the character in the book) is another big mistake.<br /><br />Rachel Russel is presumably supposed to be Randi Russel from the book. Not only is she supposed to be the sister of Sophie Amsden (should be called Sophia Russel) but she is also supposed to work from the CIA, NOT ""Covert-one"". Which brings me to my final point, and I think one of the most important. COVERT-ONE doesn't even exist at this point! Not until the second book of the series is Covert-One devised by the president as a preventative measure against further biological terrorism.<br /><br />To be honest I could go on all day. In short - if you like the books and want to see a good adaptation, I'm afraid you'll be bitterly disappointed. Even as an action movie it is thoroughly average, mainly due to very lack-luster editing and poor effects. The bumbled story line and dull-as-ditch-water script are the final nails in the very cheap coffin of this film.",0,11919
184,"His first movie after longtime friend John Belushi's death, Aykroyd shows much fatigue trying to pull off a character that would have been a snap for Belushi.<br /><br />Instead, ""Doctor Detroit"" gives us bookish professor Aykroyd masquerading as a weird, violent pimp to ward off a rival known only as Mom. That's bad enough, but he also has classes to teach, a school dinner to host, four ladies of the evening to protect and a Pimp's Dinner (or something like that) to attend. No wonder Aykroyd seems stupefied most of the time. Why should the viewer be alone?<br /><br />It was on this film that Aykroyd met future wife Donna Dixon. At least some good came out of this chaotic mess.<br /><br />One and a half stars. You want good Aykroyd, see ""The Blues Brothers"". You want bad, see ""Doctor Detroit"".",0,11984
185,"First, a little summary. This reporter named Torch is basically trying to get out the story of a zombie outbreak and finds the military & government censoring him. Nice message, government censorship and all that, but the way they DID the movie was, well let me explain.<br /><br />This movie is beyond description. The idea that somebody holds it in higher regard than anything by George Romero is justification enough for the reviewer to be committed to a mental institution. The script is atrocious on its own, like it was written by a sixth grader.As for special effects, I understand that independent films have low budgets, and some gore effects looked acceptable, but if you want a scene with fire, here's a tip: buy some nonflammable material, have an extinguisher ready, and get a fire going! Don't digitally add it in and make it look like an explosion from a Nintendo 64 game. The acting, well let's put it this way. In my summer theater program, a cold reading of the script is, compared to this, The Godfather. I won't even go into the inconsistencies. Find them yourself.<br /><br />What disturbed me the most, though, was when everything was finished after shooting and editing, somebody might have said, ""Okay, this looks good. Let's release it."" It sends a chill down my spine to even think about it, to think somebody felt that this was good enough for DVD release. This isn't DVD quality. This isn't Sci-Fi channel quality. Hell, this isn't even film school quality. If you were to submit this in for a project at a film school, you would get an F. No, not even an F, more like an F-. I wouldn't be surprised if he would try to get you expelled.<br /><br />I felt used after I saw this thing. Blockbuster and the makers of this movie have my money right now, and I'd prefer not to think of what they're doing with it. I have been the pawn of some elaborate, nefarious scheme at legalized theft, and it doesn't feel good to think that I walked right into it, looking at the back cover with pleasant memories of 28 Days Later only to find a film Ed Wood would watch and say afterwards, ""I didn't much care for this."" This film is the single most terrible movie I have seen. I have not seen anything by Ed Wood, but I have confidence this is worse. If you are looking for serious cinema, so much as being within ten feet of it will probably give you a bad headache. If not, I still recommend that you personally write the director and ask how he sleeps at night. However, if you are the kind of person who get a laugh out of really bad stuff then I recommend you check this out. You won't be disappointed.",0,12049
186,"I literally fell asleep 3 times watching this movie. Granted, it's Shakespeare and that takes a certain mindset to be interested or not. But this movie exceeds any barrier of long soliloquies and what not, that may prevent many from just not caring about a Shakespeare based story.<br /><br />The largest roadblock to this production is the complete flatness of the characters. Often during character's interacting, it's nearly difficult to distinguish who's lines are who's. Granted, I believe this movie is dubbed in English. Certainly they could've obtained voice actors which could've added a bit more drama to these classic, literary lines.<br /><br />It would be difficult to rate this movie greater than 1, although perhaps that's based on prejudices of perhaps age and what would seem a very low budget. Still, it's absolutely painful and boring. If you insist on Hamlet, do yourself a favor and read the book again. 1/10",0,12114
187,"The Japenese sense of pacing, editing and musical score must be different than American tastes, but surely this movie could have been so much more with a little more post production work.<br /><br />Someone in Hollywood needs to re-make this movie and I think it would be a big hit. The story is interesting and creepy. There's something about the edges of the city, gritty policemen, earthquakes, sanitariums and mysterious saltwater killings that is enough to be captivating. However, this story has to make just a little bit of sense and maybe be about 40 minutes shorter.<br /><br />I do have to say that the ""sixth-sense"" effect was in full force in this movie, and that was evident from the very beginning.<br /><br />As it stands, only the die-hard Japanese film lovers should bother seeing this oh-so-boring movie.",0,12179
188,"The ghost of the Vietnam war has haunted the American psyche for thirty years now. If not because of the fact that tens of thousands of American soldiers went MIA in Vietnam, or the manner in which those who returned were treated, then because it was the first war that America could be said to have lost. Many men came home from the war a shadow of their former selves, and the original First Blood managed to provide a small insight into their problems as they attempted to rotate back into the world, as the saying goes. First Blood Part II, on the other hand, is little more than a fist-pumping mess that goes to illustrate how sore America can be, both in victory and defeat. Stallone puts in another sluggish performance as the titular Special Forces commando, while Richard Crenna attempts to hold up the serious actor quotient. Where it all comes undone is in the script, which didn't do any better when it was called Missing In Action and starred Chuck Norris. What little semblance of logic there was in the original is now gone, as the filmmakers decide to paint a big S on Rambo's massive chest.<br /><br />The film picks up a little while after the end of First Blood. The film, that is - the novel didn't allow for the possibility of sequels. In this mediocre follow-up, Rambo has been put to work at what appears to be some sort of open-air mine. As he is breaking rocks and working up a sweat, a prison guard pulls him away to go and have a chat with Colonel Trautman, who advises him that his government is willing to offer him an early release if he goes on a covert mission. Rambo, never one to back down from a hard day's violent work, accepts, and is promptly shipped off to a covert base in what appears to be Cambodia or Thailand (I forget which). From there, he is commissioned to seek out a camp where American MIAs are supposedly being held, and photograph them. His mission quite clearly specifies that he is not to make any attempt to secure their release. Rambo being Rambo, however, has other ideas in spite of their possible political implications.<br /><br />Of course, things go somewhat awry when it turns out that the people commissioning Rambo's work have more interest in making sure no American MIAs are found. It is the age-old conspiracy theory, and makes no apologies for exploiting the plight of many an American family that was left without a son during the ten years that the official Vietnam war had been raging for. Of course, with the Jingoism that was inherent in American society during the 1980s, they could not help but work in a plot tangent about the Vietnamese army being in bed with what appears to be a single battalion of Russians. Together, the two antagonists attempt to extract what information they can from Rambo, but it backfires upon them in an orgy of bullets, arrows, rockets, and destruction. About the only thing missing is the moment when Rambo drinks from a grail-like chalice and declares himself invincible.<br /><br />To be honest, First Blood Part II is a well-photographed, and well-choreographed, action spectacle. The hand-to-hand combat with the larger Russian commander is one of the few battles in the film that has any dramatic tension whatsoever. The rest is simply a case of the lead actor and the director building a fantasy for Americans to pump their fist to. Fortunately, this fad of America über alles action films soon died down when more introspective and intelligent war films such as Platoon began doing the rounds. Some of the kills shown here are quite creative, despite all the problems. The Vietnamese commander meets an end that many an action film villain would envy. The Russian commander bites it in a manner that is as spectacular as it is ridiculous. Only in a 1980s action film would one see a LAW being used from inside a helicopter. Sure, there have been action film clichés rooted in contradictions of fact, but never this ridiculous before.<br /><br />I gave Rambo: First Blood Part II a one out of ten. It is so bad it is ridiculous, and so ridiculous that it is often funny. One doesn't even need to have served in the military to know how stupid some of the action sequences are. The only risk it takes is in trying to make a stupid political statement with what is a heartbreaking subject for those directly involved. Keep the tongue firmly in the cheek, and it might be watchable.",0,12244
189,"When i got this movie free from my job, along with three other similar movies.. I watched then with very low expectations. Now this movie isn't bad per se. You get what you pay for. It is a tale of love, betrayal, lies, sex, scandal, everything you want in a movie. Definitely not a Hollywood blockbuster, but for cheap thrills it is not that bad. I would probably never watch this movie again. In a nutshell this is the kind of movie that you would see either very late at night on a local television station that is just wanting to take up some time, or you would see it on a Sunday afternoon on a local television station that is trying to take up some time. Despite the bad acting, cliché lines, and sub par camera work. I didn't have the desire to turn off the movie and pretend like it never popped into my DVD player. The story has been done many times in many movies. This one is no different, no better, no worse. <br /><br />Just your average movie.",0,12309
190,"Let's put political correctness aside and just look at this in terms of the numerous sex comedies that came out in the 1980's because I for one don't think this is any better or any worse than the others. Unless your some religious kook or an uptight female you can probably view a silly film such as this without getting all worked up about the content and I personally had a totally innocuous feeling towards this before and after watching it. Story is set in Albuquerque, New Mexico where a rich 15 year old boy named Phillip ""Philly"" Fillmore (Eric Brown) is naturally horny as hell and starts spying on the attractive maid that has just started working for his father.<br /><br />*****SPOILER ALERT***** Nicole Mallow (Sylvia Kristel) is friendly to Philly but things heat up when his father goes out of town on business and she starts to flirt with him to the point where she invites him into her bedroom to watch her undress. Philly is awkward and doesn't know how to react at first but soon he goes for it and has sex but than to his horror it seems that Nicole has died from a heart attack! With the help from the sleazy chauffeur Lester Lewis (Howard Hesseman) they seemingly have buried her body but a note from a blackmailer shows up and Philly must get $10,000 out of his father's safe. Philly is shocked when Nicole shows up and he learns that the whole thing was an extortion plan set up by Lester and that she only went along with it because she's an illegal alien and if she didn't do what she was told Lester would have called the immigration office. Together they try to get his father's money back before he returns home and they enlist the help from Jack (Ed Begley Jr.) who is a tennis instructor but pretends to be a cop to scare Lester.<br /><br />This little comedy was made for less than $3 million but it grossed over $50 million worldwide and made it one of the least likely films during that time to be so successful which prompts me to wonder why this was a hit and not any of the others in the genre. Director Alan Myerson can boast that he made a hit film but the truth is that he never really had a career in films although he did go on to be very successful in television. So...why did this become so successful? I have a thought that it just may be because of Kristel and before you decide that I'm crazy listen to my reasoning. Kristel was an international star because of her soft core films so that reason alone made many free thinking adults curious about viewing her in an American film that was getting a wide release. With that, the same adults would also be nostalgic about their own youth and the fantasy of being taught the ways of lovemaking by an attractive older woman which brings in the much younger audience members who are probably still very inexperienced and curious about the film. Anyway, that's my thought and if anyone has another reason I would love to hear it but back to the film itself it's apparent (and very sad) that a film like this could probably never get made again (except in Europe) because of the religious right and the other prudish freaks who just can't come to terms with the fact that a teenage boy getting laid will not do him any harm. In fact, it's a valuable service that ALL BOYS pray will happen to them! The film itself is clumsy and Kristel's body double is all too evident in certain scenes especially if you take careful note of the difference in their nipples. The story (although intriguing in it's basic form) is neither very funny or revealing so were left ogling the nude scenes that are really the norm for the genre.",0,12374
191,"This is one of those movies that you and a bunch of friends sit around drinking beers, eating pizza, and laugh at. Unfortunately for me I found myself watching this one alone. My friends and I rented a big block of movies and never got around to seeing this one. It was due back and I figured that it was a waste not to watch it. So I did, and I was impressed at how absolutely terrible this movie is.<br /><br />Now, I love bad movies quite a bit, and I probably would have liked this one if the ""hero"" wasn't so utterly loathsome. The entire movie I was hoping that he'd put that stupid sword down and let someone kill him! He does very little heroic things in the movie. He's a beefy, disgusting, stupid thing. He has less redeeming qualities than the villains do. And what was it with all the naked chicks? I mean, I love naked chicks just as much as the next guy, but this movie went a tad overboard in that department.<br /><br />Well, anyway, if you love bad movies and can stand a disgusting ""hero"" then I'm sure you'll like this schlock of a film.",0,12439
192,"*Contains spoilers due to me having to describe some film techniques, so read at your own risk!*<br /><br />I loved this film. The use of tinting in some of the scenes makes it seem like an old photograph come to life. I also enjoyed the projection of people on a back screen. For instance, in one scene, Leopold calls his wife and she is projected behind him rather than in a typical split screen. Her face is huge in the back and Leo's is in the foreground.<br /><br />One of the best uses of this is when the young boys kill the Ravensteins on the train, a scene shot in an almost political poster style, with facial close ups. It reminded me of Battleship Potemkin, that intense constant style coupled with the spray of red to convey tons of horror without much gore. Same with the scene when Katharina finds her father dead in the bathtub...you can only see the red water on the side. It is one of the things I love about Von Trier, his understatement of horror, which ends up making it all the more creepy.<br /><br />The use of text in the film was unique, like when Leo's character is pushed by the word, ""Werewolf."" I have never seen anything like that in a film.<br /><br />The use of black comedy in this film was well done. Ernst-Hugo Järegård is great as Leo's uncle. It brings up the snickers I got from his role in the Kingdom (Riget.) This humor makes the plotline of absurd anal retentiveness of train conductors against the terrible backdrop of WW2 and all the chaos, easier to take. It reminds me of Riget in the way the hospital administrator is trying to maintain a normalcy at the end of part one when everything is going crazy. It shows that some people are truly oblivious to the awful things happening around them. Yet some people, like Leo, are tuned in, but do nothing positive about it.<br /><br />The voice over, done expertly well by Max von Sydow, is amusing too. It draws you into the story and makes you jump into Leo's head, which at times is a scary place to be.<br /><br />The movie brings up the point that one is a coward if they don't choose a side. I see the same idea used in Dancer in the Dark, where Bjork's character doesn't speak up for herself and ends up being her own destruction. Actually, at one time, Von Trier seemed anti-woman to me, by making Breaking the Waves and Dancer, but now I know his male characters don't fare well either! I found myself at the same place during the end of Dancer, when you seriously want the main character to rethink their actions, but of course, they never do!",1,12504
193,"While i was the video store i was browsing through the one dollar rentals and came upon this little gem. I don't know what it was about it but i just had a gut instic about it and wow was i ever right.<br /><br />The story centers around two girls who have just survived a school shooting. One of the girls is Alicia a teenage reble who is the only witness for the full attack and another is Deanna another survivor who survived a bullet to the head by some miracle. Thrown together by fate, they slowly begin a painful and beautiful display of healing and moving on.<br /><br />I just hate it when amazing movies fall through the cracks. Because wow what a performance by Busy Phillips and Erkia Christensen not to mention the rest of the cast! My only complaint is that the DVD was sorely lacking in special features. Oh and some of the jump cuts in the movie were kind of jarring. But all in all a excellent movie.",1,12569
194,"Those who know who know the Kelly ""legend"" & are hoping that this film would be an accurate depiction of his life may be disappointed with the creative license taken with this film (eg. Naomi Watt's character never existed in reality), but if you look at it purely as a piece of entertainment, it holds up pretty well. Ledgers performance in the title role is quite solid, taking the mantle of cinema's best Ned (not hard considering the previous Ned's include Yahoo Serious, Mick Jagger & former Carlton champion (Australian Rules Football) Bob Chitty, a great footballer but a poor actor. Some location shooting film in the area I live, Bacchus Marsh outside Melbourne as well as Clunes & Ballarat.",1,12634
195,"I finally purchased and added to my collection a copy of ""Show People"". I cannot comment any more than what previous viewers have stated and to the characters, plot and overall quality of this film without repeating their own words. Seeing the cameo, out-of-character appearances of so many M-G-M silent stars is worth the viewing in and of itself. I really like the scene where Marion Davies plays herself and is encountered by herself playing the main character of the movie, Patricia Pepoire. Make sure you read her lips as there is no title card indicating what she is saying when she sees Marion Davies but it is something to the effect of ""I don't think I like her!"" Pop the corn, pop in the tape and get ready to go back more than three quarters of a century in movie making history. Enjoy!",1,12699
196,"Spielberg's first dramatic film is no let-down. It's a beautifully made film without any flaws about the life of an African-American woman. It also proves that not all movies that have the African-American ethnicity as the center of the story have to be helmed by an African-American director.<br /><br />What I love about this movie is Spielberg's ability to make it very realistic despite the fact that it was based on a book. Furthermore, Danny Glover was excellent as Mr. And usually, he's just himself throughout most of his movies. But in this, he completely branches out and is someone else for once. But, the performance de resistance of the whole film comes from Whoopi Goldberg. She is excellent as Celie. You will never forget these characters once you've seen this movie.<br /><br />Now, I heard that the musical version of it is going to be a film as well, and all I can say is: I hope it's about as good as this one is, because this one is a film that shouldn't be missed.",1,12764
197,"I thought Rachel York was fantastic as ""Lucy."" I have seen her in ""Kiss Me, Kate"" and ""Victor/Victoria,"" as well, and in each of these performances she has developed very different, and very real, characterizations. She is a chameleon who can play (and sing) anything!<br /><br />I am very surprised at how many negative reviews appear here regarding Rachel's performance in ""Lucy."" Even some bonafide TV and entertainment critics seem to have missed the point of her portrayal. So many people have focused on the fact that Rachel doesn't really look like Lucy. My response to that is, ""So what?"" I wasn't looking for a superficial impersonation of Lucy. I wanted to know more about the real woman behind the clown. And Rachel certainly gave us that, in great depth. I also didn't want to see someone simply ""doing"" classic Lucy routines. Therefore I was very pleased with the decision by the producers and director to have Rachel portray Lucy in rehearsal for the most memorable of these skits - Vitameatavegamin and The Candy Factory. (It seems that some of the reviewers didn't realize that these two scenes were meant to be rehearsal sequences and not the actual skits). This approach, I thought, gave an innovative twist to sketches that so many of us know by heart. I also thought Rachel was terrifically fresh and funny in these scenes. And she absolutely nailed the routines that were recreated - the Professor and the Grape Stomping, in particular. There was one moment in the Grape scene where the corner of Rachel's mouth had the exact little upturn that I remember Lucy having. I couldn't believe she was able to capture that - and so naturally.<br /><br />I wonder if many of the folks who criticized the performance were expecting to see the Lucille Ball of ""I Love Lucy"" throughout the entire movie. After all, those of us who came to know her only through TV would not have any idea what Lucy was really like in her early movie years. I think Rachel showed a natural progression in the character that was brilliant. She planted all the right seeds for us to see the clown just waiting to emerge, given the right set of circumstances. Lucy didn't fit the mold of the old studio system. In her frustrated attempts to become the stereotypical movie star of that era, she kept repressing what would prove to be her ultimate gifts.<br /><br />I believe that Rachel deftly captured the comedy, drama, wit, sadness, anger, passion, love, ambition, loyalty, sexiness, self absorption, childishness, and stoicism all rolled into one complex American icon. And she did it with an authenticity and freshness that was totally endearing. ""Lucy"" was a star turn for Rachel York. I hope it brings a flood of great roles her way in the future. I also hope it brings her an Emmy.",1,12829
198,"Ok, so, this is coming a few weeks late, but it is here. Mostly, this is because of statements of various negative natures. Starting with the technology. When Star Trek: TOS ran, special effect technology was extreamely low tec, and more than that, the crew had little money to do any kind of proper mock ups. In the 35 years seince TOS premiered, the crew of Star Trek have become experts at economy.<br /><br />Ultimately, they have decided, quite rightly in my mind, to abandon the look of TOS and reverse engineered TNG et all. So what if they decided not to make the transporter out of gold glitter or made the phase pistols look closer to the ones from Star Trek II? As for the nits being picked about first contact with the Klingon Empire, it was presumed based upon comments made by Kirk and Riker that Earth only met the Klingon's in 2200. Nothing was firmly established.<br /><br />Enterprise gives us the most promising venue of exploration that we've seen in a while. This is what Voyager COULD have been. No series can evolve without a few inconsistancies, but be thankful that Star Trek has so few. So, quit gripping and enjoy.",1,12894
199,"Enchanted April is a tone poem, an impressionist painting, a masterpiece of conveying a message with few words. It has been one of my 10 favorite films since it came out. I continue to wait, albeit less patiently, for the film to come out in DVD format. Apparently, I am not alone.<br /><br />If parent company Amazon's listings are correct, there are many people who want this title in DVD format. Many people want to go to Italy with this cast and this script. Many people want to keep a permanent copy of this film in their libraries. The cast is spectacular, the cinematography and direction impeccable. The film is a definite keeper. Many have already asked. Please add our names to the list.",1,12959
200,"This movie is a lot of fun. The actors really make the movie go the distance though. Without giving away the plot, I would describe it as a new Princess Bride cult favorite that should stand the test of time. You get to see a whole different side to Robert DeNiro in this movie! (Worth the price of admission just for that!) All the elements are there from adventure to romance, and well placed comedy.<br /><br />People of all ages will enjoy it. (My parents even did!) Good special effects, may be scary for the little ones. Good date movie. Great for some escapism.<br /><br />Deserves an A. (Hope it does well at the box office)",1,13024
201,"The penultimate collaboration between director Anthony Mann and star James Stewart (excluding the few days Mann worked on Night Passage before parting company with the star under less than amicable circumstances), The Far Country belies its mainstream look to offer another portrait of an embittered man dragged unwillingly to his own redemption, fighting it every step of the way. This time he's a cattle driver whose response to labour problems - challenging troublesome cowhands to a gunfight at the end of the trail - results in his cattle being confiscated by John McIntire's larcenous judge of the Roy Bean school of law and order. Stealing them back and taking them across the Canadian border, he soon finds himself unwillingly drawn into the growing conflict between prospectors and the judge as he cheats or kills them out of their claims...<br /><br />While it's no great surprise which way Stewart turns at the end, he's a surprisingly callous critter along the way, even using his desire to just be left alone to excuse not warning a group of prospectors of an impending avalanche when he has the chance because it's not his problem. For most of the film there's really only a hair's breadth between him and McIntire, something the judge recognises immediately, revelling in the company of a kindred spirit even as he's genially planning to lynch him. In many ways the townspeople who put their faith in him probably recognise it too - despite their appeals to his dead-and-buried better nature, there's an unspoken acknowledgement that the only person who can stand up to the judge is someone almost as bad as he is.<br /><br />As usual with Mann there's an exceptional use of high country locations, though for once the final showdown takes place on level ground, and the film is almost perfectly cast with strong support from Walter Brennan, Harry Morgan and Ruth Roman (though Corinne Calvert's young romantic interest veers to the irritating). Sadly the great cinematography of the Canadian Rockies is done few favours by a distinctly average DVD transfer, with only the theatrical trailer as an extra.",1,13089
202,"If you weren't there, then unfortunately this movie will be beyond compassion for you. Which as I say is a shame because although some of the acting is amateurish, it is meant to be for realism. Let's face it--in real life, we don't say things in an exacting or perfect way, even when we mean to. In this sense, it works. This, however, does not apply to our ""known"" actors in this film, notably Jodie Foster (born a natural). The fact that the other 3 girls are not accomplished only adds to the story--Jodie plays the glue that struggles to keep their friendship close, even with the obvious feeling of fatality. Meaning that no matter how close friends are, eventually there are some people that just fade away, no matter how you try.<br /><br />And therein is the core of the movie. It's not about partying, it's not about sexuality, but about these 4 girls and their final time as still young girls before they have to go the world alone.<br /><br />If you have ever had a friendship like that in your life, you will feel this movie--it will mean a lot to you, no matter what era it is set in, or what era you grew up in. We all knew these girls in school, or at the very least knew of them. We all knew the frustrated virgin, half wanting to hold onto childhood and half wanting desperately to grow up and thinking that will do it for her. We all knew the boy-crazy one, the fashion plate whose vanity hides her fear of the world, her fear of acceptance. We all knew the party girl, the one they whispered about, with tales of not only her sad home life but of her notorious exploits. And we all knew the ""mother figure"", the one a little more real, a little more grounded, a little more sad because she knew what would happen. Maybe you were one of those girls. Maybe, like me, you had been each one at one time or another...<br /><br />This film really captures that fragile time in life when want, needs, pressures, womanhood, childhood, the world and loneliness are all embodied in each female's head, each factor on the precipice. Which aspect do you hang on to? What do you toss over the edge, no matter how you may want to hold on? And how painful is goodbye to everything you've known? That's what this movie is--steps into womanhood while clinging onto childhood, and how damn tough it is to keep walking. If you were there, you know...and love this film, as I do. Aching and tenderly done. A fine piece of captured femininity.",1,13154
203,"maybe i identify with this film cause i live in nyc and suffer from bad insomnia but whatever it is, i must praise the filmmaker on a most amazing job. to do what she did with no budget...wow, thats all i can say. really, really good. like no money was spent on this film and it still blew me away. i definitley suggest checking it out if you can. great directing, fantastic score and of course a script that will knock you on your arse. see it.",1,13219
204,"Probably the best film of the year for me. This small French film centers on put upon office secretary Carla (Emmanuelle Devos) who spends her days doing other men's jobs, uncredited, and being the source of their scorn and lunchtime conversation which is all too clear to her as, being partially deaf, she reads lips. A change is set in motion when she hires newly paroled con Paul (Vincent Cassel) as her assistant. The relationship which develops between them is the centre of the film. Mutual dependency, for vastly different reasons, bonds them. Carla becomes attracted to Paul and to the fact that he makes her feel attractive for,what seems like,the first time. Paul does nothing to dispel her feelings because he needs her help. He owes money to a local gangster and forms a plan to steal from him which will involve Carlas' skill of reading lips. I think the main thing that pushes the film way above an average suspense/drama is the amazing chemistry between the two stars. Throughout the whole film, no matter what other characters are on screen, you can feel this amazing bond between Carla and Paul. I cannot remember when I have witnessed such sexual chemistry between two actors. Emmanuell Devos gives a brilliant performance (she won the French Cesar for best actress). You never feel like you are watching a piece of acting, this really is Carla. The chameleon like Vincent Cassel is also wonderful. He makes a somewhat unappealing character both appealing and attractive. I loved this film because of these two people, and both times when I had finished watching it I wanted to go back into the cinema and become involved with them all over again.",1,13284
205,"This film is to my mind the weakest film in the original Star Wars trilogy, for a variety of reasons. However it emerges at the end of the day a winner, despite all its flaws. It's still a very good film, even if a lot of its quality depends on the characters that have been built up in the superior 2 installments.<br /><br />One problem here is the look of the film, which isn't very consistent with the other 2 films. I put a lot of that down to the departure of producer Gary Kurtz. The first 2 films have that dirty, lived-in look with all the technology and so forth. In ""Jedi"" on the other hand even the rebels look like they just stepped out of a shower and had their uniforms dry cleaned. This makes for a much less textured film. Also the creatures were excessively muppet-like and cutesy. At this point it seems like the film-makers were more concerned with creating the templates for future action figures than with the quality of the film itself.<br /><br />Another aspect is its lack of originality. Where ""Star Wars"" created a whole new experience in cinema and ""Empire"" brought us to alien worlds of swamps, ice, and clouds, ""Jedi"" lamely re-cycled the locations of the first film. First we are back on the desert planet Tatooine, and then we are watching them face ANOTHER death star (maybe the emperor couldn't think of anything new... but you'd think Lucas or Kasdan could). Also we have these ewoks, who really are just detestable made-for-mattel teddy bears, in a recycled version of what was supposed to be the big wookie-fight at the end of ""Star Wars"" if they hadn't run out of cash. It just feels like lazy construction.<br /><br />The most unfortunate aspect of ""Jedi"" for me is the weak handling of the Han Solo character. Whereas he is central to the plot of the first 2 films here he is struggling for screen time, trading one liners with the droids. Instead of a real drama we're stuck with the lame pretense that Han is still convinced Leia loves Luke -- as if the conclusion of ""Empire"" where she confessed her love of him had never happened. The whole thing is very contrived and barely conceals the fact that the Solo character was not part of this film's central story after his rescue. Ford, for his part, looks bored and lacks the style that distinguished his earlier performances. This is more like a 1990s Ford performance, bored and looking ""above"" the film itself. Fisher for her part is visibly high in some scenes. Lando, an interesting character introduced in ""Empire"", here is stuck as the ostensible person we care about in the giant space battle. Only Hamill, given an interesting development in the Luke character, is really able to do anything new or interesting with his character. Probably he was the only major actor in the film who still cared about his work. And to be fair the script gives him a lot more to do than the other characters. Really it is his story and the other characters are only there as part of the package. Ian McDiarmid does excellent work as well as the Emperor. The film would sink if he had been too far over the top (as he was at times in the new films).<br /><br />Visually and in terms of effects work, other than the ""clean"" look of everything it's hard to find fault. Jabba is a very effective animatronic character, one of the most elaborate ever constructed. The space battles towards the end are very impressive.<br /><br />Ultimately this film coasts to success based on the accomplishments of its forebears. But on its own, it is a satisfying piece of entertainment and IMHO far superior to any of Lucas' later productions.",1,13349
206,"Robert A. Heinlein's classic novel Starship Troopers has been messed around with in recent years, in everything to Paul Verhoeven's 1997 film to a TV series, to a number of games. But none of these, so to speak, has really captured the spirit of his novel. The games are usually unrelated, the TV series was more of a spin off, and the less said about Verhoeven's film, the better. Little do most know, however, that in Japan, an animated adaptation had already been done, released the year of Heinlein's death. And, believe it or not, despite its differences, this 6-part animated series is, plot-wise, the most faithful adaptation of Heinlein's classic.<br /><br />The most obvious plus to this series is the presence of the powered armor exoskeletons, something we were deprived of in Verhoeven's film. Like the book, the series focuses more on the characters and their relationships than on action and space travel, though we see a fair amount of each. While events happen differently than in the book, the feel of the book's plot is present. Rico and Carmen have a romantic entanglement, but it's only slightly more touched upon than in the book. While some may believe the dialogue and character interaction to be a bit inferior to the book (it gets a bit of the anime treatment, but what did you expect?), but it's far superior to the film. Heinlein's political views are merely excised, as opposed to the film, where they are reversed. The big payoff of the series, however, is the climatic battle on Klendathu between the troopers and the bugs/aliens, which features the kind of action from the powered armor suits we would have like to have seen in a film version.<br /><br />Overall, I enjoyed this series because I wanted to see a vision closer to that of Heinlein. And I think they did pretty well with this. If you can find this series, give it a look.",1,13414
207,"I first saw this version of ""A Christmas Carol"" when it first appeared on television. I actually anticipated seeing the film when it was advertised and it more than lived up to my expectations. I have now purchased the DVD and plan to watch it every year. With the exception of ""It's A Wonderful Life"" I consider this version of ""A Christmas Carol"" one of the best Christmas movies ever made. George C. Scott is excellent and a superb cast led by Roger Rees surrounds him! Scott proves once again that he is one of finest actors of our time. Scott has the artistic talent and acting ability to play any role and keep the character unique to himself. How can someone be remembered as both Patton and Scrooge? Scott does so easily. The direction is marvelous with the fine sets, costumes and music that give the movie a special feeling of the time, place and era depicted. You will simply love this movie and will place it among your favorites to watch during the holiday season.",1,13479
208,"Its Hollywood imitating Daytiem Soap Operas at its finest! Its the fun that we never see. Great characters and great lines. Whoopi is hilarious.....Sally Field is so over the top....Gary Marshalls lines are a riot....this is what I love about good comedies. Never afraid to poke fun at themselves!!!!!!The sets were great....wardrobe was on point and the backstabbing ""Montana Morehead"" was a devilish delight. Terri Hatcher as ""Dr. Monica Demonico"" didn't have enough lines but none the less still gorgeous and fun when on screen. I would love to know how the idea for this movie came up. Never have I seen a cast of people have so much fun in making comedy work! Soapdish is a must have and I am waiting for the DVD!!!",1,13544
209,"Like a lot of series pilots, Dark Angel's opener shows a mixture of great potential and a slight problem finding its own feet. Not that this is unusual in any way, but there is a feeling that it could have worked better if the story was tightened and focused a little more. In today's world where something has to catch on instantly or face cancellation, the series did itself a bit of a disservice by not coming out at least halfway focused, with all guns blazing.<br /><br />The ninety-minute pilot really feels like two episodes glued together, and both episodes have a problem with focus. In the first half, we are introduced to Max and filled in on what drives her. We also get a few interesting routines with Max using her abilities to win bets, interacting with a PI, or sorting out co-workers' domestic problems. The problem here is that this is nothing out of the ordinary for any human being with a normal set of genes, on television or otherwise.<br /><br />It's when we hit the second half that we get a story with a purpose and focus. Throughout the two halves, Max finds herself the focus of attention from a pirate journalist who feels it is mission in life to save the world by exposing one dirty dealer at a time. In the second half, the repercussions catch up with him, and Max reluctantly cleans up the resulting mess. This sets up the premise for the entire rest of the series, and it works, but it doesn't quite click if you get my meaning. It's like most of the pieces are there, but a couple that make a complete image have been left out. Perhaps they get filled in with later episodes, but that's beside the point. The fact is that the contents of this episode could easily have been told with twenty-eight less minutes.<br /><br />The last of the negatives is that a lot of the support cast are totally unendearing. Original Cindy in particular is an annoyance, and I doubt that changed during the next twenty episodes. While the acting isn't as bad as daytime soap, it isn't of such quality that I'd commend it. Jessica Alba is not the worst actor in the world, but she does come up short in terms of being convincing when the story needs it least.<br /><br />The good news is that the premise and the production values are all top-notch. In fact, this series was considered quite expensive to produce, and it is quite unfortunate that it was cancelled in order to be replaced by another show that didn't last a whole season. Especially when there was ample time for both shows - they could have simply cancelled one of the pieces of disingenious garbage they flog under the banner of reality TV. The fact is that we need more shows like Dark Angel, where imagination rather than overhype, are used to draw the attention.<br /><br />In all, I gave the Dark Angel pilot a seven out of ten. It never rises above the level of throwaway television, and it never got a chance to live up to the potential it shows within its own running time. But the potential is there, and that's often all that matters where pilots are concerned.",1,13609
210,"As usual, Sean Connery does a great job. Lawrence Fishburn is good, but I have a hard time not seeing him as Ike Turner.",1,13674
211,"The memory of the ""The Last Hunt"" has stuck with me since I saw it in 1956 when I was 13. It is a movie that was far ahead of others at the time in that it addressed the treatment of the natives, the environment, and the ever present contrast between the short and long term effects of greed. It is as relevant today as in 1956, a cinemagraphic discussion of utmost depth and relevance. To top it off the setting is beautiful and the cinematography excellent. The memory of this movie will be with me to the end of my days.",1,13739
212,"Also known as ""Water Lilies"" this film tells the story of two girls as they struggle their way into the world of love and sex. This story is told at a slow pace and that works very well. It gives plenty of time and space to get to know the different characters and to grow somewhat attached to them.<br /><br />Using a small cast puts some extra pressure on the people playing as they all have some more screen time than normal but the people playing in this film handle that well. Everyone is completely believable. Visual setting is great, especially the underwater shots in the swimming pool add a nice effect.<br /><br />Many films have been made about the same subject though and this one does not really stand out above any of them. It pulls some ""standard"" pressure methods out of the high hat and works on them. It isn't bad, not at all, but it surely isn't great either and I do feel it could have done better if it had taken some what less explored angles.<br /><br />7 out of 10 synchronous swimmers",1,13804
213,"This film is a great fun. I recommend you watch it yourself and then watch it again with your friends. I did last night and it was fascinating how well Norma Khouri could pull everybody into her world! I did feel a little bit strange watching my friends go through the same roller coaster as I did the first time. But they all thanked me and loved the movie. You know it is a great film if you spend 2 hours after the film talking about the movie! <br /><br />I once saw a con man almost up toNorma Khouri's level, but no where near the same size ring. He fooledtons of very gullible and rich folks at my old Berkeley CA A.A. group where everyone trusts everyone else. He would ""sponsor"" only people who seemed very well to do. Who knew he would have stolen in excess of 100k(in 1987 when that was real money) after being in town for only 1 month. His victims were very fragile as they were in their first month or week of being sober. He was evil with a great laugh and a great smile on his face.<br /><br />The above crime is nothing compared to what Norma Khouri did to her old neighbor. But I don't want to give anything away.<br /><br />I just found this one night on a late night movie channel,""Showtim"" I think. This is always a movie fans greatest experience to be totally tricked into seeing something and having your mind blown. Just drag your friends over to see this and don't tell them a thing. It is a very entertaining film, it moves quickly and never bores you.<br /><br />This should be a international classic for all time. I believe all great movies eventually rise to the top. Time will be very good to this film. I am just sorry no one has heard of it yet,in some ways that makes the surprises even better.<br /><br />The director and editor were fantastic. They deserved winning the best documentary.<br /><br />JUST WATCH THIS FILM!",1,13869
214,"Yes, this IS a horror anthology film and it was a lot of fun! That's because although the film clearly was horror, some of the stories had a light spirit--and there were even occasionally a few laughs. This isn't at all a bad thing as sometimes horror films are a bit stuffy and overly serious. Because of this and because all four of the stories were pretty good, it's one of the better movies of this style I have seen.<br /><br />The unifying theme that connects each story is the house itself. Four different stories involve people who either rent the home or investigate what happened to the tenants.<br /><br />The first segment starred Denholm Elliott as a horror writer who has writer's block. So, for a change of scenery, they rent this house. Almost immediately Elliott's block vanishes and he works steadily on a tale about a serial killer. Amazingly, soon after his block vanishes he begins to actually see his fictional character! Again and again, the psychotic killer appears and then disappears--making it seem as if he is losing his mind. This might just be the best of the stories, as the nice twist ending makes the story come alive.<br /><br />The second, while not bad at all, is probably the weakest. Peter Cushing plays a bachelor who is pining for a girl friend who died some time ago (though the picture of her looked amazingly contemporary). When he enters a chamber of horrors wax museum in town, he sees a wax figure that reminds him of his lost lady and he is both fascinated and scared by this. Later, a friend (Joss Ackland) visits and he, too, sees the figure and is entranced by it. This all leads to an ending that, frankly, was a bit of a letdown.<br /><br />Christopher Lee then stars as an incredibly harsh and stern father to a pathetic little girl. During most of this segment, Lee seemed like an idiot, but in the end you can understand his demeanor. Though slow, this one ended very well.<br /><br />The fourth segment was the silliest and was meant to parody the genre. Jon Pertwee (the third ""Doctor"" from the DR. WHO television series) is a very temperamental actor known for his portrayals of Dracula. However, nothing is right about the film according to him and in a fit of pique, he stomps off the set to find better props for this vampire film. It's actually pretty interesting that he played this role, as it seemed like a natural for Christopher Lee who played Dracula or other vampires a bazillion times (give or take a few). I enjoyed Pertwee's line when he basically said that Lee's and other recent incarnations of Dracula were all crap compared to Bela Lugosi's! Perhaps this is why Lee didn't take this part! Despite some very silly moments, it was very entertaining and fun--possibly as good or better than the first segment.<br /><br />Considering that the film started and ended so well, had excellent acting and writing, it's hard not to like this film.",1,13934
215,"Working from a script written in part by Nicholas Pileggi, best known for writing the book Wiseguy, which he adapted into the movie Goodfellas, and for writing the book and screenplay Casino, director Harold Becker shows how connected circles scratch each other's backs, even in the command of a comparatively honorable mayor like Pappas, who is regarded as a presidential prospect. As Cusack follows the paper trail of the dead mobster's probation report, his skepticism is agitated. How did this violent young man get probation rather than a jail sentence? We meet the other players in the plot, not the least of which is Danny Aiello, the political boss of Brooklyn, and Tony Franciosa, the Mafia boss whose nephew was shot dead. How and why these people are affiliated I leave to the movie to divulge, though there are never any misgivings that they are.<br /><br />The narrative is told generally through the eyes of the Cusack character, a visionary from Louisiana who admires his boss and hopes to learn from him. Much is made by everyone of bureaucratic knowledge passed down through the generations. Some of the dialogue is ungracefully erudite, but considering I just described the building blocks of the story as bureaucratic knowledge, one can't say it doesn't work. The shooting case builds against the seasoning of two other issues on the mayor's desk: a charge by Aiello for a subway stop and an off-ramp in Brooklyn to aid a new banking center, and the city's bid for the next Democratic convention. Individual idiosyncrasies are also explored, including Aiello's emotional bond with the music of Rogers and Hammerstein.<br /><br />Much also is made of menschkeit, a Yiddish expression, which, Pappas explains to his deputy, is about the bond of honor between two men, about what happens between the two hands in a handshake. This connection doesn't mean much to Bridget Fonda, the lawyer for the policeman's association who defends the dead cop's honor and fights for his widow's pension even as incriminating evidence appears. Little by little, the deputy mayor comes to grasp that menschkeit is such an influential notion that it outclasses he law.<br /><br />There are various scenes of hard impact, including one where the Brooklyn boss comes home for lunch in the middle of the day, his wife asserts her interest through the medium of the dish she has cooked, and then the Mafia boss drops in by surprise. There is also a compelling, and markedly conjectural, late scene between the mayor and his deputy.<br /><br />One scene handled with delicacy is comprised of the mayor's decision to speak at the funeral of the slain child, in a Harlem church. His advisers tell him he won't be wanted there. But he goes anyway, and cranks himself up for a spiel of unabashed hyperbole, Pacino and his character both.<br /><br />It gets an impressive reaction from the congregation, but the mayor knows, and his deputy knows, that it was artificial, and the way they scrupulously evade discussing it, in the limousine taking them away, is a subtle employment of composure and innuendo. This is a script that knows it has to supply Pacino with the reason why most of his fans go to see him, and immediately follows its quota with the reality that silence has much more inherent meaning than speech.<br /><br />Pacino and Cusack are convincing together throughout the movie, the older man unbreakable and aware, the younger one anxious to learn, but with ideals that don't sway. Pacino is innate with his down-to-earth capacity to marry common sense and inventive imagination, inspired flair and matter-of-fact realism. Cusack moves very freely in spite of his dark defensiveness.<br /><br />The Bridget Fonda subplot development is unnecessary, but it is a result of veteran screenwriter Paul Schrader's otherwise shrewdly perceptive belief in the worth of every character, and each is fleshed into earnest embodiments. Aiello, for instance, is a highlight because he evokes his character's joie de vivre and sensitivity to his environment.",1,13999
216,"This is one of the greatest 80s movies!!! It sticks out like a ""turd in a punchbowl""!! I can't believe Mad Magazine denounced it or whatever. And yet, they proudly put their name on a show with ""Stuart"", ""I-speak-a-no-enlish Chinese lady"" and ""UPS guy on speed"". What's up with that? And, I LOVE Ron Leibman-he's foxy!! Wonder why he had his name removed from the credits? It was his funniest role that I know of. Of course, he's not nearly as foxy as he was in Norma Rae. But, in my opinion, this movie is right up there with National Lampoon's Vacation. If you liked movies such as Porky's, Fast Times, Last American Virgin, or any of the other 80s teen-focused movies, you'll love this one!! Rent it and you'll see what I mean!!",1,14064
217,"Not since Spongebob Squarepants have i seen a greater cartoon on TV. The colors are great, the voices could't be better, the characters are so original, great great cartoon. Hope Nickolodean continues to develop this cartoon. Hope the Season DVD comes out soon!!! I love cartoons like this and I hope more people tune in to se this great cartoon. It is very hard to find the Season DVD, so if somebody finds a store that is selling it please let me Know. The only Catscratch merchandise available on Nick Shop is a great lookin shirt, but very very very expensive!!! If you love Spongebob; and who doesn''t?; you'll love Catscratch too!",1,14129
218,"All right, here's the deal: if you're easily offended then you might want to stay far, far away from this one. There are some painfully funny moments in the movie, but I probably blushed about as much as I laughed. Actually, I probably blushed MORE than I laughed. And if I wasn't literally blushing on the outside, then I was blushing on the inside. If there is absolutely nothing in this movie that embarrasses you then you simply have no shame. Whether that's a badge of honor or not is in the eye of the beholder I suppose.<br /><br />I will not deny that I laughed quite a bit, but this is a movie that I simply cannot give a blanket recommendation due to its subject matter. If I were to say, ""This movie is hilarious, go check it out!"" and some sweet, little old church-going lady heads to the theater and has a heart-attack during one of the graphically explicit sex situations, well, that's just something I don't need on my conscience.<br /><br />So how raunchy is it? Hmm, try about 100 times worse than The Wedding Crashers. Honestly. My mom would've walked out during the first scene. I feel it's my duty to at least warn you of what to expect.<br /><br />There is some cleverly intelligent comedy here, but that's what I come to expect from the man (Judd Apatow) who had a hand in both Freaks and Geeks and Undeclared. I'm all for making fun of Michael McDonald; the only man whose hair and beard are white enough to give Kenny Rogers a run for his money. Paul Rudd proclaiming, ""If I hear Ya Mo Be There one more time I'll Ya Mo burn this place down,"" is hilarious, but it's one of those things that the majority of the audience won't appreciate.<br /><br />And when we see a quick 3-second flashback of Steve Carrell singing along to Cameo's Word Up, I laughed for a good two minutes after the joke was over, whereas most everybody chuckled and then forgot about it.<br /><br />Strangely enough, despite the raunch, there's an admirable moral to the story. The movie doesn't portray Carrell as some freaky loser just because he's a virgin. He's really portrayed as a likable, admirable character. Sure, he's a little weird. After all, he has a framed Asia poster, ""more videogames than an Asian kid,"" and a toy collection that features the Million Dollar Man's BOSS, but we're never led to believe that there's actually anything wrong with the fact that he's a virgin. As odd as it may seem, there's a bit of an ""it's OK to wait"" message.<br /><br />But man, oh man, please be warned that this pushes its R rating about as far as it can go. That was certainly Apatow's intention. According to him, he just let some of the guys (particularly Rogen and Malco) improv and talk the way they normally talk, all in an effort to find lots of new ways to be dirty. If you can handle that or talk that way yourself, then you'll love the movie.<br /><br />I'm not a big fan of excessive profanity and sex jokes. I find that subtle, clever humor is much more entertaining than about 200 uses of the f-word or fratboy sex discussions. But that's me. Like I said, there are some absolutely hysterical moments here, but you have to ask yourself if they're worth sitting through one of the most vulgar movies you're likely to ever see at the theater. I just don't know how interested most women will be in what's discussed by men while playing poker. Honestly ladies, you might not want to know. If you've ever been curious why some girls think guys are gross, well, this gives you a good idea.<br /><br />There you go - my humble, honest take on what to expect. Be that your guide. It definitely should not be seen with your Sunday School class, mama, grandmama, any family members of the opposite sex, children of any age, or anybody who is easily offended by excessive profanity or explicit sex discussion. If you'd see it with any of the above then you apparently do not have any concept of what it means to be uncomfortable.",1,14194
219,"Basically, this movie is one of those rare movies you either hate and think borders on suicide as the next best thing to do, rather than having to sit through it for two hours. Or, as in my case, you see it as a kult hit, one of those movies wherein the humour, the plot, the acting, is actually very hidden but for those of us willing to go looking for it, trusting the director well, the reward is: U laugh your A.. of !! The fact that U have to find the things mentioned above, actually makes the movie even more funny, because u get the impression the director isn't even aware of how funny his movie is, which doesn't seem likely and therein lies the intelligence at the helm of this magnificient project called : Spaced Invaders !!",1,14259
220,"""If I wanted to dribble, I'd call a nurse."" <br /><br />""Haven't you had enough?"" ...""More than enough.""<br /><br />""You got me a choo-choo.""<br /><br />""If I begin to die, please remove (the cowboy hat) from my head. That is not the way I wish to be remembered."" <br /><br />Some of the wonderfully humorous, and often insightful, quotations from this charming and often insightful film. Dudley Moore is charming, lovable and rich. Sir John Gielgud is aristocratic, charming and loving...and poor. The two have a non-father/father and son relationship which defines the man whom Arthur is to become. Will he follow his heart and soul, or just his wealth? Over twenty-five years, I've returned to this movie, with glee and amusement and joy. It is a movie to return to, time and time again, and remember what is important in life, as short as it is. <br /><br />Judge Miller",1,14324
221,"I remember watching this movie with my friends when we were 4 years old, but the weird thing is that I never watched it after that. The other day I was babysitting and my cousin never saw All Dogs Go To Heaven so we rented both movies and watched them together today and he really loved these movies. So many memories came back watching this movie once again and I have to admit I even cried a little. I'm 22 years old and the ending still gets to me. All Dogs Go To Heaven is one of the most touching animated films and I'm shocked honestly by this rating of 5.8, I thought this movie would bring back good memories for others as well. I admit the animation was a bit typical but the story is just so charming and fun.<br /><br />Charlie is a gambling dog who gets killed by another gambling dog, Carface. But when Charlie wants revenge he comes back to Earth with a watch that can't stop ticking or that's the end of his life again. When he and his best friend, Itchy, look for Carface and spy on him they find out how Carface gets all his money, he has a little orphan girl who talks to animals and finds out who is going to win the races. Charlie takes the girl, Ann-Marie, and makes fake promises in order to get the money. But he ends up learning that maybe he should put Ann-Marie first before himself when Carface goes back to him with a vengeance.<br /><br />All Dogs Go To Heaven is the perfect family film, it's not Disney, but this is an excellent family film to watch. Not to mention that it's just so cute and touching. I know it's ridicules and some people call me crazy, but this movie for me when I was a kid made me believe that dogs have souls. How could they not? They're just so loving, and I think I'm going to cry again. But anyways, I would just recommend this movie for anyone, it's a fun movie to watch.<br /><br />7/10",1,14389
222,"Mel Torme and Victor Borge, in their younger years, serve to make this film interesting - and especially viewing a young Sinatra, on the sunny side of 30, and definitely conveying that this was his ""yes, I'm a popular singer, but hardly an actor yet"" stage. Michele Morgan is an annoying, inane presence, and Jack Haley is an actor whose appeal has always been totally lost on me. Leon Erroll is silly, as always, but overall pretty funny. 7 stars of a potential 10 is about the right ""grade,"" because with the combination of its positive aspects, along with the lack of much of a story, and a silly one at that, and the fore-mentioned annoyances - it is overall average at best. Most of the fascination is from the viewing of the three entertainment icons in their early years.",1,14454
223,"The past few months I have collected Voyager seasons 4 to 7 on DVD (I only had 1 to 3 on video before that, because Kes is my favourite character) and have just reached the end. I saw them when they were originally shown on TV here in the UK but had forgotten most of it. Am I satisfied with the ending? I think I am. Naturally as I fan I would have liked to have seen more about what happened to the characters when they got home but that's left to our imagination. In many ways ""Endgame"" is similar to Next Gen's ""All Good Things"" The involvement of the crew in the future, but mainly the captain. A new romance starting in the finale (Troi and Worf in Next Gen and Seven of Nine and Chakotay here), which results in death in the future. I truly loved ""Endgame,"" fair to all characters, Neelix appears although he left the ship two episodes earlier. B'elanna gives birth to her daughter with loving husband Tom. Tuvok is ill but returning home means he can be cured. Harry has always been the most anxious and determined but admits the journey is important. The Doctor, in the future, is well respected by all and finally chooses the name Joe! But of course the Captain has the largest role, meeting her future self who wants to get the crew home earlier to prevent casualties. The Borg are involved, as they have played a massive part in this period of Voyager. Alice Krige plays the Borg Queen again fantastically, just her voice and acting method are magnificent. I feel sorry for Susanna Thompson though, the TV Borg queen replaced by the movie Borg queen. Maybe she wasn't available though. The special effects are fantastic, the Borg sub space hub and the Borg queen falling apart! It's very tense. Especially when they come out of the Borg subspace corridor and say their location is right where they thought they'd be after they'd said they'd have to go in a corridor that leads back to the delta quadrant. And what a wonderful idea to get inside a Borg sphere for protection, on the DVD special features they say it was like the Trojan horse. Voyager could have continued. If it was more popular they would have stuck with their original idea of the crew realising the ship is their home, like in Harry's speech and what Tom said because his wife and child are there. And then they could have got home in a film!<br /><br />Overall, Voyager was a bit hit and miss. The sixth season seemed to be one good one followed by one less than good one. The two episodes set in the Holographic Irish village are horrible! My perception of Seven of Nine was that she took over, it all revolved around her, which wasn't true. When she first appeared, season 4 was focused on her for too many of the episodes but it evened out after that. And her character is ingenious at times, 20 years as a Borg drone gradually rediscovering her humanity. I like her, especially in ""Someone to Watch Over Me,"" ""Imperfection,"" and ""Human Error."" When Naomi Wildman was scared of her initially but then became her friend often by her side, that was lovely. Chakotay became my least favourite character. Gone was the chemistry with Janeway (will they/won't they?) and you'd never think he was first officer, he's completely pushed aside most of the time. I loved seeing Tom and B'elanna's relationship blossom against the odds. I always liked Neelix a lot. Tuvok was good at times, especially when he lost his logic, gained emotion and was friends with Neelix. Harry was annoying at times but a okay character at other times. The Doctor is probably my favourite, seeing how far he comes and comedy situations he creates (""Tinker, Tenor, Doctor, Spy"" is fantastic!). Janeway is my favourite Captain of any series and you can tell Kate Mulgrew is really enjoying it. <br /><br />I wish there was more, I love Voyager!",1,14519
224,"Absolutely stunning, warmth for the head and the heart. The kind of movie western movie makers are too rushed, too frenetic to even attempt. My kids watched it, and they loved it too. What real people--goes to show you how cultural differences (the Japanese setting) is less important than the human similarities. Go see it, whether you like dancing or not.",1,14584
225,"Saying a film is depressing isn't necessarily a bad thing. I'm very willing to watch a depressing film if there is a point to be made and this one certainly has one. It's the often heartbreaking story of a Chinese man and his family as they experience many years of both hardship and plenty. BUT, I must warn you that this might just be about the most depressing film to come out of Hollywood in the 1930s--because peasant life in China was TOUGH to say the least. Be prepared to watch segments about famine, death and disease.<br /><br />About the only negative other than the persistent tone of misery is that the lead is played by Paul Muni. While he was an exceptionally talented man, it's just a real shame that Hollywood always cast people of European descent to play Asian leads during this era. If you are paying attention at all, it's pretty obvious that Muni is wrong for the part.",1,14649
226,"It takes a little while to get used to Nick Nolte's Nebraskan locutions before we can easily accept him as a famous intercontinental playwright. Once you get past the bar, it turns into a fascinating story of a man who loses everything while trying to do good.<br /><br />Nolte, an American, moves to Germany, marries a famous actress, and is a satisfied success in every respect until war is about to break out. He's visited by a jovial American, John Goodman, who persuades him to accept a post as an anti-Semitic radio broadcaster for the Nazis. Nolte has no politics but thinks it's a challenge to write a role that's almost impossible and then play it himself. Another American secret agent will modify Nolte's radio scripts -- inserting a cough here, a sneeze there -- that will serve as a code for the transmission of intelligence to the Allies. There's a catch, though. Nobody will know about Nolte's real role as an American agent except Goodman, Donovan, and Roosevelt himself. If he's ever uncovered, he'll be refused recognition by the Americans.<br /><br />Nolte plunges ahead and his vicious broadcasts are wildly popular in Germany. His adored wife, Sheryl Lee, knows nothing of what's going on, nor does she care. Nolte and Lee live in what he repeatedly refers to as ""a nation of two."" The war ends and the trouble begins. He's captured by Americans who are bitter because of his betrayal. They beat him and leave him in the mud. He's rescued by Goodman, his ""fairy godmother"", who sends him to an anonymous existence in Greenwich Village and sends him a little cash now and then.<br /><br />By 1960, he manages to cultivate a friendship with his neighbor, the painter Alan Arkin, who has also lost his family and claims the two now belong to a secret brotherhood. But his location and his identity somehow leak out and he is more or less adopted by a group of ancient Aryan racists -- led by a dentist and a priest. His house front and mailbox are painted with swastikas and accusations. He's beaten senseless by an ex-GI. But -- miraculously -- his beloved wife is returned to him by the ancient Aryans. Another catch: it turns out later that it's not his wife, but rather her younger sister who has loved him since adolescence.<br /><br />The ending has him typing his memoirs in an Israeli jail in 1967 before his trial for crimes against humanity. It's not a happy ending.<br /><br />Nolte can talk with, but not see, the occupant of the cell above his in jail. It's Adolf Eichmann. Eichmann seems pleasant enough. He advises Nolte that it's a bad habit to type for fifteen straight hours. ""It's important to relax. You must learn to relax."" Nolte laughs out loud and shouts, ""That's how I GOT here."" The film is filled with such ironies. At one point in their relaxed conversations, Arkin tells him that ""in spite of everything I still think people are good at heart."" I don't know if the movie was a commercial success but if it wasn't, that's the sort of thing that might have torpedoed it for a younger audience of theater-goers who may never have heard of Anne Frank let alone that supposedly final statement in her diary.<br /><br />The fact is that it's a movie for adults, and patient adults at that. The story moves slowly, there's very little violence, no car chases, no shootings, and people don't seem subject to manic speech pressure. A lot of it will probably slip past viewers who don't open themselves to its deliberate approach. Nolte refers to the war-time relationship between him and his wife as ""a nation of two."" This is a pretty compact phrase. No doubt anyone could come up with a glib definition but it takes a little concentration to grasp its emotional import.<br /><br />It's a story of a man who loses everything -- his ability to write, his identity, his wife (twice), his sole friend, his country, his self respect. At one point he stops walking along a crowded New York street and simply stands there until after dark, when he is moved along by a curious cop. The reason he stopped is that he simply has no place to go. What Vonnegut is describing is far more than depression. I don't mean to sound condescending but it's the sort of feeling that's hard to understand in your youth. Adolescents might like to THINK they know what's holding Nolte in that one spot, but it really requires maturity and the quickened sense of finiteness that only maturity can bring.<br /><br />Remember Robert Frost's line about home being the place that when you go there they have to take you in? Well no place will take Nolte in.",1,14714
227,"I've just finished viewing the 1st disc in a 4-disc (26 episodes) collection created in conjunction with the UCLA Film & Television Archive (S'More Entertainment, Inc.). So far (aside from the 1st episode), the image quality is quite good. The DVD box is shown on the title page here on IMDb.<br /><br />""Mr. Peepers"" is just as charming as when I first saw it (5-years old at the time) and Wally Cox is truly endearing in this role. If you're in the mood for quiet comedy that sneaks up on you, as opposed to hitting you over the head, you'll treasure this chance to experience all the wonderful characters you might remember from your childhood. Although some of the gags are a bit corny, most are ingenious and well-executed...and even the corny ones are fun. This is one TV series that lives up to my early childhood memories of it.",1,14779
228,"I have a 19-month old and got really tired of watching Care Bears all the time. Rooney is a great dancer, who cares if he is gay. This guy must have been a cheerleader or something.<br /><br />Beats Barney, cant get the songs out of my head....must...stop singing........Doodlebops songs........NOW.<br /><br />Must have 10 lines of text so I must continue.....what about when the say all the Canadian stuff like OOOUT Aboooot. Whacky Canadians.....Jazmine is rhyming too much, she must be Dutch.<br /><br />Knock knock, who's there, Dee Dee, super Hottie<br /><br />Bus driver Bob cannot dance, take lessons from Rooney",1,14844
229,"A 14 year old girl develops her first serious crush on the 17 year old boy that lives near by, while simultaneously trying to overcome her feelings of inadequacy in comparison to her older sister. That is the simple premise of this beautiful, poetic coming of age film from Director Robert Mulligan. Mulligan is famous for previously directing Summer of '42 in 1971 and To Kill A Mockingbird in 1962, two giants of the coming of age genre. Here he directs newcomers in the principal roles: Reese Witherspoon, in her film debut, as the 14 year old girl; Emily Warfield, as the older sister; Jason London, as Court, the 17 year old boy. Reese Witherspoon is astonishingly good in her film debut, displaying every emotion that a 14 year old girl feels in experiencing young love and hurt, never striking a false note. Warfield and London are both equally good as well. The film accurately depicts each adolescent's thoughts or feelings in regard to love with heartfelt sensitivity, never crossing over into maudlin excess even once. Kudos to the autobiographical screenplay from Jenny Wingfield; this is one of the very few films about young love that is honest and consistent in tone without being emotionally dishonest or sensationalist. The music is wonderfully simple, accentuating the tone and mood from scene to scene, but never becoming intrusive. The beautiful cinematography is by famed horror director Freddie Francis, who was in his 70's when this was shot. Tess Harper and Sam Waterston play the girls' parents with dead aim accuracy for 1957, caring, strict, and emotionally simple. Gail Strickland is good also as the boy's mother. There are feelings to sort out, lessons to learn, and truths to face in this sweet-natured film that packs an emotional wallop. To date, this is Robert Mulligan's last film. This is one of the very best films of 1991. **** of 4 stars.",1,14909
230,"This is, by all categories, the best movie I have ever seen. Forget Hollywood - their movies always sucked - this is art! Moon Child's story starts with Kei - a Japanese vampire, who loathes what he has become and lives in denial. His wish for final death leads him to Mallepa, where refugees from several Asian countries live. Here, he meets Sho, an orphan living on the street.<br /><br />From here, the movie is an intense experience which bases on the visual and emotional part of the movie. It has everything; you laugh, you cry, you get angry, excited, sad, happy... Never has a movie touched me the way this movie do. And the actors are amazing - never have I heard anyone speak so many languages without it sounding strange. A big praise to the editor for creating this masterpiece...<br /><br />A last comment on this brilliant movie, is that it stars Gackt (ex-vocalist of Malice Mizer) and Hyde (vocalist of L'Arc~en~ciel) in excellent roles as Sho and Kei. I am amazed at how Gackt can change his way of speaking and acting depending on what age he is acting out.<br /><br />This is a must see. If you never see any films, see Moon Child, the Crow (Brandon Lee) and the newly released masterpiece Final Fantasy VII - Advent Children. All in their original languages, of course!",1,14974
231,"The film notes describe the main role family, as Turkish immigrants which living in Denmark. However, it is so clear to understand that the fact is, the behavior and the culture point the family is absolute Kurdish. Similar social pressures and even cultural murders keep going on Turkey today on Kurdish ethnicity societies. What a worry...<br /><br />It is widely accepted issue in Turkey today, the Kurdish immigrants living in European Countries today, which have moved from Turkey at 70's are culturally connected to the feudal moral laws system, by growing daughters and women under pressure, are giving harm to the Turkish International Image. Also, as same as widely accepted another issue is the Turkish or Kurdish immigrants on these countries are the reason negative aim about the Community Europe Nominee.",1,15039
232,"I don't know what it is I find so endearing about this film, but the first time I saw it, I wanted to see how it ended. I'm not a big fan of Paul Winfield nor of war-dramas, but I was truly wondering just how and when Winfield would find his child. All he knows is that the boy has green eyes. Truth be told, I have not seen this movie in years nor has it been shown on TV in a while, but this movie is somewhat of one man's odyssey after the pains of war. Winfield shows a very sympathetic and heart warming portrayal of a man lost by his memories. There is an underlying message in this movie that he is looking for the last shred of human morality in the aftermath of this war and the reality that he does confront. Why this movie is not yet on DVD or video is a mystery to me.",1,15104
233,"It must have been several years after it was released, so don't know why it was at the movies. But as a kid I enjoyed it. I just found a VHS tape of Superman and the Mole Men at the flea market and decided to watch it again (it's been a lot of years). I wasn't expecting much, now knowing how the B movies were made at that time. But I was pleasantly surprised to find the movie very watchable and the acting by all outstanding. Usual acting in these type movies leaves a lot to be desired. Surprisingly, the writing wasn't bad either. Forget the fact that Superman went from sequence to sequence and could have kicked all their butts in the beginning, because then the story would have ended, right?! OK, the mole men costumes were hokey and not very scary (they didn't even scare me as a kid). However, making allowances for the probable low budget for background and costumes, it was a job well done by all. I recognized the sheriff right away as The Old Ranger from Death Valley Days and plenty of supporting roles in TV westerns. J. Farrell MacDonald played old Pop and was always a great supporting actor in more movies than I can count. Walter Reed and Jeff Corey were familiar faces as well from other movies. Did you recognize the old doctor as the captain of the ship that went to get King Kong? Did you recognize the little girl rolling the ball to the mole men as Lisbeth Searcy in Old Yeller? Some of the mole men were famous too. Jerry Maren has played Mayor McCheese for McDonalds, Little Oscar Mayer, was the Munchkin that handed Dorothy the lollipop, was on a Seifeld episode and a wealth of other work. Billy Curtis played an unforgettable part with Clint Eastwood in High Plains Drifter, was one of the friends met by the star in Incredible Shrinking Man, he had a part in a movie I just luckily grabbed at a flea market titled My Gal Sal with Rita Hayworth, Wizard of Oz and plenty of other parts - great actor. John Brambury was also a Munchkin. Phillis Coates, who played Lois Lane in this movie, was without question wonderful in the part and George Reeves as Superman/Clark Kent WAS Superman. He did a great job of playing the strong man. Bottom line to all I've said is that this movie is worth watching because of the cast and writing in dealing with a pretty flimsy idea for a movie. But it was the 50's and anything was possible from intruders from outer space to mole men from inner space. It is definitely worth seeing, there isn't a bad actor in the group. Whomever put the cast together was very, very fortunate to get so many gifted actors into a B type film. Some already had a wealth of experience and some were about to obtain a wealth of experience - but all were gifted. So if you get a chance to see the film, forget the dopey costumes and just enjoy the excitement and acting. Is it a bird? Is it a plane? No, just a good, old fashioned movie to enjoy!",1,15169
234,"Watching David&Bathsheba is a much better way of getting your bible lesson that going to Sunday school. Despite a script that at times is unintentionally funny the film is highly entertaining. The studio system had its faults but it spared no expense when a lavish production was called for. Peck portrays King David as a lusty but tormented poet who commits what is tantamount to murder to bed a sexy Bathsheba, Susan Hayward. Raymond Massey as the prophet Nathan delivers his usual saturnine and ferocious performance. Look for the silent screen star Francis X. Bushman as King Saul and a young Gwen Verdon as a dancer. Hooray for the Old Testament and Hollywood.",1,15234
235,"This is a script that Ed Wood worked over 10 years on trying to get made. Aris Iliopulos finally got the chutzpah to film a script that Wood saved from his burning home at the expense of other, more transitory valuables.<br /><br />This is a dialogue-free movie, that some may foolishly describe as silent. In fact, it is a quite noisy film, without the inane chatter of most flicks. In the hands of these filmmakers, the music and sound effects provide a rich audio experience that works better than almost any grist from the Hollywood script mill, particularly that stupid boat movie Billy Zane last was in ('Watch out!', 'Oh no!' - J. Cameron.... ick...) I'll take Zane's wonderfully communicative monosyllabic grunts in this film over empty dialogue any day.<br /><br />Billy Zane heads a team of players who obviously really wanted to be in this film. Ricci is radiant as always, and the gods are shining when you can put Sandra Bernhard, Rick(y) Schroeder, Eartha Kitt and Andrew McCarthy's name on the same poster.<br /><br />The design is perfect, the pyramid set exquisite, and Ron Perlman's beastly performance is simply wonderful. Overall, this is a chaotic, visceral masterpiece lovingly crafted by fans of Ed Wood Jr., auteur and cinenephile. A must see for anyone who really loves movies the way that the first rate Iliopulos and his cast obviously do. A film to make you wish you had made it yourself.",1,15299
236,"People criticise Disney's animated features of the 1950s for being overly glossy, set in landscapes that are much too pristine. That criticism is just. And yet it can't be the whole story, because the two least glossy - ""Alice in Wonderland"" and ""Peter Pan"" - are also the weakest. ""Cinderella"", on the other hand, set in a world in which the very dirt sparkles, is clearly the best.<br /><br />It DOES look good. The backgrounds are subtle and consistent; the colours are pure without being too bright. The animation varies a bit. I'll swear that some of the humans are rotoscoped - but then, the rotoscoped humans (including Cinderella herself) aren't full-blooded characters in the script, so this approach works well enough. It's really the animals that make the movie. I think the studio had never quite used animals in this way before, as totems rather than sidekicks. The mice, for instance, are the creatures who draw us into the story; but they are really representatives or allies of the more colourless Cinderella. The cat, Lucifer, is a kind of witch's familiar to the Wicked Stepmother. (The cat is brilliantly conceived and animated - one of the best feline creations of all time. The supervising animator was Ward Kimball and he modelled it on his own cat. I wonder how he put up with the animal.) This approach allows the animals to steal the show without drawing our attention from the main story. Their actions are of maximum interest only in the light of the main story.<br /><br />Among the supporting cast the notable humans are the King and the Grand Duke. The King is a one note character - he wants grandchildren and appears to have no other desires at all - but the note is struck in a pleasing fashion. The Grand Duke is a put-upon character who deserves to be lifted out of his sphere as much as Cinderella does. (Although he, of course, is richer.)<br /><br />""Cinderella"" is Disney's return to features after an eight-year hiatus, and neither with it nor with any subsequent movie would he recapture the raw brilliance of his early years. Moreover he made things hard for himself by picking ""Cinderella"". She's a passive heroine and there's not much anyone can do about that. (Maybe I'm wrong on this score - I haven't seen the recent ""Ever After"".) Nonetheless it is remarkable how successful Disney was in bringing this unpromising story to life, without cutting across the grain of its spirit.",1,15364
237,"I stumbled onto this movie when I was eBay'ing Caesars Palace stuff, as I'm enamoured with its rich Vegas history as the last of the original luxury resorts still standing in good condition (unless you count Bally's, the original MGM Grand). In that respect, this movie delivers full-force. You're given a grand tour of the Caesars property,which in spite of all the renovations and additions they've done over the 40 years it's been open, looks alarmingly similar. As a film overall, the plot is somewhat difficult to follow, thanks in large part to the horrendous editing. And when I say horrendous, I'm not using that word lightly. There's a lot of spliced-in, second-long snippets of Vegas traffic, casino crowds, and even a scene where the Robert Drivas character is having a conversation with his father about how much he's grown up, and without any explanation, he (Drivas) goes (in those infamous snippets) from being himself, to a baby, to a little boy, and then back to himself while talking back and forth with his father. (That doesn't give away any plot details; if anything, one can be prepared for it and maybe they won't be as flabbergasted as I was by the editing.) The film has aged well otherwise, and has a good message about the inherent differences between a father and his son that most guys could relate to in some form or fashion.",1,15429
238,"Never realized that Charles Boyer, (Luis Denard) appeared with Lauren Bacall,(Rose Cullen) in a film together and enjoyed their great acting together. Even Peter Lorre, (Contreras) had a role in this film and had a bad misfortune in his bathroom that caused him to faint. This story deals with a Republican Courier, Luis Denard who visits England during the Spanish Civil War and tries to disrupt a coal mining contract that will cause great harm to other nations. Lauren Bacall, (Rose Cullen) comes to the aid of Luis Denard by picking him up and at the same time falling in love with him and then proceeds to help him escape from an angry crowd of English Mine Workers who threaten his life. The real bad guy in this film is Victor Francen, (Licata) ""Beast with Five Fingers"" who gives an outstanding performance. Great Classic 1945 film without Humphrey Bogart.",1,15494
239,Witty and disgusting. Brash and intelligent. BASEketball redefines comedy/sports with a pot spoof of an easy target. Makes other so called comedies like dead boring. One of the best of all time! Trey Parker and Matt Stone play their roles as losers with apt perfection.,1,15559
240,"I love this show. Period. I haven't been watching very long, probably only about six months or so, actually, but it is now my favorite show and probably will be for quite a while. I love all of the characters, except I don't really care for Donna. I'm not completely sure why. I just..don't find her funny, and I don't think Laura Prepon is a very good actress. Other than her, I find the rest of the cast pretty good. Kurtwood Smith and Debra Joe Rupp, who played Erics parents, were extremely funny. Topher Grace is also a great actor. Unlike a lot of fans, I did not completely hate the 8th season. I still watch it, and it does make me laugh. But, if you compare it to the shows earlier seasons, its..not good. Randy is horrible. The finale was decent, nothing amazing, but good. =] I do think it would have been better to cancel the show after Ashton and Topher decided to leave, but oh well. I have the fourth season on DVD, and someday I hope to have all eight seasons on DVD. Some of its most hilarious episodes, in my opinion, were 'Dine&Dash', 'Grandmas Dead', 'Red&Stacey', and 'Streaking', but I love every episode I've seen so far, which is most of them, I think. =] 9/10 stars, I would definitely recommend it. =]",1,15624
241,"This deserves a 12 out of 10. An absolutely refreshing show with real characters and real stories. This show needs to come back, I've seen every episode and this is real quality.<br /><br />The show centers around a couple of New Yorkers, plays around with the concept of the six degrees of separation and cleverly intertwines their lives. Bridget Moynahan and Jay Hernandez are stunning and so is the adorable Caseman. The scenery is amazing and wardrobes are exquisite.<br /><br />We need more shows like this that makes viewers feel like they are intelligent individuals not mindless drones.<br /><br />If it never comes back, six degrees will be sorely missed.",1,15689
242,"This is one of three 80's movies that I can think of that were sadly overlooked at the time and unfortunately, still overlooked. One of the others was Clownhouse directed by Victor Salva, a movie horribly overlook due to Salva's legal/sexual problems. Another would be Cameron's Closet which strikes me as somewhat underrated--not great, but not nearly as bad as the reviews I've seen. Paper House is well worth your time and I think that it is one of those very quiet films that will just stick in your brain for far longer than you might think. I mean, 10 years after I've seen it and I still give it some pause, whereas something that I might have seen 6 months ago has gone into the ether.",1,15754
243,"Interesting mix of comments that it would be hard to add anything constructive to. However, i'll try. This was a very good action film with some great set pieces. You'll note I specified the genre. I didn't snipe about the lack of characterisation, and I didn't berate the acting. Enjoy if for what it is people, a well above average action film. I could go on but I've made my comment.",1,15819
244,"Domini Enfilren (Marlene Dietrich) has spent most of her life caring for her father. Now that he has died she is free--but doesn't know what she wants. Boris Androvsky (Charles Boyer) is a monk who has fled a monastery to taste more of life. They meet accidentally in Algiers, fall in love and get married. But he can't leave his past behind and she can't live without him...<br /><br />WAY overdone romance full of hysterically bad dialogue and situations. Dietrich and Boyer do their best to give good performances but NOBODY could get away with some of their lines! Still, in a way, it is a classic. It's shot in gorgeous Technicolor (try to see it on DVD) where every frame is breath-takingly beautiful. Dietrich is always dressed to the 9s (even in the middle of the desert) and strikes hysterical poses to show off the clothes and her body. Boyer just walks around looking stricken (no shock there). Still I was never bored. It was wonderful to look at and the non-stop stupid dialogue kept me in stitches. The end almost had me falling out of my chair because I was laughing so hard! Now I love corny romances and give them plenty of space but really---this is unbelievable! It also runs a very short 80 minutes.<br /><br />As a camp classic I give this an 8. As a serious movie--a 1.",1,15884
245,"The movie shocked me. Personally i had herd mostly bad buzz. Well finally after owning the DVD for months now i pooped it in on a sleepless night. though the movie did drag the extra footage was used with purpose the seriousness of his passion and his recovery from addition to the game would have been less realistic if they had left out any scenes. The best thing about the movie is it's consistency with the relationship. There were no ex's popping up or characters threatening the relationship. I mean typically we see the girl meets boy by some amazing twist of fate,they date,something we saw coming breaks them up up and then they get back together in the last five minutes of the movie. but this movie did not follow that mold. We actually experienced the relationship and it's flaws and though the characters did have there moments of anti-love they did not have dramatic pauses were they went off and did a montage every 15 and then reunite in love again. i did not feel the movie was as predictable as the rest of the romance movies. The story was unique and truthful to reality in the way that i felt these people in the film were the most believable that i have seen in a romance film from modern times.And it did not hurt that all the baseball games were real and they were at the actual world series so fate kicked in a little there also. It's no ""My fair lady"" but it is a spirited and honest film. I'll simply say i like it.",1,15949
246,"Phantom Lady (1944) Dir: Robert Siodmak <br /><br />Production: Universal Pictures<br /><br />Scott Henderson (Alan Curtis), following a nasty fight and split with his wife, looks to drown his sorrows at the local watering hole. There he spies a woman in a similar emotional state and, looking for some companionship, asks her to a show at a club to get both their minds off their problems. She agrees, but only on the condition that they keep their names to themselves. Sure enough, when Scott gets home he finds the police there, waiting to question him. His wife's been murdered. Where were you at 8 o'clock this evening, asks Inspector Burgess (Thomas Gomez)? But Scott has an alibi, right? Only he doesn't know the woman's name. And the bartender remembers Scott but not the woman. Neither does the cab driver. Nor the drummer (Elisha Cook Jr.) at the club. Even the dancer at the club, who Scott clearly caught looking at the woman (they were both wearing the same hat), won't acknowledge there was someone with him. Something is going on, but whatever it is Scott is helpless to defend himself at a trial and is sentenced to death for his wife's murder (on the flimsiest 'evidence' in Hollywood judicial history). It's left to his loyal secretary, 'Kansas' (Ella Raines), who's later joined by a sympathetic Inspector Burgess, to find out the real killer before Scott is executed.<br /><br />Phantom Lady is built on themes that recur, almost compulsively, in Woolrich's work. For example, the schizophrenic antagonist is also seen in Black Angel and The Leopard Man. Additionally, there is the character who becomes mentally unhinged by the death of a sweetheart or spouse as found in Rendezvous in Black and The Bride Wore Black. It can leave a viewer feeling like he's treading on well worn ground. But in the right hands, the feverish plots, sorry dialogue, the narrative inconsistencies, all are beside the point. Fortunately, Phantom Lady was being guided by sound hands.<br /><br />This is Siodmak's first noir. He would go on to distinguish himself as one of the, if not the, preeminent practitioners of the style (The Killers, Criss Cross). Here he is fortuitously paired with cinematographer Woody Bredell (they would be reunited on Christmas Holiday and The Killers). There is some great storytelling done in the camera. In one shot, the deteriorating mental state of a character is shown as he sits in front of a 3-way mirror, suggesting multiple personalities. The same character, who is an artist, has Van Gogh's self portrait with the bandaged ear hanging on the wall in his apartment. But what Siodmak and Bredell are really doing in Phantom Lady is practically creating the look for noir. Released very early in 1944, it's all here; the wet pavement, the bags of atmosphere and dread, the sharply contrasting b&w, the wildly expressionistic versions of reality (when Kansas visits Scott in prison), the discordant shafts of light, etc. It is a terrific picture to look at.<br /><br />Franchot Tone aside, the cast, as well as the subject matter and relative inexperience of the director (and presumably, the budget), suggests 'B' movie ambitions. I thought Tone was a little hammy. Alan Curtis (High Sierra) is not up to much, and actually comes off pretty weak in a few scenes. Ella Raines is mostly good (and quite beautiful). Her 'sex scene' with Elisha Cook Jr. is so delirious it has to be seen to be believed. Another standout scene is when Kansas goes after the bartender to question him. It amounts to a chase scene, as she relentlessly dogs him through the streets, with a stop at a subway station. Some real good tension in there.<br /><br />*** out of 4",1,16014
247,"This Columbo episode is probably noted more for the director, Steven Spielberg, as one of his early films. It should be looked at for Jack Cassidy's role as the murderer who kills his partner in writing to maintain his lifestyle. Jack Cassidy would appear in a later Columbo. After all, Columbo meets his match in Jack Cassidy's character. He is a mystery writer who plots to perform the perfect murder. After his first murder, his next victim would be the annoying general store owner/widow who would blackmail him for money. Rather than losing more money, he kills her. It is very entertaining to watch Cassidy and Falk as always. Falk's familiarity as Columbo makes him watchable after viewing this episode repeatedly over the years. What television today forgets about the success of years is that people will want to watch the shows again and again if they like the characters. It's not about who does it, how and why, it the familiarness of Columbo and his likability which scores high with viewers like myself.",1,16079
248,"I began watching a replay of this TV movie on a Sunday afternoon, thinking it was just another dumb airplane disaster flick. I was wrong.<br /><br />""Pandora's Clock"" is an intelligent political thriller that is far beyond the quality of most TV movies. It could just as easily have made its debut on the big screen.<br /><br />The cast is excellent, including veteran actors Richard Dean Anderson, Edward Herrmann, Robert Guillaume, and Robert Loggia. Daphne Zuniga turns in one of her best performances as a medical specialist working for the CIA, and Frasier's Jane Leeves is also very good. <br /><br />The dialogue is well-written and the story is compelling throughout. In fact, the final hour is so filled with plot twists and suspense that you can't leave your seat for a second. If you get a chance to see this movie, invest the time -- nearly four hours. You will be richly rewarded!",1,16144
249,"I really like this film... when I started to watch it I thought I would get bored pretty soon, but it surprised me... I thought it was a great film and have seen it a few times now. The characters are believable and I have to say that I fell in love with Brian Austin Green all over again (the first time being Beverly Hills 90210). I would recommend this film if you are a fan of his, but I do agree with another comment made earlier, that the ending is sort of disappointing. I would have loved it to turn out a little different! Never mind though, good gripping story.",1,16209
250,"The first film had little ambition so nothing sticks to the screen. It was a bad version of 'Back to the Future' with zero charm. Once accepted that Bill & Ted are nitwits, the joke can only get hammered at the audience for so long before it breaks.<br /><br />This is a surprise. This is your only spoiler warning...<br /><br />By today's standards, this is more fun. This was shunned upon release, sad considering that more talent is involved than the first time. We get the photographer of 'Face/Off', the editor of 'Fugitive', a production designer from Burton's early work, and the sound designer of 'Matrix'.<br /><br />The writers made up for their shallow first outing with something deep. Since this was shunned by the fanbase and public, the director probably decided the style was too extreme. It's not, it fits the material. Like 'Death Becomes Her' and 'Catch-22', this dares to be smart, but we like our movies ""simple"" so we don't buy it. Probably since this dared to be different is why it took 12 producers to pull it off. What's so good?<br /><br />--Nice self-reference towards Keanu; from airhead to Messiah. See also Arnold Schwarzenegger.<br /><br />--Joss hates his creations as much as he hates their counterparts, he makes his own hatred. The Evil B&T and the ""good robot usses"" have the same vocabulary as their originals: lesser copies and depreciation of language.<br /><br />--The ""duality"" motif. Nowhere else is this evident than in the photography styles, lots of high and low angles. They even use Roy Brocksmith from 'Total Recall' to emphasize the point.<br /><br />--The ""choices"" motif. I don't know where this started in the genre (maybe 'Ghostbusters'), but it's used pretty well here. It even boils down to the 7 games against death--Battleship and Club.<br /><br />--Film self-reference, even present in the game against Death (Clue). This is smarter than Tarantino or Brooks. Notice the Premier magazine cover at the end: ""Bill and Ted: The Movie."" Ironic also how Death and Nomolos were villains in the 'Die Hard' and 'Lethal Weapon' sequels.<br /><br />I still have some minor nits, but nothing compared to the original. Music and film are different mediums so it makes no sense why many scripts revolve around the former--particularly in the teen market. Carlin is a great comedian, but in these movies he's wasted. Also, for all the daring this effort shows, even cracking gay jokes, they can't kill a cat?<br /><br />So, despite looking like a Nickelodeon production, this is incredibly interesting. From this movie we got Beavis and Butt-Head. ""We're in Heaven and we just mugged three people."" <br /><br />Final Analysis = = Midrange Material",1,16274
251,"With this movie, it's all about style, atmosphere, and acting. True, I didn't believe all of the plot developments, but it didn't matter- the terrific acting, the unexpected plot twists, and the wonderful atmosphere sucked me right in, and carried me along for the ride, and I had a great time. Kenneth Branagh is not only a great actor but a master of accents, and he proves it once again with a flawless Georgia accent. He's surrounded by so much talent in supporting roles (Robert Downey, Jr., Embeth Davidtz from Schindler's List and Fallen, Tom Berenger, Daryl Hannah, and Robert Duvall) that I was simply blown away. I recently bought a copy of this movie, and I never tire of watching it. Simply one of the best thrillers of the year. If you've ignored this movie (and chances are you have), then I suggest you check it out.",1,16339
252,"In my opinion, this is the best stand-up show I have ever seen. I became an instant Eddie fan after seeing Dress to Kill, but I must say I think this is his best work. I would say, though, if you ever get the chance to definitely go see him live. It is worth it!<br /><br />Most of the time after seeing a stand-up routine a couple times, the jokes start to get old. But I have to say, I've seen this show SO many times that I literally have the entire thing memorized (which yes, I realize is kinda sad) but every joke still makes me laugh. This is truly a feel good show.<br /><br />Dress to Kill will never get old for me. I own it and watch it anytime I need a good laugh.",1,16404
253,"Now my friends, films like ""La Bête"" (aka ""The Beast"" or ""O Monstro"")only can be done in the old continent :),in this film we see all: horses dirty sex, nymphomaniac kind off gorilla, non sense dialogs, etc, etc, etc... In the serious terms now,its an allegory, that men sometimes could be bestial, visceral and brutal,Walerian Borowczyk (the director) shows us the loss of innocence, sexual violence, rape and brutality. Its a astonishing cinematic experience, bizarre and full of grotesque scenes. For all fans of European shocking exploitation, i recommend this film.If you like this one i recommend: ""Orloff Against the Invisible Man"" and ""Alterated States"".",1,16469
254,"This movie was absolutely wonderful. The pre-partition time and culture has been recreated beautifully. Urmila has given yet another brilliant performance. What I truly admire about this movie is that it doesn't resort to Pakistan-bashing that is running rampant in movies like Gadar and LOC. With the partition as a backdrop, the movie does not divert to political issues or focus on violence or what is right and wrong. The movie always centers around the tragic story of Urmila's life. Her fragile relationship with Manoj Bajpai has been depicted excellently. The movie actually shows how the people, both Hindus and Muslims, have suffered from this partition. The theme that there is only one religion is truly prevalent in this film.",1,16534
255,"I loved the episode but seems to me there should have been some quick reference to the secretary getting punished for effectively being an accomplice after the fact. While I like when a episode of Columbo has an unpredictable twist like this one, its resolution should be part of the conclusion of the episode, along with the uncovering of the murderer.<br /><br />The interplay between Peter Falk and Ruth Gordon is priceless. At one point, Gordon, playing a famous writer, makes some comment about being flattered by the famous Lt. Columbo, making a tongue-in-cheek allusion to the detective's real life fame as a crime-solver. This is one of the best of many great Columbo installments.",1,16599
256,"I've watched a bunch of episodes of Cold Case since its premiered (especially now that it immediately follows The Amazing Race, but this was one of the best instances of writing and acting I've seen from the house of Bruckheimer. The casting, especially of the younger officers, was spot on, and the script and editing, the soundtrack, and the acting made this episode a tour d'force. If I were the producers I would submit this episode for Emmy consideration. It amazing how complete a portrait was made of Coop and Jimmy within the confines of s 48 minute episode; that takes a lot of talented people doing their best. I hope there's is advance warning of when this episode is repeated, because I'm sure I'll notice a lot that I did not notice the first time around.",1,16664
257,I won't go into too much detail about the plot of this movie as other reviewers have covered pretty much the same ground.<br /><br />Just wanted to say that I really enjoyed the film very much. Peter Falk's performance alone is reason enough to watch the film.<br /><br />A small scale 'road trip' movie with Falk & Paul Reiser in upstate NY in the fall is the setting for most of the action in the film.<br /><br />Very well written with an adult target audience in mind. Plenty of reality based humor & some well played drama give the film a feeling that it could be your own family.<br /><br />Really can't say enough about this film except that it's a damn shame that a lovely movie like this doesn't get more exposure while other trashy junk out there does.<br /><br />It's great to see Falk with a big leading man role again & he makes the most of it. It proves that his famous friend & writer/director John Casavettes was right in casting Falk in many of his ground breaking films of the 60s & 70s.,1,16729
258,"Superbly developed characters into the lots of funny situations full of spirit, absurdness and Serbian mentality. Movie is a great comedy, enjoyable, interesting, unpredictable. Best point in a film: characters, then humor itself, story and dialogs. Humor has 'inner development' , rare in Serbian movies. So, it is consequence of characterization, is well motivated, spontaneous and cogent. Also it is sharp, intelligent and lucid. Most of the movies, unfortunately, had constructed humor (devise a joke and put it into a characters's mouth) or ordinary situation comedy, burlesque, farce. Some of the 'art immortality' are incorporated in this movie. Little masterpiece, hardly reachable.",1,16794
259,"Although in my opinion this is one of the lesser musicals of stars Frank Sinatra, Gene Kelly, Kathryn Grayson and director George Sidney, a lesser musical featuring anyone from that line-up is nothing to sneeze at, and in conjunction, the line-up makes Anchors Aweigh a pretty good film despite its flaws.<br /><br />Sinatra and Kelly are Clarence Doolittle and Joseph Brady, respectively, two Navy men. As the film begins, they're just pulling in to the Los Angeles area for some much needed leave. Brady plans on visiting a girlfriend named Lola. Doolittle is still a bit wet behind the ears, appropriately enough, and seeks advice on women from Brady in private (publicly, scriptwriter Isobel Lennart and Sidney have all of the Navy men comically exaggerating their finesse with women to each other). Brady promises to help get Doolittle hooked up, but primarily because Doolittle won't leave him alone otherwise. A kink is put into their plans when local police basically force them to assist with a young boy who is obsessed with the Navy. He won't give the police any information about who he is or where he lives. Brady helps and he and Doolittle end up taking the boy back home. When the boy's guardian, Susan Abbott (Grayson), finally shows up, Doolittle goes gaga for her. Brady tries to convince him to forget about her; Brady just wants to get back to Lola. But they keep getting coaxed back to Abbott's home, and eventually something of a love triangle forms. Things become more complicated when Brady lies about Doolittle knowing a famous musician, Jose Iturbi, who is in residence at a film studio, and claims that Doolittle has set up an audition for Abbott, who is a singer and actress, in front of Iturbi.<br /><br />Because of the story, the music is a strange combination of militaristic music--because of the Navy premise, obviously, Broadway pop--what the stars tend to sing in more informal settings, opera--what Abbott's character excels at, Liberace-like popular classical--what Iturbi did, and Mexican music--because Abbott frequents a Mexican restaurant in a Mexican section of L.A. The combination doesn't work as well as it could. Plenty of the songs are good, and everyone involved is certainly talented as a singer or musician, but the genre hopping tends to lose coherence. Worse, there are a couple showcases for Iturbi, who was apparently a big star at the time, that effectively bring the plot to a halt and that seem more than a bit hokey at this point in time. I just watched another film that happened to have outstanding music, Robert Altman's Kansas City (1996), but that misguidedly stopped the plot to periodically turn into a concert film. Anchors Aweigh takes a similar tactic. Yes, this is a musical, but there's a difference between songs that propel and are integral to the plot and concert showcases that seem like contractual obligation material.<br /><br />There are also some plot problems. It's not very well established why Brady is so against Doolittle's pursuit of Abbott. We can guess that Brady thinks Doolittle shouldn't become involved with someone who has to take care of a kid, and who seems relatively ""proper"" and traditional, but on the other hand, Brady can tell that Doolittle doesn't have the same womanizing disposition that Brady admits of himself. Abbott seems like a good fit for Doolittle, and furthermore, Lennart works hard to establish that Brady just wants to get Doolittle out of his hair and get on with meeting Lola--it seems that Brady's character should be quickly pawning Doolittle off on any candidate, whether she's a good fit or not. This might seem like a minor detail, but it's actually the hinge for about a third to half of the plot. The story also seems a bit drawn out. Length is a problem. Anchors Aweigh, clocking in at roughly two hours and twenty minutes, should have been cut down by at least a half-hour.<br /><br />The above surely sounds like I'm complaining about the film too much to justify an 8. I just wanted to stress what I see as flaws, because the conventional wisdom on Anchors Aweigh is much closer to the idea that it has no flaws.<br /><br />Sinatra, Kelly and Grayson are certainly charismatic, separately and together. They turn in good, interesting performances. Sinatra looks and acts much younger than his actual age of 29  30 while shooting. He plays an unusually naïve, virginal character--completely different than most of the roles he would take later, and different than his public image as a crooner. For Kelly, this was his breakthrough film, and rightfully so. His choreography is varied and impressive, as is his acting. Grayson is charming, her performance is sophisticatedly understated, and she's simply gorgeous. All of this helps override the flaws with the script and the drawn out pacing.<br /><br />And there's even a very interesting element that probably only arises because Sidney was allowed to sprawl over a large variety of moods--the infamous Kelly dance with Jerry the Mouse (of ""Tom and Jerry"" fame) in an extended fantasy sequence. This is one of the earliest examples of combining live action and animation, and it is extremely well done and enjoyable as long as you're a fan of fantasy. The fantasy sequences tend to be the best of the film. Matched in excellence to the dance with Jerry the Mouse is a long song and dance number featuring Kelly and Grayson, where Brady is imagining Abbott in a scene from a period film while he woos her, having to resort to acrobatic stunts to reach her physically as she stands on a high balcony.<br /><br />As uneven and flawed as the film is, it is largely successful and entertaining to watch. Fans of classic musicals certainly shouldn't miss Anchors Aweigh, and neither should Sinatra fans, who'll get quite a kick out of his character.",1,16859
260,"Taiwanese director Ang Lee, whose previous films include 'Sense and Sensibility' and 'The Ice Storm', turned to the American Civil War for his latest feature. Based on a novel by Daniel Woodrell, it follows the exploits of a group of Southern guerrillas, known as bushwhackers, as they fight their Northern equivalents, the jayhawkers in the backwater of Missouri.<br /><br />As one might expect, there is plenty of visceral action, but the focus is on the tension that the war put on the young men who fought it - many of whom were fighting against their former neighbours and even family. Jake Roedel (Tobey Maguire) is such a man, or rather, boy, as he is only seventeen when the war reaches Missouri. He is the son of a German immigrant, but instead of following his countrymen and becoming a Unionist, he joins his lifelong friend Jack Bull Chiles (Skeet Ulrich) and rides with the bushwhackers. Despite a lack of acceptance because of his ancestry and an unwillingness to participate in the murder of unarmed Union men, he remains loyal to the cause. So does his friend Daniel Holt (Jeffrey Wright), a black slave freed by another bushwhacker and so fighting for the South.<br /><br />Lee handles the subject with aplomb, never rushing the deep introspection that the plot demands in favour of action and this lends the film a sense of the reality of war - long periods of boredom and waiting interposed with occasional flashes of intensely terrifying fighting. The action is unglamorised and admirably candid, recognising that both sides committed a great number of atrocities.<br /><br />The performances are superb, with Maguire and Wright both courageous and dignified. Up-and-coming Irish actor Jonathan Rhys Meyers is particularly chilling as a cold-blooded killer, while Skeet Ulrich is enjoyably suave and arrogant. Lee never flinches from the reality of war, but his actors do an admirable job of showing the good that comes from it - the growth of friendship, the demonstration of courage and, on a wider scale, the emancipation of oppressed peoples. Ride With the Devil is a beautiful and deeply compassionate film that regularly shocks but always moves the audience.",1,16924
261,"This is my favorite Jackie Chan movie and in an interview, Jackie said it was his favorite as well. It contains some unbelievable stunts and jaw dropping fight sequences as well as some very funny scenes as well. This movie was a favorite of Brandon Lee, who used parts in Rapid Fire, and was also lifted in Tango and Cash, which used some of the opening scenes.<br /><br />Jackie plays a policeman in Hong Kong. The story immediately jumps into a fantastic chase through a shanty town and continues as Jackie slides down a hill and jumps onto a moving bus to catch the evil Ku (who is one of the greatest villains in any Jackie Chan movie.) You can expect some very funny scenes as Jackie tries to balance his duty as a policeman with his girl friend, played by Maggie Chung. His job is to protect Ku's secretary who has enough information to take him down, but even that poses many problems. Jackie is at his absolute best here. The last fight scene at the mall is my favorite fight scene by anyone - period. It was the most intense fight I have ever seen Jackie do and climaxes in a slide down a pole amidst exploding lights. All in all, one of his greatest stunts he ever did and left him with skin pealed off his hands. He was fortunate he was not electrocuted as the person in charge of the stunt used high voltage instead of a lower voltage.<br /><br />All in all, another Chan classic and definitely one of his greatest movies. By the end of this movie, you can tell he held absolutely nothing back and neither did his stuntmen. So many of his stuntmen were injured during this movie that nobody would insure them anymore - Jackie had to take responsibility himself. There are no gimmicks, wires or stand-ins - it is all true-life action that is a treat to watch. It is this type of action that made him the phenomenon that he is and it is a movie that will amaze people 100 years from now. If you have not seen this movie and are a fan of Jackie Chan or action in general, give yourself a treat and watch this movie. It is truly sensational.",1,16989
262,"Loosely intended as a satire of D.W. Griffith's Intolerance, The Three Ages was Buster Keaton's first attempt at a full length comedy feature. The only similarities to Intolerance are the opening ""book"" scene and the fact that similar stories through the ages are edited together into a complete film. Keaton's reasoning for appropriating this style was that if it didn't succeed as a feature film, it could be reduced to three two-reelers. Fortunately, The Three Ages succeeds brilliantly as a comedy and contains some of the funniest routines I've seen in any of Keaton's film. There is nothing unique or daring about the story lines. They are simple boy-meets-girl, boy-loses-girl, boy-gets-girl plots, but the period satires are riotous and set the standard for future works by Mel Brooks and all films of this genre. However, I don't believe that anyone has ever topped this comedy. No one can play the lovable goof like Keaton and the stunts in this film are some of his best. In addition, Wallace Beery's appearance as Keaton's rival adds to this film's appeal. Anyone who thinks that comedy from the 1920's cannot be appreciated by modern audiences needs to see this movie.",1,17054
263,"Despite the lack of logic present in the storyline, Kill Shot is a highly enjoyable film. Through a moving performance Kasper Van Dien brilliantly portrays the emotional rift between a hard working wealthy father and his misguided son. Each member of the supporting cast pitches in with a solid performance, highlighted by the vivid acting of a young asian man whose name I cannot recall. A shockingly tragic ending may unnerve some younger viewers, but as a whole Kill Shot truly delivers a death blow.",1,17119
264,"""Hot Millions"" is a well-written, well-acted tale about an embezzler who steals (whoops! -- too low class a word for an embezzler, according to Peter Ustinov's lead character) a ""hot million"" from the London branch of a U.S. corporation by creating shell corporations on the continent and using the firm's ostensibly secure computer to transfer funds to them. (Remember, spoiler police, this is a comedy, not a mystery.) <br /><br />From 1968, this movie's depiction of computers may seem naive to today's more computer-literate populace; but as one who has worked with computers since before this film was released, I would assert that even then, this smacks of having been written by and for computer illiterates, probably on purpose to heighten the droll comedic aspects of this British flick. <br /><br />If one has little taste for this type of entertainment, the movie may seem to drag in spots. Fortunately, it has a nicely wrapped-up ending; unfortunately, the end credits give no indication of the classical music used therein -- the symphonic piece at the end and the piano-flute duet in the middle -- just the song sung by Lulu which I totally don't remember.",1,17184
265,"Ghost Train is a fine and entertaining film, typical of the better British comedy chillers of the 1930s and 40s. The antics of comedian Arthur Askey are not as funny as they once apparently were, but this can be overcome by viewing him as a period piece or a curiosity.<br /><br />For a low-budget wartime production, Ghost Train is atmospheric, effective, and it provides some genuine suspense. Great fun for a dark (and, yes, stormy) night. Lighten up, take off the critic's hat, and enjoy.",1,17249
266,"The Straight Story is the tale of an old man who decides to visit his sick brother who lives across the state line. He decides to make the trip on his lawnmower as he can't drive and he wants to make the rip by himself. The film beautifully depicts his journey and the lives he touches along the way. <br /><br />Richard Farnsworth turns in a beautiful performance as do the rest of the cast, most notably Sissy Spacek in an endearing performance as his daughter, and Harry Dean Stanton in a small but infinitely crucial role.<br /><br />At first I felt that a story of an old geezer trip across the country side would be dull but I soon discovered that Lynch with all the insights in to the man life makes this a movie I would recommend to anyone.",1,17314
267,"So many educational films are nothing more than mind-numbing drudgery, saved only by the fact that ""MST3K"" mocks them (""Why Study Industrial Arts?"" comes to mind). ""Hemo the Magnificent"" is actually quite well done. It's all about blood, the heart, and the circulatory system. I admit that I don't remember everything from it, but it does a good job explaining everything, keeping it serious but entertaining. I guess that you can always count on June Foray (most famously the voice of Rocky the Squirrel, she plays a deer here).<br /><br />Since ""Hemo the Magnificent"" itself may be hard to find, probably the best place to see it is in ""Gremlins"": a class is watching it while a gremlin is forming.",1,17379
268,"One of America's most brilliant film directors was without question Elia Kazan. His directorial genius was not particularly suited to taut thrillers, since Kazan needed more room to breathe and to be slower and more subtle. However, 'Panic in the Streets' is a first-rate social thriller and is if anything more relevant to today than it was to 1950 when it was released. The themes of illegal immigrants, people-smuggling, imminent plagues, rapid transmission around the world of diseases (a worried Richard Widmark says: 'I could be in any American city in ten hours and in Africa tomorrow.'), ethnic isolation and ghettoism are today's concerns more than ever. This film features a spectacular film debut by Jack Palance, and a wonderful performance by Barbara Bel Geddes, two casting strokes of genius. Richard Widmark is allowed not to be a psychopath for once, and is a deeply caring, warmly loving, intense hero of the people. He leads basically a one-man campaign to stop an epidemic of pneumonic plague in New Orleans, struggling to convince sluggish politicians and complacent policemen that there is a problem. There is a race against time to find the small-time crooks who have contracted the plague from a dead illegal immigrant within 48 hours, before the whole city, and as they are always reminding us, the whole country, are endangered with the worst thing since the 1919 flu. One amazing scene where Jack Palance, who is infected, is prevented from climbing aboard a ship by a rat-barrier on the rope is ironic in the extreme, reminding us in the most gruesome terms that humans can be the worst carriers and vermin of all. The highly dramatic chase scenes in what they call 'the coffee factory' at the wharfs rivals the most inventive climax scenes of Hitchcock, and with just as spectacular a setting. Many non-professionals appear in the film, which has the gritty realism of, well, something called reality. Kazan really takes the cameras into places where even people rarely went, and where even rats would have thought twice. This film was a major feat of social realism. If it lacks the electricity of the most highly charged thrillers, it is because Kazan took it so seriously that he could not hype it up, for after all, the threat of plague is serious enough to scare anybody without the need for extra guns and molls. The only unfortunate thing about the film is the title, which gives a false suggestion of superficiality. But Kazan was anything but superficial. He clearly considered this project a public duty, to alert us to genuine possibilities. If only those possibilities had diminished today, but alas, they are getting worse every day. One day, after a worldwide plague, this film may be shown to a few survivors as an example of how an outbreak was contained on film, but its lessons were forgotten.",1,17444
269,"Another entertaining Travolta dance flick! GREAT MUSIC, mood, and scenes. Debra Winger is beautiful! Like ""Saturday Night Fever"", this macho film features extremely improbable scenes of beautiful women falling for Travolta and almost begging him to have sex with them.",1,17509
270,"What a real treat and quite unexpected. This is what a real thriller movie is all about. I rushed into the video shop, grabbed a movie without reading the entire blurb on the back and hoped for the best. I was totally surprised and delighted. I really enjoyed the actors and their characters. I thought they all gave a great performance and made their characters realistic. The plot was well thought out,well written and directed. It kept you interested from start to finish and never got boring for a single minute.<br /><br />I highly recommend this movie for those that like thrillers, especially thrillers that are well paced and ones that keep your attention. Definitely a 10 out of 10 from me.",1,17574
271,"This movie has recieved horrible ratings from just about everyone who has voted here but i am here to say if you like movies like Dude Wheres my Car and Dumb and Dumber this movie is for you. If your into movies like Citizen Kane and Casablanca id have to sugest you in a different angle. Yet i still love this movie and everything about it even if it is kind of ""kiddy"" this is one of the few movies me and my freinds have been able to keep watching over the years and quote whenever possible. GREAT MOVIE. This movie should the AFIs number 1 because its so friggin' high class. The only problem with this movie is you may have trouble seeing it because it was a made for tv movie on a channel that no longer exists. So i dont know how to get this movie, id like to buy it for dvd but i cant find it anywhere. I still have it taped from when it was first on, you can come over if you want and watch it bute i might be sleeping. this movie rocks and thats basicly all you need to know.",1,17639
272,"I attended Camp Chesapeake. It was located at the head of the Chesapeake bay on the North East River in MD. It was a similar type summer camp with cabins. It was established by the Coatesville, PA YMCA. I started out as a young camper and later became a Junior, Senior counselor and later, the Waterfront director. If the camp had continued, I would have done anything within my power to become the camp director. Alas the powers of the YMCA decided to close down the camp and sell it to the state of MD. I visited the former camp some years later by boat and was dismayed by the neglect of the state of MD and natural destruction by mother nature. The 350 acre site served so many with all the benefits of contact with natures offerings. A black man by the name of Curtis Ford, and his family were residents and caretakers of the property. Mr Curtis was my friend and mentor. I idolized his every being. Even as he could not swim he was a waterman. If I asked him where the fish were biting, he would designate the spot, and I would have a ball. Ther was also a Family camp at the end of the summer. These memories will be with me for eternity.",1,17704
273,"Running Man viciously lampoons the modern-day American media complex, and hits its target dead-center. It may be an easy target, but they pull it off none the less. RM effortless takes on pro-wrestling (featuring some pro wrestlers as the Hunters), network television, the Nielsen ratings, the American government (suggesting it's entertainment-oriented anyway), crime & punishment, and a half-dozen other things along the way. It's a far cry from the original Stephen King novella, and Arnold is not the Ben Richards of the novella either. But who cares? It's basically a Arnie flick, with all the well-choreographed action sequences and one-liners such an undertaking requires.",1,17769
274,"Going for something far away from the deliberately gross stuff that he usually makes, John Waters (happy birthday, John!) made this parody of the celebrity/art world. Edward Furlong plays the title character, a working-class teenager in Baltimore who loves to photograph things. When a New York agent (Lili Taylor) discovers his work, she offers him his big break, which he accepts. But once he hits it big, he has to reconsider everything.<br /><br />Basically, ""Pecker"" looks at how he loses his friends and his normal life once he becomes a celebrity. The sort of thing that we might expect, sure, but with Waters directing, there's always a few things to shock us (you'll know them when you see them). I certainly recommend it. Also starring Christina Ricci, Mink Stole and Patty Hearst.",1,17834
275,"To me this was more a wake up call, and realization that most all we see, hear, read and think about most anything, is dependent on what the media feeds us. This is a classic example of high level spin doctors attempting to control the masses through controlled information. It is also an excellent example of how people that have a constitution that they freely bought in to, will not be swayed by this media control or any attempted mis-information. Once again this shows that at the end of the day the needs of the many will in fact outweigh the needs of the few. It is also enlightening to see that in in a country where there is no religious civil war going on, that democracy is not a real hard thing to implement.",1,17899
276,"I only saw it once. This happened in 1952, I was seven, the movie 13.<br /><br />We were so young... But I kept in mind, forever, the strong moments of Gunga's sacrifice.<br /><br />I realized that time how much a people can be hardly submitted and used by a foreign nation. Under these historical circumstances, in the movie, the personal relation of friendship, a kind of friendship that ignores itself, the one raised between people who share daily life, who see each other faces, who knows each other names, but belong to different worlds, can only make appears. Then, in the most critical moments a troubling question emerges: ""Whom are we, in first, supposed to be loyal?"", which People, family, motherland, the person you know close to you?. You do not have time to give a perfect answer, urgency is there, and it is for life or death. Gunga-Din gives his answer with sacrifice of himself. Somewhere, in a confuse manner, a problem remains unsolved, the emotion grows with the rhythm of the movie until somebody dies, just one life, nothing compared to so many other fictions or realities we can see today, because this death, this unique vanishing life I lived it, I shared with my child unconditional friendship. It was lived by the spectator I was. That day I loose Gunga-Din for ever. As I left behind, later, my pretty childhood, as I left from then so many worlds I lived in. I left all that for good and these lines are today a short visit I didn't expect to do this morning when getting up.",1,17964
277,"Once I watched The Tenant and interpreted it as a horror movie. It uses many of the tropes of the genre: the sinister apartment, suspicious neighbors, apparitions, mysteries, hallucinations. The life of the hero, Trelkovsky, seemed surrounded by evil, secret forces trying to drive him mad.<br /><br />Last time I watched it I challenged this initial interpretation. If this movie is a horror movie, it's only horror in the sense that a Kafka novel is horror. In fact this movie can be understood on a literal level as a lonely man slowly becoming crazy without any external influence.<br /><br />Polanski made in his career three movies dealing with madness: Repulsion, which I don't particularly like because the development of madness in the heroine never convinced me; Rosemary's Baby, in which the heroine is driven mad by evil forces; and The Tenant, which might be the best study of paranoia ever made in cinema.<br /><br />Trelkovsky is a young man who rents an apartment in which a woman killed herself. He becomes obsessed with her and slowly starts becoming her: he wears her clothes, puts on makeup, talks like her. But is he being possessed by a spirit, or is he just letting his wild imagination get the best of him? It's this hesitation between what is real and imaginary, and which Polanski never resolves, that makes this such a fascinating movie. Many events in the movie can be attributed to the supernatural as easily as they can be to normal causes, and it's up to the viewer to decide what to believe in.<br /><br />Although this is not my favorite Polanski movie, it is nevertheless a good example of his ability to create suspense and portray madness in very convincing terms. And technically speaking, it's a marvel too. Suffice to say he collaborates with film composer Philippe Sarde and legendary director of photography Sven Nykvist (Bergman's DP) in the making of this movie. A slow pacing and sometimes uninteresting segments may make this movie difficult to enjoy, but it's an experience nevertheless.",1,18029
278,"Probably the best picture Producers Releasing Corp ever made, this little horror piece rivets the attention from first to last. Director Frank Wisbar obviously knows a good story when he writes one and what's more important he knows how to realize its full shock potential on the screen. Not only is the plot involving and the characters fascinatingly drawn, but the setting is absolutely out of this world! Just about all the action takes place either at night or in the middle of a clinging, pervasive fog. This chilling atmosphere is augmented by Wisbar's inventive direction and the wholly convincing performances he has drawn from all his players. The lovely Rosemary La Planche makes an ideal heroine, beautiful, spirited yet vulnerable. Robert Barrat delivers his usual no-nonsense, straight-down-the-line portrait of the local bigwig, though it's hard to believe that the personable, good-looking guy who plays his son is none other than the later dullsville writer/director Blake Edwards.",1,18094
279,"I'm gonna tip the scales here a bit and say I enjoyed this. However, the cartoon is really only going to appeal to those who have very absurdist tendencies. It's definitely something that most people will not get, as is the nature of absurdism.<br /><br />the animation is horrible, but yes, that's the point. The main character is foul mouthed, violent, and stupid. no redeeming qualities whatsoever. his wife shrieks and wails, apparently just barely capable of the most basic communication skills. most of these stories completely lack any kind of point.<br /><br />but again, that's the point ;)<br /><br />If non sequiters, foul language, and complete and utter randomness are your thing, you're going to love this.<br /><br />It is really short, so I would probably rent instead of buying.",1,18159
280,"I stumbled on this series rather by accident. After half an episode, I was hooked. American Gothic was a dark, strange series with Gary Cole as the mysterious, probably evil Sheriff Buck who is trying to gain control of his illegitimate son Caleb, played by Lucas Black. I was impressed with Gary Cole's sinister sheriff and I was even more impressed with Lucas Black. Lucas Black's Caleb was able to stand up against Sheriff Buck, one of the most frightening characters ever created for a TV series. I have rarely seen a child actor with as much presence or talent as Lucas Black. If you were not lucky enough to see Lucas in American Gothic, see him in Slingblade.<br /><br />It was a remarkable show with many ambiguities and mysteries that were never explained during it's short run.",1,18224
281,"This cool Marvel superhero game pays proper tribute by staying true to the comics. Of all the Marvel superhero games that have been so lame with weak graphics and gameplay, Spiderman improves in both departments. It also features the voice of Stan Lee, the creator of Spiderman comics.<br /><br />As you'd expect Spiderman does whatever a spider can. He does more than spin webs. In fact, he uses them as weapons and shields. When he's not using web in combat, he punches and kicks as well. Spidey has his hands full as he battles Venom, Rhino, Mysterio, Scorpion, and Dr. Octopus to name a few. Look for Captain America in a cameo.<br /><br />Most of the levels are challenging, but some of them require patience to beat. The only complaint about this game is that it's so short and can be completed in less than three hours. If you're a real Marvel superhero fan, this game is for you but don't expect long gameplay. Better luck in ""Spiderman 2."" My evaluation: 9 out of 10.",1,18289
282,"Michael Is King. This film contains some of the best stuff Mike has ever done. Smooth Criminal is pure genius. The cameos are wonderful, but as always, the main event is MJ himself. He is the best, hands down.",1,18354
283,"God I love this movie. If you grew up in the 80's and love Heavy Metal, this is the Movie for you. They really don't get much better than this. The Fastway soundtrack is one of the best soundtracks ever. I put on the record when it first came out and spent the next month learning every song on guitar note for note. The plot outline is your standard Heavy Metal horror movie. Kid's favorite singer dies. Kid plays record backwards. Hero comes back in demonic form and rocks the town. What more could you ask for?<br /><br />If you haven't seen it yet, rush out and buy it. You will not be disappointed. Metal Rules...",1,18419
284,"American icon Henry Fonda portrays ""Elegant"" John Howard, an aging trucker who has had his beloved big rig ""Eleanor"" repossessed after a lengthy hospital stay has forced him to miss his payments. Deciding that he would like to make just one more perfect run, he breaks out of the hospital, steals back Eleanor, and hooks up with old friend Penelope Pearson (Eileen Brennan), who is in need of relocating her troupe of prostitutes.<br /><br />Fondas' wonderful performance is a natural anchor for a film that tugs at the heartstrings as effectively as it tickles the funny bone in the more comedic scenes. A superb cast including Robert Englund, as a reluctant young sidekick, Susan Sarandon (who also gets co-producer credit), and Dub Taylor (a delightful ham, as always, in the most blatantly comedic portion of the picture) helps immeasurably.<br /><br />The ultimately life-affirming nature of the picture and the poignancy of the journey carry incredible weight; this is a picture, that provided you get into it, you can remember long after it's over.<br /><br />The promise of the open road is vividly displayed here; the countryside just looks beautiful. Set to Craig Safans' wonderful music score, it's a remarkable picture in terms of aesthetics.<br /><br />It loses a little something in its final act (the characters played by John Byner and Austin Pendleton are little more than intrusions), but it still maintains its good vibes thanks to the appeal of its central characters.<br /><br />Not at all the exploitation / drive-in schlock picture one might expect from the title (especially its alternate title, ""The Great Smokey Roadblock""), it's a rewarding movie experience that I can recommend without qualms.<br /><br />9/10",1,18484
285,"I first came across 'My Tutor Friend' accidentally one or two years ago while TV surfing. Prior to that, I'd never watched any Korean films before in my whole life, so MTF was really the first Korean film I've ever watched. And- what a delightful surprise! I was thoroughly amused from the beginning to end, and had a great time laughing. Its comic style is quite different from those of the Hong Kong comic films (which I've been to used to all my life and hence tired of as well), breathing fresh air into my humdrum film viewing experience. I thought there're quite a few scenes and tricks in MTF that are pretty hilarious, witty, and original too.<br /><br />I watched MTF the second time a few days ago, and having watched it once already, the surprise/comic effect on me kind of mitigated. That has, however, by no means affected negatively my opinion of the film. Instead, something else came through this time- it moved me- the story about how two young, seemingly 'enemies' who're utterly incompatible get thrown together, and how they gradually resolve their differences and start caring for each other without realizing the feelings themselves, reminds me of the long gone high school days. To me, Su Wan and Ji Hoon ARE actually compatible as they both have something that is pure and genuine inside them, a quality that separates them from people like say, Ji Hoon's sassy girlfriend.<br /><br />The film is divided into two distinct parts- the 1st part deals with the 'fight' between Su Wan and Ji Hoon, and is more violent and faster in pace. After Ji Hoon gets a pass in his final examination and Su Wan dances the (in Ji Hoon's opinion) provocative dance, things start to change. The pace slows down and... Ji Hoon suddenly realizes he cares for Su Wan more than he could ever imagine. So the 2nd part deals with the development of their mutual feelings, leading of course to a happy ending accompanied by a final showdown with the gang boss.<br /><br />Just one last comment. I find this to be a bit unbelievable- the fact that a 21-year-old self-proclaimed 'bad boy' would feel embarrassed being almost naked in front of the girl he bullies and loses his 'cool' is just a little... odd. I guess that shows that Ji Hoon is just a boy pure at heart and isn't really what his appearance seems. Btw, Kwong San Woo (Ji Hoon) DOES have a sexy body and perfect figure! ;-) <br /><br />MTF is definitely on my list of top 10 favorite films of all time.",1,18549
286,"I was pleasantly surprised by the film. Let's face it; the premise doesn't sound particularly appealing when having to hand over money for a the night's flick, but it had an easygoing nature that wins one over. There were no moments that I found uproarious, and I doubt any that I'll remember the next day, but this doesn't fail as a nice diversion. What I found funny was watching it here in Peking with my Chinese girlfriend who never understands anything I like. I told her there was a plot- three guys have to bring back some weed to London. Hardly satisfying for her. There is no mugging going on here for the camera which I'd been expecting after reading a number of the comments. I do take exception however to comparisons with Withnail and I; not in the same league, and I doubt was it intended to. www.imperialflags.blogspot.com",1,18614
287,"Oh my, from the box description I thought it would be LA-crazy like 2 Days in the Valley or Hugo Pool. Ulrich Seidl must be a very strong man. Most, after directing this, would have driven off a cliff or at least committed a mass murder. I confess to only watching the first half hour (for now). Reading all the comments here, I have a lot to look forward to. Professional reviews often mention the Swedish film Songs from the Second Floor as a parallel but that's graced with humor and fantasy and this is unrelenting in its dour realism. What hath the Marshall Plan and the EU wrought? Seeing this in a theater with anyone I know would have only resulted in an enforced departure after many fewer minutes than I got through on DVD. There's a more annoying creature in the universe than Jar Jar Binks - the Hitchhiker from Hell. Whatever happens to her, it isn't enough! Soulless suburbia that I thought only existed in Arizona and Florida thrives in Lower Austria. Oh no! I thought sex clubs had ceased to exist even in New York and San Francisco, and here they are in suburban shopping malls? Was it Mahatma Gandhi or Jawaharlal Nehru who said when asked about Western Civilization, 'why that might be a nice idea'? If the world were truly like this film, bring on that black hole, we're ready.",1,18679
288,"It is wonderful to watch Roshan Seth (the strict father in 1992 ""Mississippi Masala""), who once again takes on the role of a father and head of the family, and more, in SUCH A LONG JOURNEY, set in 1971 Bombay, India. Besides the closely knit family settings, subject matters include the lost and found of a friendship; the unexpected death of a friend (somehow the calm smiling face of a friend in death in the presence of prayers felt peaceful - so Gustad Noble, Roshan's character, similarly noted); a sidewalk artist's chain of events - ""the wall as a latrine turned into a shrineshrine into rumbles and ashes"" was at once prophetic and philosophical. It's packed full of life lessons in different aspects of varying relationships: between father and son; mother and son; father and little daughter; little daughter and father and mother; longtime colleagues; long lost dear friends; even that of a man to man, one whose an innocent slow-witted ""fool"".<br /><br />In spite of the tone of the film's era, it's a colorful film rich in substance, and the strength of the story in textural layers with humor and suspense. For a director who is not Indian (Sturla Gunnarsson being Icelandic), he's made a political Indian/Pakistani film. He gets into the bone marrow of the life of this Parsi portrayed by Roshan Seth, whose performance has such nuances, subtlety, and joy. (There is singing, too.) The rest of the cast is equally strong: from Om Puri the mysterious friend of a friend; Soni Razdan the enduring wife; Vrajesh Hirjee the argumentative eldest son; Sam Dastor the longtime office mate; Ranjit Chowdhry the pavement artist; to a superstitious ""witch"" woman of a neighbor; an unbeguiling ""fool"" of a man; and a long lost bosom friend - it's a world of many faces and perspectives. Director Gunnarsson has demonstrated sensitivity in the treatment of that time period and subject was well researched with attention to details. He has the good fortune to have Sooni Taraporevala (1992 ""Mississippi Masala"", 1988 ""Salaam Bombay!"") wrote the script. This is truly a worthwhile journey of a film to partake.<br /><br />Along the lines of cultural exploration (road movie style), Fridrik Thor Fridriksson 1994 ""Cold Fever"" is an Icelandic sojourn about a Japanese young man who went across the globe in search of the specific spot to pay his last respects to his parents, dutifully following memorial rituals for the dead. Such demonstrated reverence and cross-cultural attention to family ties are heart-warming in this day and cyber age.",1,18744
289,"I was quite a fan of the series as a child and after that it has always remained in my mind as one of those memorable cartoons that made a difference in the early 80s compared to previous animated series (Heidi, Barbapapa, Il Etait une Fois l'Homme..., most of which I love). I find that other similar Japanese cartoons of this kind released later can't match Mazinger Z, as they started to boringly repeat the same pattern.<br /><br />That very thing, the novelty, may be one of the best features of Mazinger Z. Another good point is its inventiveness, with so many extravagant monsters, strange devices and bizarre characters; actually, we were eager to see each new installment to find out what kind of new fiend or evil machine was awaiting us!",1,18809
290,"Great fun. I went with 8 friends to a sneak preview viewing of this film. We came to see different one but after 10 minutes wondering what the heck we got ourselves into this time the jokes became funny and they stayed funny throughout the movie. In the first part you just keep asking yourself about this 'malinski' and 'bellini' stuff (there are many more examples of this lingo) and because they keep repeating the same jokes (with different twists) they get funnier and funnier. In search for this malinski all the main characters are introduced the first one even wackier than the next. Until half of the film was over we didn't even know the name of this movie because there were no opening credits and we went to this sneak viewing, but we sure had a good time. The house was loaded (appr. 250 people) and I think about half of them didn't like it and the other half loved the film. If you like weird comical movies with great dialogue you will love it. Apart from Clooney This movie deserves a lot better than the 5.6 IMDB rating it has at the time I write this, but when more ppl have seen it I am sure it will go up. 7.0 is reasonable I guess, I would give it an 8 out of 10. (10 out of 10 after a few beers)<br /><br />",1,18874
291,"i watched this series when it first came out in the 70s.i was 14 years old and i watched it at my best friends house as my dad didn't want to watch it.it became a weekly ritual every Sunday, and as anyone will tell you for two fourteen year olds to watch a documentary in almost reverential silence must mean that this was something special.<br /><br />the broad sweep of the events of world war 2 makes for a difficult subject to document.so the makers broke it down into what they considered to be the most significant key happenings and devoted one episode to each.some episodes covered long periods such as 'wolf pack' which covered nearly all six years of the battle of the Atlantic.while the battle of Stalingrad had one episode to itself.<br /><br />this documentary could not be made today quite simply because most of those interviewed are dead.the list of significant players appearing gives an amazing insight into the thinking at the time.Anthony eden the foreign secretary,Carl donnitz,head of the u-boats,Albert speer,pet architect confident and later armament minister for Hitler.in one of the later episodes we see traudl junge, Hitler's secretary,who was with him in the bunker and it was to her that he dictated his last will and testament-she left the bunker after Hitler's suicide and escaped through the Russian lines.these and many others play a major role in the realism of the events portrayed.<br /><br />if i have any criticism of the series it is that the code-breakers of bletchly park are not included but the revelations of their part in the war only emerged after the series had been made so i cannot blame the programme makers.<br /><br />the opening titles and music are magnificent,and Lawrence Olivier's narration lends a natural gravity to the script.<br /><br />the best documentary series ever made? without doubt.unmissable",1,18939
292,"As a kid I remember being nine or ten and loving this movie. It was the all round Bollywood action/comedy movie. It is a imitation of Bad Boys obviously! The whole swapping identities but the arrival of two other twins throws everything out of the window and then the arrival of colourful villains who dance and sing! The action scenes in the film aren't revolutionary but still amazing scenes. The film is genuinely very funny and was the great comeback Amitabh Bachan needed. Govinda is a gem like always and this is probably his best work to date, he shines as the side kick nd delivers the best comedy scenes available in Indian cinema.<br /><br />The songs....The songs are both funny and catchy..............proving laughs when you least expect it...Amitabh Bachan surprisingly is very funny and will make you laugh as 'Bade Miah'....his accent...body language..... Brilliant...<br /><br />'Assi chutki naab re daal' is the best song..............Hilarious.",1,19004
293,"I am glad being able to say almost only positive things about the movie with Karas and the Tasuiev sisters, RENAISSANCE.<br /><br />And firstly, that it looks as it ought to look; a boys' adventure, RENAISSANCE is the tale of a cop's investigation in search of a missing young scientistIlona Tasuiev, the geneticist and researcher for the Avalon company.<br /><br />The tale of Karas, Ilona and Bislane is, though much less known than SIN CITY, the better movie, and the one more appreciated by the connoisseurs. To the French comics aficionados it will be even more meaningful (I have enriched my French comics collection last week, though I'm not so uptodate). The atmosphere, the music, the characters, their lines, the plot are all nice and endearing. A Parisian top cop, Karas, is displayed to find a young woman who was a rising star of medicalgenetic research, Ilona Tasuieva mildly hot blonde, whose rebel sister Bislane was erotically preferable, I guess.<br /><br />For me, an oldie aficionado of comics and TV series, RENAISSANCE, a marvelously beautiful cartoon, was like a replay of a WILD WILD WEST episodehere, a mythological past replaced with an equally mythological futuremore jaded and blasé but, in a sense, as thrilling. RENAISSANCE is not suspenseful; nor does it look especially wellpaced; but it's seducing and hypnotic. Moreover, it achieves sketching, albeit briefly, a world, a true worldand we will think about the Avalon, Nakata, Jonas Mueller, the Tasuiev sisters, and Goran, Farfella, and Karas telling of his distant childhood in Kasbah . I liked RENAISSANCE's feel, of a certain gentleness and affability and adventurousness, and also the professional, assured look; among these new cartoons, this one and Linklater's Dick adaptation (--the only and first Dick adaptation ever--) stood out for me as works of beauty and genuine excitement.<br /><br />I thought the futuristic devices were appropriate and, when not conventional, vividly eerie (like the invisibility costumes).<br /><br />As advisable, the characters have exotic names, like Bislane and Farfella, mostly gathered from the arts and entertainment's world (Goran and Ilona and Naghib ).<br /><br />None seems to have noticed that RENAISSANCE's poster features a Rourke look-alikethat guy is Marv; which doesn't make it a SIN CITY rip--off, but not a paragon of originality either, and in fact there's more resemblance to the Miller talenamely, the bleak futuristic look of a decayed society, the brio of the hero (in fact a cross of Willis' character and Rourke's persona in the previous movie )on the other hand, this cartoon breathes a more public air, a brim of straight adventurousness, and, in a word, it's like SIN CITY for kidswell, naughtier kids I mean, 'cause there's a bit of nudity on display. To what I have said one might retort that the traits mentioned are characteristic, even as clichés and common places of the futuristic more adult comics' look; true enough, and it was oldie Miller to have brought that things on screen and RENAISSANCE bears some resemblances here and there. Now it's also fair that every RING ought to have its ERAGORN, so to each sin city, its renaissance. I admit being quite partial to these bleak futuristic tales, a rather undemanding specialty.",1,19069
294,"Look, if I were interested in a Nancy Drew book, what I would do is pick up a book and read it. I'm not. Ever since I can remember I read people trashing movies because it wasn't like the book. I'm sorry - in the digital age we can no longer watch movies on flip books, however I'm sure you can still find a few short silent films in book form. When Lord of the Rings came out, people complained. When the third one won an Oscar - ""The book was better."" When I watched To Kill a Mockingbird, ""the book was better."" Now a bunch of people are upset, yet again, because Nancy Drew wasn't like the book. I'm not saying Nancy Drew is going to win any Oscars - if anything it'll be one of those Nickelodeon Blimps or Kids Choice Awards. I'm saying give film a break. It's film, not paper. As a movie, I found Nancy Drew quite enjoyable - featuring cameos from Bruce Willis and Adam Goldberg (The Hebrew Hammer) and supporting roles featuring Tate Donovan (Jimmy Cooper on the O.C.) and Rachel Leigh Cook (She's All That). This is the first time I've seen Emma Roberts in a movie and, frankly, I enjoy her work more than most of Julia and of Eric's; her character stays consistent throughout the film and reacts well with conflict. A lighthearted movie in the spirit of Harriet the Spy is nice now and again.<br /><br />I give it ten stars because I thoroughly enjoyed the movie, would love to see it again, and will probably buy it upon DVD release.",1,19134
295,"The title sequence shows the credits written on a rain-soaked sidewalk as people trod on it; music is provided by someone whistling Alfred Newman's ""Street Scene."" Then we meet Det. Sgt. Mark Dixon (Dana Andrews), who always wanted to be something his old man wasn't: a guy on the right side of the law. But he's pretty vicious for a good guy. After several complaints over his roughing people up, his boss, Insp. Nicholas Foley (Robert F. Simon), demotes him. Foley tells him he's a good man, but needs to get his head on straight and be more like Det. Lt. Thomas (Karl Malden), who has just gotten a promotion.<br /><br />Meanwhile, Tommy Scalise (Gary Merrill, in a splendidly slimy performance) has an illegal dice game going and is looking to make a sucker out of the rich Ted Morrison (Harry Von Zell), who was brought in by Ken Paine (Craig Stevens) and his beautiful wife Morgan (Gene Tierney). She figures out too late her husband is using her as a decoy, and Paine strikes her when she refuses to play along. The chivalrous Morrison intervenes but Paine knocks him out cold. That seems to be the worst of it, but later it turns out the guy is dead; and Paine looks guilty.<br /><br />But this won't be Paine's story. Soon Dixon has fallen in love with Morganbut not before losing his temper again and committing a terrible deed that he tries to cover up. Morgan's father, a tale-spinning taxi driver (Tom Tully), may take the rap for it. It's up to Dixon to try to pin the blame on Scalise.<br /><br />Otto Preminger directs a script credited to Ben Hecht and three others from the novel ""Night Cry"" by William L. Stuart. This is a solid film noir with excellent performances and all the shadowy photography and murky morality we expect from this genre. It holds up until the brightly lit ending, which looks like something the studio had filmed to appease the censors. Of course, the classic noir directed by Preminger and starring Andrews and Tierney is ""Laura."" You'll enjoy this, but you can't miss that.",1,19199
296,"******WARNING: MAY CONTAIN SPOILERS**************<br /><br />So who are these ""Mystery Men?"" Simply put, the Mystery Men are a group of sub-Heroes desperately trying to live out their adolescent fantasy lives while botching both their real identities and their super identities. The Shoveller (Bill Macy) works construction during the day, and at night, leaves his wife and kids at home while he cruises the street looking for crimes to tackle with his extraordinary and unique Shovel-fighting style. The Blue Raja (Hank Azaria) sells silverware to newlyweds by day and flings tableware at crackpot villians by night, if his mom isn't keeping him busy with the latest snooping. Mr. Furious works in a junk yard to earn his pay, then takes out his frustration on his friends at night, tossing ill-conceived one-liners at friend and foe alike and threatening to get really angry (leaving everyone to wonder, So What?). Ben Stiller breathes such life into this character, you can't help but love him.<br /><br />These three spend their nights trying to capture that 'moment of glory' they've dreamed about... becoming real Super Heroes. Obviously, it could happen. Champion City has Captain Amazing, after all... a flying, fighting super-cop with enough corporate logos on his costume to stop an extra bullet or two. Greg Kinnear turns in a stellar performance as a middle-aged sellout trying to recapture his fans attention in the twilight of his career.<br /><br />To bring back that 'extra magic' that might win the endorsements again, C.A. frees Casanova Frankenstein, a WAAAAAY over-the-top menace played to chilling perfection by Goeffrey Rush. This lunatic genius has created a 'psychofrakulator' to warp Champion City into a reflection of his own insanities... and ends up capturing C.A. within hours of his release from prison. This leaves only the Mystery Men to stop Frankenstein's evil plan, but with such henchmen as the Disco Boys protecting Frankenstein, the trio are going to need a little help.<br /><br />Recruiting commences, and after a painful recruitment party, the team settles in with The Bowler (Janeane Garofolo), who initially has the only real talent in the team, with her mystic bowling ball seemingly animated by the vengeful spirit of her dead father; the Invisible Boy (Kel Mitchell), who CLAIMS to turn invisible when ABSOLUTELY NO ONE is looking at him; the Spleen (Paul Reubens), granted mystically powerful flatulence by an angry gypsy; and the much underused Sphinx (Wes Studi), who is shown to be able to cut guns in half with his mind, then spends much of the rest of the movie spouting inane riddles and acting over-wise.<br /><br />This film really is a cross-genre romp. Anyone wanting to pigeon-hole films into neat little categories is fighting a losing battle. This is a spoof/parody of the superhero genre - from the pseudo-Burton sets recycled endlessly (and occasionally decorated with more spoof material) to the ridiculous costumes, the comic-book genre gets a pretty good send-up. But at the same time, it is a serious superhero flick, as well. Both at once. While not a necessarily unique idea in itself (for example, this movie is in some ways reflective of D.C. Comic's short-lived Inferior Five work), it is fairly innovative for the big screen. It offers the comic-book world that requires a suspension of disbelief to accept anyway, then throws in the inevitable wanna-bes - and we all know, if superheroes were real, so would these guys be real. If the Big Guy with the S were flying around New York City, you'd see a half-dozen news reports about idiots in underwear getting their butts kicked on a regular basis. Sure, the Shoveller fights pretty well, and the Blue Raja hurls forks with great accuracy - all parts of the super-hero world. But does that make them genuine super-heroes? Only in their minds.<br /><br />This movie is also a comedy, albeit a dark one. Inevitable, when trying to point out the patent ridiculous nature of super-heroics. One-liners fly as the comic geniuses on stage throw out numerous bits to play off of. Particularly marvelous is the dialogue by Janeane Garofalo with her bowling ball/father. Yet, it isn't a comedy in the sense of side-splitting laughter or eternally memorable jokes. It mixes in a dose of drama, of discovery and of romance, but never really ventures fully into any of it.<br /><br />What really makes Mystery Men a good film, in the end, is that it is very engaging. The weak/lame good guys are eventually justified and, for one shining moment, really become super-heroes; justice is served; and the movie ends with a scene that reeks of realism (as much realism as is possible in a world where bowling balls fly and glasses make the perfect disguise). If the viewer stops trying to label the film, then the film can be a great romp.<br /><br />Of course, no movie is perfect. Claire Forlani comes off as bored and directionless as Mr. Furious' love interest, in spite of having a pivotal role as his conscience. Tom Waits seems somehow confused by his own lines as the mad inventor Dr. Heller, although his opening scenes picking up retired ladies in the nursing home is worth watching alone. And the villians are never more than gun-toting lackeys (a point of which is made in the film). The cinematography is choppy and disjointed (such as happens in the average comic book, so it is excusable), the music sometimes overpowers the scenery, and the special effects are never quite integrated into the rest very well.<br /><br />Yet, overall, this film is incredible. You probably have to be a fan of comics and the superhero genre to really appreciate this movie, but it's a fun romp and a good way to kill a couple of hours and let your brain rest.<br /><br />8/10 in my opinion.",1,19264
297,"I was born in 1982. Most of my childhood memories are in the extreme late 80's and 90's. I watched the Groove Tube for the first time in 2001, when I was 19.<br /><br />And I found it hilarious.<br /><br />So for anybody who thinks that something ""dated"" can't be quite funny 30 years later....think again! It's funny even if you have no idea what the 70's were like, and the thought of bell-bottom pants make you cringe. Who can argue with a Bozo the Clown type who reads adult literature? There is plenty to laugh at. The scrotal puppet show at the end is the best.",1,19329
298,"You better see this episode from the beginning, because if you start to watch it any later, you will be confused as to what is happening to Clark's life.<br /><br />Yet, that is the twist; Clark is stuck in an alternate reality. Lana is devoted to him. Lex lost most of his legs and is in a wheelchair due to the bridge accident when he swerved to miss Clark in the pilot of the series. Martha is married to Lionel. About the only constant is his most loyal friend Chloe, who still believes in who he is. And, oh yeah, he doesn't have any superpowers. He is in a mental institution for putting himself in a fantasy world where he does have powers, and is ridiculed for believing so. Aside from Chloe, there is one mysterious figure who believes in Clark: a black man who in the alternate reality is also a resident of the institution, who believes he is from Mars.<br /><br />Clark must stay true to everything he believes is actual reality, and not get brainwashed by the institution's psychiatrist, who is in fact the fourth Phantom Zone escapee.<br /><br />This episode is utterly mind-blowing and shocking. Plus, it provides a fresh twist from the usual type of ""Smallville"" episode.",1,19394
299,"This is not Bela Lagosi's best movie, but it's got a good old style approach for some 40's horror entertainment.<br /><br />Brides are dropping dead at the altar like flies. I think I'd postpone the wedding until after the fiend is caught, but it's a horror movie, so I guess people ignore the danger for some reason. Anyway, Lagosi is a mad doctor, who needs young female blood to keep his aging, sickly wife healthy and happy. He always eludes the Keystone Cops by hiding the bodies in a hearse (who would think of looking for a corpse in a hearse?), and the brides just keep on getting zapped.<br /><br />No movie like this would be complete without a Lois Lane type female reporter who wants to catch the criminal on her own. Good at solving crime, bad at keeping her mouth shut at all the wrong times, guess who Lagosi picks for his next intended victim. I love the ""haunted house"" bit where Lois Lane gets stranded by a thunderstorm as a guest at Lagosi's sinister mansion. Hidden passageways, a vampire-like wife, an evil dwarf Igor assistant, and so on. Good stuff.<br /><br />Fairly well done pacing keeps the film moving, and the story resolves itself in a typical but satisfying manner. If you like old horror movies, this one is worth a watch.",1,19459
300,"The larger-than-life figures of Wyatt Earp and Bat Masterson, and the specters of George Armstrong Custer and Sitting Bull, loom over director Anthony Mann's hugely entertaining first western with James Stewart. Although Stewart's quest to avenge his father's murder is the primary story, Winchester '73 is really an ensemble piece, with the eponymous, one-in-a-thousand firearm passing through the hands of many colorful owners, including a wry trader (John McIntire, especially great) and outlaw Dan Duryea, who's even more despicable than usual. The film's conflation of fiction and history produces a breezy pace and an ambivalent tone brilliantly in step with Mann's pared-down, compositionally rigorous film-making. His themes of psychological unrest and past dictating present faintly underlie this tall tale of good and bad men chasing after a fabled gun, but they starkly emerge in a vignette about a husband's cowardice and failed attempt at atonement, and are defined in Stewart's conversations with sidekick Millard Mitchell. Mann's use of environment is what sets him apart from other filmmakers of westerns. Instead of gazing at vistas from afar, he incorporates them into the drama as characters that redirect, complicate, or evoke the human characters' goals. Just as mountains, caves, and rapids had to be accounted for in The Naked Spur, here a gunfight occurs amidst the loose rocks and boulders of a small mountain, a physical obstruction that fatalistically determines the roles of victor and victim between two equally skilled sharpshooters. (I would be remiss in not recognizing cinematographer William H. Daniels's contribution, particularly his superlative day-for-night, open-range photography.) Not merely an adept outdoorsman, Mann presents an equally vivid picture of Wyatt Earp-patrolled Dodge City, primarily through scaled, multiple-plane staging. The shooting contest does not depend on brisk camera shifts or twitchy cuts for effect because Mann instinctively knows where to place the camera and how to move it to display the greatest density of information in a given shot. Nor does he care to spell out the plot in dialogue, relying on the actors' eyes or a well-chosen image to convey the stakes. One scene in particular serves to explain his attitude: Mitchell's telling of Stewart's motivation to Shelley Winters, which is interrupted by the climactic gunfight that soon enough reveals all. Light without feeling insubstantial, intense without being overbearing, Winchester '73 seems more modern than its contemporaries and is a joy to behold.",1,19524
301,"My father, Dr. Gordon Warner (ret. Major, US Marine Corps), was in Guadalcanal and lost his leg to the Japanese, and also received the Navy Cross. I was pleasantly surprised to learn that my father was the technical adviser of this film and I am hoping that he had an impact on the film in making it resemble how it really was back then, as I read in various comments written by the viewers of this film that it seemed like real-life. My father is a fanatic of facts and figures, and always wanted things to be seen as they were so I would like to believe he had something to do with that.<br /><br />He currently lives in Okinawa, Japan, married to my mother for over 40 years (ironically, she's Japanese), and a few years ago was awarded one of the highest commendations from the Emperor of Japan for his contribution and activities of bringing back Kendo and Iaido to Japan since McArthur banned them after WWII.<br /><br />My father was once a marine but I know that once you are a marine, you're always a marine. And that is exactly what he is and I love and respect him very much.<br /><br />I would love to be able to watch this film if anyone will have a copy of it. And I'd love to give it to my father for his 94th birthday this year!",1,19589
302,"I thought this movie was a lot better than most movie critics are giving it credit for. Though it has its confusing parts of the plot, it doesn't greatly interfere with your understanding of the movie. That being said, If you're not open to more liberal political ideas, then this probably isn't the movie for you. I thought all the actors in the movie were outstanding. Each character has their funny moments and the audience at the Tribeca Film Festival was laughing throughout the whole thing. I thought the satire was a tad over the top in one particular area, but that's intentionally done. John Cusack is right in that although it's set in the future, it really makes you see the present.",1,19654
303,"This is the only full length feature film about the world of bridge. I found the first 10 minutes a bit slow, but after that, the movie is absolutely perfect in describing professional bridge players and how they go about earning a living. <br /><br />Some of the scenes are very funny. I don't think that a non-bridge player would get the charm of this movie. <br /><br />Some of the dresses are really beautiful, pity the movie is in black and white - I can only imagine what they would look like in color. The way the media are portrayed is absolutely hilarious. There is no way on earth bridge will ever be like that. <br /><br />Watch it as soon as you can, and tell your friends about it.",1,19719
304,"Twisted, bizarre, enchanting, and hilarious! I couldn't stop laughing watching this film. Darren Stein presents the movies he made on the family camcorder growing up in Southern California in the 1980's. It's an interesting look at a budding filmmaker and his motivations and ability to manipulate for the camera. Manipulation is a strong word, however don't we all watch movies to be manipulated in some way or another? <br /><br />From the beginning, I was amused at the fact that the boys in the films seemed to appear shirtless whenever possible. Later, Darren comments about his budding homosexuality, and you can see it from the hints (big hints!) of flamboyance at an early age. Maybe it was just the warm Southern California weather, who knows? As a gay man who also grew up in a nurturing environment, it's great to see that his parents supported and loved him, and that his friends seemed to be entranced with his nascent talent behind the lens.<br /><br />""Put the Camera On Me"" offers a look back to the 80's untouched by commercialism. You'll remember the hair, the music, and the fashions. I'm the same age as Mr. Stein, so the trip back to memory lane was welcome. His solo lip-syncing dance number is priceless, enhanced by the Frankie Goes To Hollywood t-shirt.<br /><br />The films deal with dark themes at time. Child abuse, the Holocaust, nuclear war, sexual fantasy, and social dysfunction. No childhood is completely carefree, and the way Stein deals with these subjects is interesting to say the least, and hilarious to behold.<br /><br />Watch at your earliest convenience!",1,19784
305,"A suspenseful thriller that bears some resemblance to Deliverance as for scenery and setting. There are also some very innovatively shot scenes and good music, although the daftness and sometimes seemingly careless attitude of one of the characters is unfitting to the situation, although this is not a mayor problem. It also poses interesting questions about justness of revenge and limits of friendship.<br /><br />",1,19849
306,"There are two movie experiences I will always cherish. The first was seeing ""Star Wars"" for the first time at the age of 10 with my little brother. A close second is sneaking into Halloween at the Tripple Plex with my good friend, Trevor, in late October 1978. Halloween left me breathless, speechless, and downright scared. Everyone knows the story. Young Michael Myers decides to kill his sister on Halloween 1963. He escapes a mental hospital 15 years later to return to Haddofield to wreck havoc once again. He spots Laurie (Jamie Lee Curtis), a shy senior who enjoys babysitting, and begins stalking her. Her partying friends across the street are killed, one-by-one as Michael sets his plot to get her. Ironically, the young boy she tends on Halloween is afraid of the ""Boogeman,"" and can see him outside. During the murder spree, Dr. Sam Loomis (Donald Pleasance) works hard to find Michael before he unleashes his fury. He has no proof, no evidence, just a hunch he has to sell to Sheriff Bracket (Charles Cyphers). As the plot unfolds, you have a suspense-driven movie instead of a cheap thrill scare. Alfred Hitchcock once said, ""You can have four men at a table playing cards and they don't know there is a bomb and it goes off. That is a cheap thrill. However, put four men at a table who discover a bomb and discuss what to do about it--then it doesn't go off, then you have suspense."" Director John Carpenter takes that advice to the hilt in Halloween. The audience will see glimpses of him outside, watching, stalking his victims. We gasp. Will he kill her? When will he kill her? Then, Michael disappears. Carpenter also uses the suspense in lieu of special effects that usually highlight the gore. This movie has little blood, but still provides good scares. One of the best scenes is Michael lifting Bob off the ground. He rears the knife back as it glints off the moonlight, then he drives it. All you hear is a loud thud, then the audience sees Bob's feet drop lifelessly. Carpenter was the first to use a vantage point from the scene of the killer. This also peaks our audience. What will he do? What's going on inside his mind? Finally, Carpenter's hauntingly masterful score adds to the tension. Moreover, the tandem screen writing he did with Debra Hill gives us a story which develops characters we care about. The teens are not ""party mad,"" but merely going through the rebellious angst of teenage wasteland. Finally, there is some decent acting in this ""B,"" low-budget thriller. Nick Castle who plays ""the Shape"" (Michael) adds something to the mindless killer. It is cold, merciless, and without any pathology. Moreover, the personality does everything the same way. He kills only when trapped, or to set up a trap. He splits the victims apart. He also relies on brute strength. And that mask used (a bleached William Shatner mask) gives an impression of something that has no soul or emotion. While Pleasance is melodramatic in his deadpan monologues, he comes across as someone scared, desperate, and determined. It made me wonder if he represented modernism's fading attempt to explain evil. The crown jewel, though, is Jamie Lee Curtis' debut. She plays the Laurie character as someone scared, but also determined and strong who fights back. The end is one that left me speechless. This was the first concept of an indestructible serial killer who could not be stopped. Movies like Star Wars have the advantage that it can be enjoyed numerous times. Halloween, and other scary movies, though, do not have that advantage. So if we could erase our minds of the first time we see a movie to experience it again as fresh and new, Halloween would be the movie I would choose.",1,19914
307,"I will never forget when I saw this title in the video store way back when. I was always a big Weird Al fan and when I saw this video I rented and watched it. I was too young to appreciate all of Al's subtle humor and satire at the time but I remember it much later when I was old enough to understand what I was watching. If you are an ""Al"" fan, especially of his earlier work, you will thoroughly enjoy this film. It is done in the MTV-esque ""Rockumentary"" style and tells a true (but sometimes exaggerated) tale of how Al got to be where he was in 1985. You will love it if you like his brand of humor and, more importantly, his music.",1,19979
308,"A blockbuster at the time of it's original release (it was the second-highest grossing film of 1976), the third screen version of A STAR IS BORN has always divided critics and fans alike. The film open to scathingly negative reviews, however, $5.6 million-budgeted picture went on to gross over $150 million at the box office and won an Academy Award and five Golden Globes. It's not without some irony that Streisand's most commercially successful film would also remain her most controversial. For every ten fans who state that STAR is Streisand's best film, there are always ten more who claim it is the weakest film in her filmography. Although both sides have some merit to support their claims, it should still be noted that the seventies take on A STAR IS BORN remains one of the most touching and highly entertaining showbiz dramas that Hollywood ever produced. For my money, it's the best version of the often-told tale.<br /><br />The film is solidly enjoyable and throughly absorbing. Changing the setting from the old Hollywood studio system to the competitive world of the music industry was actually a great idea, and the screenplay forges a realistic contrast between the characters' romance and their careers. This is the main area that the 1976 version of A STAR IS BORN actually surpasses it's classic predecessors. For example, the film is especially successful when depicting the clashing personal and professional difficulties during recording sessions and the never-ending phone calls that interrupt Kristofferson's songwriting attempts. This version of the story is also more believable in it's portrayal of the lead characters. For example, the female leads in the two previous versions were so virtuous and self-sacrificing that they came off as saints. On the other hand, Esther, the female lead in this version, is not only portrayed as being strong and passionate, but also flawed and conflicted. This makes her feel more ""real"" than the Janet Gaynor or Judy Garland characters felt in the previous films, and makes the story that much more effective.<br /><br />The performances are all on target, even if some of the supporting characters aren't fleshed out enough. If you're looking for an actress/singer who can walk the fine line between tough and vulnerable without making herself seem like a script contrivance, Streisand is definitely the girl you want. She's one of the few film stars who can make even the most banal dialogue seem fresh and natural, and, as usual, she manages to make a strong emotional connection with the viewer. Simply put, her Esther is a fully-realized, three-dimensional human being. Kris Kristofferson may not get much respect now for his laid-back characterization, however, he's always interesting watch and displays a magnetic charisma here that he seldom displayed elsewhere in his career. Kristofferson actually received rave reviews at the time from NEWSWEEK, TIME, and even the NEW YORKER's usually vicious Pauline Kael. Gary Busey and Paul Mazursky also give believable performances, but both have a fairly minimal amount of screen time.<br /><br />The film's soundtrack recording was also a massive success, hitting the #1 on Billboard's Hot 200 and selling over four million copies in the US alone. The Streisand-composed ""Evergreen"" (with lyrics from Paul Williams) is unarguably one of the most gorgeous songs in contemporary pop, brought to even-further life by an absolutely incomparable vocal performance from Streisand. The rest of the film's original songs (mostly composed by Williams and Rupert Holmes) are pretty good as well, and Streisand sounds fantastic - her live solo numbers remain in the memory long after the rest of the movie has faded. Streisand's vibrant performances bring ""Woman In The Moon"" and ""With One More Look At You"" to thrilling life, and make even sillier numbers like ""Queen Bee"" work far better than they have the right to. Kristofferson's solo numbers sound somewhat tuneless, however, that may have been intentional since he is playing a singer in decline.<br /><br />Though naturally dated in some respects (it definitely does reflect the decade in which it was made), the seventies take on A STAR IS BORN still holds up remarkably well. The film is well-mounted and slickly produced, the chemistry between the leads is extremely powerful and always feels genuine, and Streisand has two emotional scenes near the finale that are both aching effective. In conclusion, A STAR IS BORN is not only entertaining and moving, but it also transcends all criticism.",1,20044
309,"While originally reluctant to jump on the bandwagon of watching ""Lost"", I accidentally caught one episode at the beginning of season 1the one with the polar-bearand it has had my undivided attention ever since. The show, that is. Not the polar bear. So bear (heh) with me while I throw out as much rambling, semi-coherent praise as I can muster.<br /><br />""Lost"" takes a simple idea of a passenger flight full of people crashing onto a desert island, and gradually adds extraordinary depth to its premise by exploring each character deeply and unflinchinglywhat drives them, who are they? Where did they come from? It soon becomes clear that the island upon which they are stranded acts as a common denominator for many things in their lives, whether they're running away from something (Sawyer and Kate among others) or getting in touch with spirituality (Locke, Claire). But ""Lost"" also zooms in on the island itself and the mysterious horrors that it houses... and they all seem to be strangely connected.<br /><br />While television actors are not exactly known for their subtlety or dazzling acting abilities, most of the cast of ""Lost"" are, in truth, spectacular actors for their respective parts, projecting heart and humour in their performances. There's also a multitude of eyecandy, but not generally of the plastic Hollywood kind as most TV shows. The characters all feel very real and they are extremely compelling to watch. Their interactions rarely fall prey to predictable sappiness, petty arguments or cheesy melodrama (although they are annoyingly secretive)  these people are first and foremost trying to survive and whatever relationship appears is treated secondary to action. The realism of these characters facilitate an already well-sculptured plot. <br /><br />About this plot... Imagine a tree as the template plot, then the branches as subplots (in this case, one branch for every character)  well, Lost adds twigs to each branch and then tiny twigs to those twigs as other story lines. If you're a brother/sister to one of the main characters in the flashbacks, you will get your own storyline. If you're a DOG you will have your own storyline. Unless the writers manage to weave them all together into some glorious culmination in the end, they are setting themselves up. I am more than a little worried there will be some disappointing cop-out to this show, as I'm sure most people are.<br /><br />But assuming the writers do pull this off, ""Lost"" is possibly the best show ever to hit television.<br /><br />9/10",1,20109
310,This episode from the first season slightly edges towards controversy with the whole gender bending angle.I imagine there would have been a significant amount of editing before this was finished to appease censors.<br /><br />The story itself is original and well written and the directing is complemented by the fine acting.(Nicholas Lea makes his X-Files debut though not as Agent Krycek but as a victim called Michael) I especially enjoyed the built up to and the ending itself.<br /><br />Its different but enjoyable.Ignore any bad reviews you may hear.Watch it for yourself and make judgement then,1,20174
311,"This movie blows you off your feet. This debut movie from Tom Barman (known from the Belgian rock band dEUS) introduces you to 8 intriguing people, building blocks of a compelling movie mosaic. They each survive one day and one night in the metropole of Antwerp. Barman paints his characters with great deal of verve and competently interweaves their individual stories, a tour the force that reminds of the best work of Robert Altman and Paul Thomas Anderson. The patchwork of anecdotes surprises, moves, amuses; the dialogues are so natural, they seem to be improvised. Some great performances by Matthias Schoenaerts, Natali Broods and the extremely funny duo from Ghent, Jonas Boel and Titus De Voogdt. Sam Louwyck is the memorable ""Windman"", a bizarre guy dancing throughout the movie. Sam is also responsible for the stunning choreography, and of course Tom Barman himself took care of the ultra cool Sound Track. We were seriously impressed: Any Way The Wind Blows is a movie that blows you off your feet.",1,20239
312,"Reading all of the comments Are very exciting. but can someone please tell me the name of the real artist that painted the pictures for the good times broadcast. I realize that everyone refers to j.j. as the artist in the family but, there was a real family that has the real artist, and he hasn't gotten any credit in this sight yet. So if you don't mind if someone can tell the name of the real artist I would also like to tell him ""job well done"". I know this Sight is for the GOOD TIMES cast but, wouldn't you agree that he has also touched the hearts of us all. I would like to know if he still paints or, if he is still alive. I would like to have some of his work displayed in my home.",1,20304
313,"Page 3 is one of those films Madhur Bhandarkar makes to expose societal filth. The film is compelling, but, like most of Bhandarkar's films, it is one-sided and overly pessimistic. This film is all about tabloid journalism, gossip, celebrities. The film exposes the lives of socialites, whose lifestyle is disastrously boastful, peculiar and repulsive. They party, they care for nothing but fame, they plan parties at funerals, they are craving for more money and a higher reputation, they will do anything to get due exposure in the media, to get their names boldly printed on the daily newspaper's social column known as ""Page 3"" with huge photographs which will be the center of people's discussions. They are attention seeking, salacious and hypocrite. The film industry is shown as sleazy, with casting couch being a common phenomenon among filmmakers. That's where our lovely heroine, a young social column reporter Madhvi Sharma, is thrown. All these people from Mumbai's elite depend on her articles and she is the right person to befriend at these parties if you want her to mention you in her article. Later in the film we learn that even those who are Madhvi's friends are no different from these high-society people. This was tough viewing for me, although the film is unquestionably brave and the issues it deals with are interesting.<br /><br />The film's music is average. The only passable songs are ""Kitne Ajeeb"" and ""Huzoor-E-Ala"", sung by the two melody queens Lata Mangeshkar and Asha Bhosle, respectively. Otherwise the soundtrack is bad. One song which was particularly horrendous is ""Filmy Very Filmy"". The film's writing is quite good. The second half is far better than the first, as it turns more matter-of-fact and exposes much more important issues such as terrorism and child abuse. That's where the film has to be applauded. It was sad to know that people prefer to ignore such crimes out of fear and Konkona Sen Sharma's character's disappointment was very easy to relate to. She was excellent throughout the film and her acting in the last few scenes was particularly impressive. Atul Kulkarni's part was very small but he did full justice to it. Boman Irani is solid as the newspaper's editor. Sandhya Mridul is lovable as Madhvi's sassy roommate Pearl who marries an older man for money and is honest enough to admit it. The film's ending is really well-done, and provides a certain sigh of relief after the unimaginably tough proceedings. Page 3 is a good film, it is interesting and at times moving, but the level of its interest and its general quality are marred by its exaggerated, overly messy and negative portrayal of the rich and famous.",1,20369
314,"What is ""Cry Freedom"" like? It is simply great and unique experience about making of South Africa and how black people in that country were repressed by white people. Main character of the story is Donald Woods (Kevin Kline), chief editor of the newspaper Daily Dispatch in South Africa. Woods writes several articles, where he speaks critically about views of Steve Biko (Denzel Washington). Soon Woods meets Biko and he changes his views about him and he also begins to understand what authorities are doing to black people in South Africa (right from the top, even from the chief of police). When Biko dies in police custody, Woods decides that he have to write book about him and that no matter what he has to publish it. But Woods must escape from his country to get that book published and he must also put his family on second place, so world can find out the truth.<br /><br />Attenborough managed to make a good movie about people, with main message that black and white are the same, cause we are all people. Story leads us to South Africa and this (movie) is great way for the whole world to learn what happened in that land and I'm disappointed that only 3200 people rated this movie. This is movie from which we all can learn something. Although it is a bit long, this story couldn't be presented in any shorter way because director wanted to show us how hard was for Woods to get that book published after death of Biko. <br /><br />Also relationship between Woods and Biko was shown great, just like families of those two people and all the problems they are going through. But sometimes sacrifices must be made (Biko's death) so the truth could be reveled (Woods book).",1,20434
315,"Certainly one of the finest movies I have seen for quite some time. Exquisite direction and flawless acting make this a very entertaining and often moving film. Denzel Washington plays one of his most engaging and emotional roles to date, and the rest of the cast perform beautifully. Christopher Walken is of course superb in his part although he did not appear as often as I would have liked. A story of ultimate greed that backfires is offset against a childs innocence and love. This is also a film for action movie lovers as it has its fair share of bullets, rockets and revenge. The location of Mexico City adds a feel of seediness and corruption which in itself is an eye opener. All in all, a truly gripping film from beginning to end. Highly recommended!",1,20499
316,"most of the bad reviews on this website blame ""Hood of the Living Dead"" for one (or more) of the following reasons: 1) it is a low-budget movie with virtually no acting; 2) it was so bad it made me laugh 3) it is something I could do myself. I won't even discuss the first point because it is a very subjective matter whether you like low-budget and independent stuff or not. I must say, however, that I still fail to understand people renting such a movie as ""Hood of the Living Dead"" and then looking surprised when they realize it is not as polished and cute as a romantic comedy with Lindsay Lohan or Matthew Mc Conaughey. As for the second point, I really don't see what's so wrong with laughing. I personally like to laugh, and love movies that make me to, be they comedies or horror flicks. When in ""Hammerhead"" I saw this girl stepping into a PUDDLE and the shark-man came out of it to eat her, I just cracked up. And I was grateful that the director made such a stupid scene and gave me ten seconds of pure fun. Honestly, laughing just makes me feel good, while it seems that many people writing reviews see it as a bad bad thing. If you only want to feel sad and scared while watching a movie, ""Hood of the Living Dead"" and low-budget flicks are definitely not for you. But please don't come and tell us that you find them laughable. We already know it. This is most probably why we decided to watch the movie in first place. However, it is the third point that leaves totally baffled. Just several years ago people were lining up out of theaters to see ""Blair Witch Project"", which is a way more rudimentary, boring, plot-less and bad-acted movie than ""Hood of the Living Dead"" (and takes itself way too seriously too). Moreover, half a million people go on YouTube every day to see the short films of ""Lonelygirl15"", which is certainly something everyone with a cute girlfriend, a room and a webcam could do! Not to talk about all of the even more amateurish videos you can find there. Why don't people blame those clips for bad acting and non-existing plot? I think it is one of the best things of our times that everyone, with affordable technology and a bunch of friends, can make their own movies and share them with people that have similar interests. And I feel a certain admiration for people who spend their weekends with their friends making a honestly bad (yet refreshing) piece of trash like this rather than shopping at the mall or playing video games alone. Leave aside your biases and your desire to sound like a smart film critic by attacking b-movies, and you'll see that ""Hood of the Living Dead"" can bring you almost as much fun as it did to its makers! If you have a taste for refreshing and enjoyable home-made horror movies, I recommend ""Zombiez"", ""The Ghosts of Edendale"", ""The Killer Eye"", ""Monster Man"", ""Don't Look in the Basement"", ""The Worst Horror Movie Ever Made"", ""Redneck Zombies"", ""Jesus Christ Vampyre-Slayer"" and ""Habit"".",1,20564
317,"While a bit preachy on the topic of progress as the saving grace of mankind, this is still a stunning film that presages the science-fiction special effects blockbusters that would take another 40 years to arrive on the silver screen. It predicts the global chaos of WWII, but expands on the premise by having the conflict last 30 years, and then tells the epic tale of man's struggle out from under the rubble and into the wilds of space. The acting seems wooden and strangely sterile, but this is perhaps a result of its contrast with the visuals which must have been utterly breathtaking at the time of the movie's release, and which still impress today. This is a film not to be missed by anyone at all interested in the SF genre.",1,20629
318,"An excellent movie. Superb acting by Mary Alice, Phillip M. Thomas, and a young Irene Cara. Tony King was very realistic in his role of Satin. This movie was one of the last predominately ""all black"" movies of the 70's and unlike the ""blaxploitation"" movies of that era, this movie actually had a plot, and was very well done. The movie soundtrack, sung by Aretha Franklin, was popular on the R&B charts at the time.",1,20694
319,"This is the first must see film I've seen in the last year! It's wickedly funny, incredibly original, unbelievably great looking (they went for this super cool wide-screen Technicolor look that's awesome to behold,) and it actually has depth in character and in what it says about society. It's really smart satire that nails everything from Homeland Security to race issues, while at the same time leaving you laughing and realizing how much are world lives in fear. Carrie Anne Moss turns in a comedic performance I never imagined would come from her! She's sweet, funny and sexy! Billy Connolly is great as Fido who can only grunt and moan! And Dylan Baker as the Dad is priceless. In fact the whole cast is perfect. Henry Czerny as the bad guy, Tim Blake Nelson as the neighbor with the hot sexy zombie girlfriend (getting the idea now?) Funny, though-provoking and just all round amazing! Go and see this movie! It's like nothing you've ever seen before.",1,20759
320,"Following a roughly 7 year rocky road on NBC, it was decided to do just one last Super Installment. The Series had been on the bubble several times thanks to not having the numbers that would qualify it as a block-buster of a TV hour. It had always had a sizable, hard core of hard corps of followers. <br /><br />It was almost as if the series with the full title of ""HOMICIDE: LIFE ON THE STREET"" (1993-99) was a sort of ""Mr. In-Between"" of series. It was too big to just cancel, but too small to get a case of 'Rabid Ratings Ravings' over. <br /><br />During the precarious tenure on Friday evenings, they had presented some of the best and most daringly Artistic of Hourly Dramas. There, I've said it Artistic, Artistic!! But please, remember we mean Artistic, but not just Phony, Pretentious, Pedantic, Politically Correct preaching.<br /><br />When at last, it was a sure thing that it was the end of the line for ""HOMICIDE""; this super episode was prepared as this 2 hour made for TV Movie. <br /><br />Looking at all the past seasons' happenings and parade of regular characters, the Production team went out and gave us what proved to be a super send off.<br /><br />OUR STORY. As we join the story, we find that Baltimore Homicide Unit Commanding Officer, Lt. Al Giardello has ""pulled the pin"", Retired from the job, that is. But 'G' isn't ready to really retire-retire yet. So, instead of a rocking chair o a fishing rod, we find that Al is running for Mayor of 'Charm City.'<br /><br />While out in the City, making some campaign stops and speeches, the former Detective Lieutenant takes an assassin's bullet. Alive, but in a comatose state, he is taken to the Hospital. <br /><br />News spreads quickly and as if officially summoned, we find all of the Detectives of the Baltimore Unit we've seen on the show showing up to offer their services and assistance. There is a great meeting of all of these former and present gumshoes as they pitch in and follow every lead and possibility of a lead.<br /><br />The Producer found a way to deal with those who had died previously in bringing their memory into the story. They managed to answer some long standing questions and even introduced some here to unrevealed ones. The whole story winds up the series in a most satisfying and original way. But at least for now, we'll leave that as ""classified"".<br /><br />In wrapping up everything into a neat, little package, this TV Movie surely gets our endorsement. As for grading ""THE HOMICIDE MOVIE"", we must give it an A or A+, even. But, no matter the Grade here, it didn't score as high as a typical weekly episode.",1,20824
321,"I remember this movie from when i was 12, it was amazing.. i remember it to the day not like most thing i watched back then, i have even tried to buy it but its like rocking horse sh*t! Anyway, the acting is a bit chewy but the story is amazing considering it was a real B movie with a low budget and event the fighting scenes were amazing to watch, i must have watched it about 20 times. It was a very well made movie and i loved the idea of fighting giant man controlled robots, pity they had to spoil it by making a crappy spin off ""Crash and Burn"", don't watch that movie by the way it is total pants! If your a real Sci-Fi movie fan then watch this, if it was re-made today it would be a winner.. i really would love to see a remake or even release the DVD of it.",1,20889
322,"I noticed at once that this movie really wasn't based on Dodie Smith's novel. In any case, it was a nice idea that Pongo and Perdita's son now had his own puppies. The cutest of the Dalmatians was, of course, little Snowball who was completely spotless till the very end of the film. <br /><br />To be honest, I didn't know what to think when Cruella de Vil seemed to have changed completely kind. In fact I have often thought about the possibility that she could become friendly, but now that she so quickly changed into ""herself"" again and announced that she was Cruella once more, I almost began to be really worried about Chloe's Dalmatians.<br /><br />Actually, the scene in which the puppies watched Lady and the Tramp while Chloe and Kevin had their dinner, was much better than I had expected. I also was fond of the parrot who played to be a dog, and it was incredible that the dogs had learned so many tricks for this movie. <br /><br />Of course I was content that at the end the Dalmatians were saved again, but I would have liked to know what was going to happen to Cruella after she had lost her whole property. And what on earth could the dogs' home do with such a huge sum of money?<br /><br />Finally, it was quite touching that Snowball also had spots at the very end of the film.",1,20954
323,"Many neglect that this isn't just a classic due to the fact that it's the first 3D game, or even the first shoot-'em-up. It's also one of the first stealth games, one of the only(and definitely the first) truly claustrophobic games, and just a pretty well-rounded gaming experience in general. With graphics that are terribly dated today, the game thrusts you into the role of B.J.(don't even *think* I'm going to attempt spelling his last name!), an American P.O.W. caught in an underground bunker. You fight and search your way through tunnels in order to achieve different objectives for the six episodes(but, let's face it, most of them are just an excuse to hand you a weapon, surround you with Nazis and send you out to waste one of the Nazi leaders). The graphics are, as I mentioned before, quite dated and very simple. The least detailed of basically any 3D game released by a professional team of creators. If you can get over that, however(and some would suggest that this simplicity only adds to the effect the game has on you), then you've got one heck of a good shooter/sneaking game. The game play consists of searching for keys, health and ammo, blasting enemies(aforementioned Nazis, and a ""boss enemy"" per chapter) of varying difficulty(which, of course, grows as you move further in the game), unlocking doors and looking for secret rooms. There is a bonus count after each level is beaten... it goes by how fast you were(basically, if you beat the 'par time', which is the time it took a tester to go through the same level; this can be quite fun to try and beat, and with how difficult the levels are to find your way in, they are even challenging after many play-throughs), how much Nazi gold(treasure) you collected and how many bad guys you killed. Basically, if you got 100% of any of aforementioned, you get a bonus, helping you reach the coveted high score placings. The game (mostly, but not always) allows for two contrastingly different methods of playing... stealthily or gunning down anything and everything you see. You can either run or walk, and amongst your weapons is also a knife... running is heard instantly the moment you enter the same room as the guard, as is gunshots. Many guards are found standing with their backs turned to you, meaning that you can walk up behind them and stab them... nearly silently. In your inventory, you can get no less than four weapons and two keys... more about the weapons later. The keys unlock certain doors. Most doors in the game aren't locked... only two kinds need keys, and these keys are only introduced in later levels(you restart in levels, resetting weaponry, health, score and lives in each chapter). Much of the later game is spent looking for them. Now, as I just alluded to, this game, like many of the period(late 80's, early 90's), is based on collecting extra lives... personally, I think it's completely and utterly useless(it was mercifully dropped from here on end... I think(?), from the next 3D shooter and onwards), since you can save anytime you want and 'using a life' resets weaponry, health and ammo, like starting on a new chapter(which is a real pain in later levels, where you *need* heavier artillery). Now, I shall beat around the bush no longer... moving on to the guns! You start with aforementioned knife(which is silent but only effective up close) and a pistol... nothing special, but good for conserving ammo, unlike the next two bad boys. Your third weapon is a German SMG... a sub-machine-gun. It's faster and automatic, and some later enemies use it. And the last one... is nothing short of a Gatling gun! Oh yeah! Think T2. Think Predator. Think about unloading massive amounts of lead into Nazi fiends with such a gun. It's every bit as entertaining as it sounds. Most of the boss enemies use this, though, so be prepared. I won't reveal the identities of these boss enemies, however... that's for each player to discover for him(or her)self. The sound is excellent... very crisp and realistic. As you hear the tear of a machine-gun firing, the deafening metallic clank of a door slamming shut behind you or a Nazi yelling surprised or a warning in German, you truly feel like you are there, trapped in these dark and depressing bunker systems. That segues me nicely into the level design... as you run through seemingly countless, nearly identical hallways towards the next elevator leading you further, you are grasped by the claustrophobic mood. I almost got motion sickness more than once(though that might also have something to do with little sleep, lots of humidity and unusual warmth...) from playing. Though the level of detail isn't terribly high, what there is is great. Remains of victims, guards' quarters and countless Nazi symbols... the list goes on. The game also features quite a bit of gore... for it's limited graphics engine, John Romero and crew certainly put in all the blood and guts that they could for the game. What is there left to say... the first of its kind, and it's no wonder this spawned countless others 3D shooters. Sure, weapon bobbing and different height levels(stairs and such) didn't come around until the next entry into the genre... Doom... and it was Duke Nukem 3D that introduced the feature of switching your view(so it goes beyond simply left and right, adding vertical dimensions to it), and jumping didn't come around until a third, later title(the first Quake, possibly? Fellow gamers, help me out here)... but all of those games, as well as the rest of the genre, owe their existence to this one. So load up the Luger, open the door to enter the bunker and step into B.J.'s shoes... he deserves the recognition, even(or maybe even especially?) nearly fifteen years after he first appeared. I recommended this to all fans of 3D games. 8/10",1,21019
324,"One of the unsung gems of the 1980's, Scenes... features razor-sharp satire and outstanding performances from Arnetia Walker (how did she not get a ton of roles after this?)and Wallace Shawn. It's a delicious send-up of class warfare and the people in those classes. The writing is hilarious and the characters, while not subtle, are nuanced. And, sorry, but the Asian gangs (if you can call one Japanese guy extorting one of the other characters a ""gang"") were not put in for ""sociological value"" as another review implies they should been. The value here lies in what the movie is making fun of and in the sparklingly wicked way it does it. I found it creative, funny, and idiosyncratic.",1,21084
325,"""Like the first touch of pleasure and guilt, like a spontaneous youthful flirt of fascination and fear, like a climax of contrary emotions"" said one of the movie buffs after viewing LOVE AT THE TOP, the misinterpreted title version of stylish director Michel Deville's LE MOUTON ENRAGE. <br /><br />Vincent Canby in New York Times, however, just after the 1974 premiere of the movie stated: ""LOVE AT THE TOP which opened yesterday at the 68th Street Playhouse, is a 1973 French comedy that dimly recalls a number of nineteen-fifties English comedies about the rise and rise of cynical young men possessingand possessed byambition."" Yet, the significant difference that he mentioned was the fact that LOVE AT THE TOP is not concerned with the English class system...(January 27, 1975)<br /><br />Having left the evaluations up to single individuals, of course, the test of time has done its just job. What may be said with certainty after more than 30 years is that we can hardly find such movies like LE MOUTON ENRAGE where decadence appears innocent, where liaisons appear youthfully enthusiastic, where feelings occur so manipulative. <br /><br />For Romy Schneider's fans, it seems useless to point out that this film is a must see, not only because she gives a unique performance (as she did in all of her roles) at the heyday of her career (9 years before her sudden death) but because she is particularly attractive here. It is not TRIO INFERNAL where the, so to say, 'forced escape' from and the mockery of Romy's sweet image haunted for years by saccharine Sissi meets its most discouraging manifestation, but a film where the brilliant actress is given a fair role. She plays Roberte, a woman who becomes the object of lust for the story's lead, playboy Nicolas Mallet (Jean Louis Trintignant). It is him who takes financial profits from lustful liaisons. This movie can boast truly memorable and unique shots of Romy and she is given some of her very best scenes. Romy's sex appeal is unforgettable here.<br /><br />Another strong point of the film is its execution of the content with a development of individual perception. Immoral as it may seem, the director makes a perfect use of contrast: conventions vs pleasures, innocence vs decadence, genuine lust vs instrumental affair. Nicola owns most of the features that viewers may like or detest, may find attractive or disgusting; yet, his are the features the viewers must treat seriously, more to say, they are the ones we all must accept. That is why, one is led to a peculiar, gently wild, erotically unique world of the main character. Although he sleeps with lots of women, there are two women that represent a sort of contrary worlds for Nicola: Roberte Groult (Romy Schneider) and Marie-Paul (Jane Birkin). He manipulates them, makes love to them, cannot refrain from both desire for their bodies and desire for money; yet, he perceives them differently. Yet, despite all of this 'adult maturity,' he is emotionally like a little boy who plays with a toy-car on the table - a sort of 'detailed insight into male mind...' in a comedy-like way, of course.<br /><br />Finally, there are very good performances, which makes LE MOUTON ENRAGE slightly underrated. Not only the aforementioned Romy Schneider does a brilliant job supplying the viewers with an extraordinary insight into her role, but young Jane Birkin appears to be convincing in the role of young, inexperienced streetwalker Marie Paul, Jean Louis Trintignant makes it possible to see Nicola in the right way. This artistic merit lying in performances goes with terrific music by Camille Saint-Saëns, the tune that will ring in your ears for long. Therefore, apart from some flaws of the movie like dated colors, slow action (sometimes), possible clichés (noticed by some viewers), the merits should be found significant. <br /><br />LE MOUTON ENRAGE, in sum, is a clear manifestation of contrary manipulative tools in life. It is worth seeing as a moment in Romy's career, a prelude to strong eroticism, a chain of contrary emotions, of love and hatred, appreciation and disgust compared to the first orgasm and the first angasm... But aren't we, humans, 'viewers,' movie buffs built upon such contrasts?",1,21149
326,"Splendid film that in just eight minutes displays an unusual genre mix: mystery, thriller, musical. Briefly, we are allowed to tell about the story: a girl comes into a European Cafeteria and then... Soft transit from nonsense mystery to narrative logic. In a no time, no place way Vigalondo managed a delight in B/W by means of imagination and despite (thanks to) the tightest of budgets.<br /><br />Because of the unity of time-space the film reaches the intensity of a short poem (almost a haiku). Spain, land of quick poetry in B/W (¿remember the early Buñuel?).<br /><br />A must see for reassuring our belief in young cinema outside the States.",1,21214
327,"I like films that don't provide the typical ""happy ending,"" and that's my main reason for my liking of this movie. Alice Marano (Danes) and her best friend Darlene (Beckinsale) are arrested in Thailand for narcotics smuggling after a tip anonymously phoned in to the Thai authorities. The film does a solid job of keeping viewers guessing as to whether (or which) of the girls was involved, and Bill Pullman is perfect as their sleazy lawyer. Jacqueline Kim turns in a terrific performance as his more kind, magnanimous wife, Yon, who is also an attorney. I wish the girls had been abused more in the prison, as another commenter has suggested, as I've heard that Thai prisons can be quite brutal. Where this film grabs me, however, is its ending. Alice subjects herself to a sentence of 96 years in total so that Darlene can be pardoned, and we (the viewers) realize that they are both innocent. Any film that defies my expectation of the ending wins extra points with me, and this well-acted drama is certainly deserving.",1,21279
328,"This is the kind of film that, if it were made today, it would probably star Sandra Bullock and Hugh Grant; actually, now that I think about it, this one is quite liable to be remade one day. It's pleasant, but with no depth whatsoever. It suffers from the almost fatal miscasting of James Stewart in a role he is about 20 years too old for, and as a result there is no chemistry between him and the beautiful Kim Novak. Ernie Kovacs, in the small supporting role of an aspiring writer, is the only actor in the film whose performance approaches what you might call ""wit"". (**1/2)",1,21344
329,"The film's design seems to be the alpha and omega of some of the major issues in this country (U.S.). We see relationships all over at the university setting for the film. Befittingly, the obvious of student v.s. teacher is present. But what the film adds to its value is its other relationships: male v.s. female, white v.s. black, and the individual v.s. society. But most important of all and in direct relation to all of the other relationships is the individual v.s. himself. <br /><br />I was amazed at how bilateral a point of view the director gave to showing the race relations on campus. Most films typically show the injustices of one side while showing the suffering of the other. This film showed the injustices and suffering of both sides. It did not attempt to show how either was right, although I would say the skin heads were shown a much crueler and vindictive (quite obvious towards the end). The film also discusses sex and rape. It is ironically this injustice that in some ways brings the two races together, for a time. Lawrence Fishburne does an over-the-top performance as the sagacious Profesor Phipps. He crumbles the idea of race favortism and instead shows the parallelism of the lazy and down-trodden with the industrious and positive. Other stars that make this film are Omar Epps, Ice Cube, and Jennifer Connelly. Michael Rapaport gives an excellent portrayal of a confused youth with misplaced anger who is looking for acceptance. Tyra Banks make her film debut and proves supermodels can act.<br /><br />Higher Learning gets its name in showing college as more than going to class and getting a piece of paper. In fact, I would say the film is almost a satire in showing students interactions with each other, rather than some dry book, as the real education at a university. It is a life-learning process, not a textual one. I think you'll find ""Higher Learning"" is apropos to the important issues at many universities and even life in general. 8/10",1,21409
330,"The show is really funny. Nice theme. Jokes and one liners are really good. With little extra tuning it can become a very popular show. But the only major negative point of this show is the cast. David Spade does a great job as Russell, Megyn Price does a good job. But who the hell did cast Patrick Warburton, Oliver Hudson and Bianca Kajlich.<br /><br />Technically Russell and Jeff are the main characters of the show, which make viewers wanna watch the show. Russell is a playboy and Jeff is a kind of frustrated family man, The relationship wiz... with an experience of all the problems a married couple face in a relationship.<br /><br />Patrick Warburton - does a horrible job as Jeff, he is not at all suited for the role. He is like a robot, literally there is no punch in his dialog delivery. <br /><br />Cast is really very important for viewers to like it. The bad acting certainly will take the show downhill...",1,21474
331,"This movie truly captures the feeling of freedom.......and what the freedom of your own integrity is worth....in the most delightful, light-hearted way. Not a serious, but hilarious adventure.<br /><br />The story mirrors life. We don't always get what we want right away but we find out we get what we need to to understand why we didn't get what we wanted....which results in us getting more than we thought we would get! You will get this once you see the movie. <br /><br />And this movie is truly about finding love and knowing one has found it and that it totally changed one's life.<br /><br />It is one of my all time favorites......not easy to find but worth the hunt.........I guarantee you will watch it more than once!",1,21539
332,"I've read countless of posts about this game being so similar to Max Payne, when i played it the first time i thought it was a bit weird arcade-like game with a desire to rip-off the Max Payne style (not just bullet-time). So when i played it for a couple of hours i realized how much fun it is! and how different from ""Max Payne"", yeah the bullet time is a bit similar but i think it fits differently to the game-style. This game is non-stop action - a mix between a shoot'em up and a fight'em up, so much fun, as a big fan of Max Payne i must say that the storyline of DTR is not near to the greatness of Max Payne, the graphics are a bit average and some of the levels look the same, but if you want a bit more of that ""bullet-time"" you should definitely own this game.",1,21604
333,"I don't care how many bad reviews purple rain gets, this movie rocks! Excellent movie, has it all, great music(Prince of coarse!), romance, and drama.<br /><br />This is really a very sad movie, very moving. I don't want to say TO much more, I;m not into giving away the plot, but I will say this-the film is VERY realistic, there are so many romantic relationships that go through these problems, so many familys similiar to the one depicted in the film. I see this as being very realistic and being so real, makes the movie that much more moving. My generation loved this movie growing up, so many of us loved Prince and there is alot to relate to for any teenager who has gone through similiar problems.<br /><br />That said, it's definetly NOT just a movie for teens, Id recomend it to all age groups. And it's not all so dark, the movie has some great music, band performance scenes, and sexy fun scenes between Prince and Appelonia.",1,21669
334,"I have to be honest and say I bought this movie, not because of the content, but because David Cubitt is in it; I know ... shallow, or what? - but, come on, Mr Cubitt is a fantastic actor to put it mildly.<br /><br />I really didn't know what to expect from watching this movie, I'd read the other write up, and those on other sites but I have to say I was drawn into the world of the brothers almost from the get go. David Cubitt as Theo, and Colm Feore as Ryan are so believable as the two estranged brothers, the film moves through their relationship as they start to try getting to know each other again after their fathers death. The scene where Theo finds out Ryan is gay was played brilliantly, he literally walks in on a scene and tries to leave without Ryan noticing - which of course he has.<br /><br />The film has been very well researched and is therefore incredibly sad, moving, uplifting and a celebration of life in parts. I came away from this feeling sad at what Ryan went through but also with the knowledge that he was given hope and unconditional love by the ex drug addict brother Theo. I agree with the other reviewer who finds the scene where Theo says he will be a father moving, and I'd go a little further to say I actually vocalised my thoughts at Ryan when he cruelly says to Theo 'What makes you think you can be a father' and Theo says simply 'You.' Theo walks away then, but that small exchange of dialogue speaks volumes to the almost self pitying aspect of Ryan who is brought up sharply by the simple retort.<br /><br />A brilliantly conceived movie on all counts, the acting, directing, writing etc are all so well done. I can't really find anything else to say about this movie, except to say that it is very hard dealing with the death of a loved one but this is done superbly, to the infinite degree. The respect for the subject matter and the outpouring of love (without being contrite and mawkish) speaks volumes in this rather selfish world we live in today. Well done to all concerned.<br /><br />Not many movies bring me to tears and give me pause to think about life in general, and also to be glad for all the things I have and not be sad for the things I don't, but this movie did, it was unbelievably uplifting considering the subject matter.",1,21734
335,"Which do you think the average person would know more/less about: Iranian cinema or Iranian football? Interestingly, the two come to the forefront of controversial Iranian filmmaker Jafar Panahi's latest film entitled 'Offside', a tale that uses football or access to football as a backdrop for a series of scenes revolving around one's right to do something or go somewhere and an individual's right to extend that courtesy if and when they'd like to. The odd thing is, you don't come away from Offside having learnt about Iranian football or too much about Iranian cinema (unless it's an education in Panahi's controversial style), but you do come away feeling enlightened, that at least someone from Iran has taken a controversial issue that is clearly still very much in force in a nation like Iran, and is willing to present it to an international audience rather than exploit it.<br /><br />I can remember the 2006 World Cup, I'm sure many people can. It was the summer after my initial year out at university and after the slog that was my first year, a summer of World Cup football acted as a nicely timed tonic. Needless to say, I saw practically every game bar the ones they show simultaneously with the other ones at the very end of the group stages so that to avoid incidences as seen in Spain '82 when it was thought West Germany and Austria transpired to get a result between them that would see them both through at the expense of Algeria.<br /><br />Anyone in Britain that was watching the BBC's broadcast of the Iran  Mexico game, both nations' first of the tournament, may remember that at the top of the show, the BBC's football anchorman Gary Lineker let off a snide comment to introduce the match. It went something like: 'We've seen giants Germany, England, Argentina and Holland play but now we get to see.........Mexico and Iran battle it out'. The emphasis on the latter two being inferior was clear and that maybe watching them was a chore. It's a shame because there are people, and films like Offside present them, who are really willing to see Iran play to the point where they risk their well-being to achieve it and it's sad when people in a position of power dismiss what they deem 'inferior' when there are others who'd do anything to have the chance to otherwise engage.<br /><br />When immediately thinking of the words 'Iran', 'football' and 'World Cup', my mind flies back to the France '98 game between said nation and America. Here is a film about a World Cup game of sorts involving Iran but where some or indeed most Iranian filmmakers may well have opted to present a tale revolving around Iran's famous victory over The United States and what that meant to them, director Panahi chooses to look at what goes on behind the scenes and presents a story from the stands as women are barred from football matches and are not allowed to live the ecstasy of winning a game of immense magnitude. You can imagine a heavy handed film detailing Iran's 'victory' as a lumbering propaganda film designed to exploit as they 'defeat' a Western power or 'enemy' at a sport they perhaps were not expected to do so in.<br /><br />A couple of films that spring to mind when it comes to beating the unbeatable at their own game are 2001 Indian film 'Lagaan', in which the Indian peasants defeat the ruling British at cricket. Similalry, 2005's 'The Game of Their Lives' sees the Americans defeat the English at a football match only this time in the 1950 World Cup. The differences between these films and Offside are immense; Offside is looking at a situation behind a state's mentality and dares to explore an essence of Feminism as the girls, trying to see their beloved Iran defeat Bahrain and qualify for the World Cup, are rounded up like animals and kept in a crude purgatory mere feet from a barred window that would allow them to see the game. The reasoning is to do with the foul language the men 'may', not will, but 'may' use during the game. The film presents Iran as so incompetent that they cannot take away a man's right to swear and ban the bad language but must ban a woman's right to see the game all together  it is no wonder Panahi's film was itself banned in Iran.<br /><br />But Panahi remembers to include what makes the rule so crazy in the first place by frequently allowing his female characters to both smoke cigarettes and use mobile phones, two things the doctors and scientists will have you think are far more dangerous to the human body/mind than hearing a little bit of foul language at a football match. Panahi pays special attention to the title of his film 'Offside' which itself is a ruling within football detailing when an 'attacker' is 'caught' trying to gain an advantage in the field of play. The parallels run with the womens' position in the film as these advancing (supposedly without right) individuals are caught trying to put one over the opposition team; that being the state itself.<br /><br />I think Offside is one of the better films to come out of the Middle East and surrounding Gulf area that I've seen. It's a tense but humbling film about people who do not carry any acting history according to the IMDb and thus, the acting is raw and real adding that quaint neo-realist aura to it all. The immediate ending is haunting and the constant verbal battle between the male soldiers and female wrong-doers who dared to defy the state is wonderful. I also think for anyone to actually dislike the film for the reasons I've mentioned shows a distinct level of callous, either that or you work in the Iranian government.",1,21799
336,"After having seen Deliverance, movies like Pulp Fiction don't seem so extreme. Maybe by today's blood and bullets standards it doesn't seem so edgy, but if you think that this was 1972 and that the movie has a truly sinister core then it makes you think differently.<br /><br />When I started watching this movie nothing really seemed unusual until I got to the ""Dueling Banjos"" scene. In that scene the brutality and edge of this film is truly visible. As I watched Drew(Ronny Cox,Robocop)go head to head with a seemingly retarted young boy it really shows how edgy this movies can get. When you think that the kid has a small banjo, which he could of probably made by hand, compared to Drew's nice expensive guitar, you really figure out just how out of their territory the four men are.<br /><br />As the plot goes it's very believable and never stretches past its limits. But what really distinguishes this film, about four business men who get more than they bargained for on a canoe trip, is that director John Boorman(Excalibur) breaks all the characters away from plain caricatures or stereotypes. So as the movie goes into full horror and suspense I really cared about all four men and what would happen to them.<br /><br />The acting is universally excellent. With Jon Voight(Midnight Cowboy, Enemy of the State) and Burt Reynolds(Boogie Nights, Striptease) leading the great cast. Jon Voight does probably the hardest thing of all in this film and that is making his transformation from family man to warrior very believable. Unlike Reynolds whose character is a warrior from the start, Voight's character transforms over the course of the movie. Ned Beatty(Life) is also good in an extremely hard role, come on getting raped by a hillbilly, while Ronny Cox turns in a believable performance.<br /><br />One thing that really made this movies powerful for me is that the villains were as terrifying as any I had ever seen. Bill Mckinney and Herbert ""Cowboy"" Coward were excellent and extremely frightening as the hillbilly's.<br /><br />Overall Deliverance was excellent and I suggest it to anyone, except for people with weak stomachs and kids. 10/10. See this movie.",1,21864
337,"As others have commented, I checked this out after Siskel and Ebert listed this as one of their top 10 movies of the year. What a gift. I then went out to buy it, just so that I could loan it out.<br /><br />Best quote? Dwight Yoakum stops his truck when he realizes that someone (Cage) is on top of his cab. When Cage peers down, he apologizes. ""I'm sorry if I scared you."" Yoakum thrusts his pistol in Cage's face with ""Does THIS look like I'm scared?"" Great bit of humor after an exciting (and temporary) escape.<br /><br />There really was a sense of fun to this. The constant sighting of the ""Welcome to Red Rock"" sign elicits a groan and a smiling head shake. The music created a hunting, eerie quality to the film reminiscent of ""Twin Peaks"". Unlike ""Twin Peaks"", though, it doesn't spoil things by going too far into the outlandish, needing to ""top"" itself.<br /><br />I admit watching the credits 15-20 times. You see, they had Yoakum's ""Thousand Miles from Nowhere"" (perfectly chosen) playing as a freight train curved around down to the desert floor . . with snow-capped mountains in the distance. This was incredible, fluid framing. Further, I've never seen a better unification of sight and sound on film. Also, it totally fit the story.",1,21929
338,"As others have mentioned, all the women that go nude in this film are mostly absolutely gorgeous. The plot very ably shows the hypocrisy of the female libido. When men are around they want to be pursued, but when no ""men"" are around, they become the pursuers of a 14 year old boy. And the boy becomes a man really fast (we should all be so lucky at this age!). He then gets up the courage to pursue his true love.",1,21994
339,"A great gangster film.Sam Mendes has directed this beautiful movie showing another father-son camaraderie.Brilliant star-cast leading with Tom Hanks(Michael Sullivan) has done a terrific job.Great acting by him again.He is an acting legend.Great acting too from Paul Newman,Jude Law and Daniel Craig.Casting is just too good.The plot is quite good.You will enjoy the movie.A great portrayal of the gangster of the 1930's.Set in the 1930's,this will surely stand out as the zenith of all gangster movies of that era.Soundtrack is pretty good an apt to the movie.A great flick in totality showing what a father does to protect his son.Way underrated for my liking.Deserved a fully deserved 10.",1,22059
340,"I can't believe it's been ten years since this show first aired on TV and delighted viewers with its unique mixture of comedy and horror. This is the show that gave birth to a good part of modern British humor: Dr. Terrible's House of Horrible; Garth Marenghi's Darkplace; The Mighty Boosh; Snuff Box. Many have imitated this show's style, and I don't deny some have surpassed its quality. But Jermy Dyson deserves being remembered for having started the trend, with actors Mark Gatiss, Steve Pemberton, and Reece Shearsmith.<br /><br />Together they created Royston Vasey, a sinister small town in England's idyllic countryside, where unsuspecting tourists and passers-by come across an obsessive couple that wants to keep the town local and free of strangers; where the unemployed are abused and insulted at the job center; where a farmer uses real people as scarecrows; where a vet kills all the animals he tries to cure; where a gypsy circus kidnaps people; and where the butcher adds something secret but irresistible to the food to hook people on.<br /><br />This is just a whiff of what the viewer can find in The League of Gentlemen. By themselves, the three actors give birth to dozens and dozens of unique characters. The make up and prosthetics are so good I actually thought I watching a lot more actors on the show than there were. But it's also great acting: the way they change their voices and their body movement, the really become other people.<br /><br />Most of the jokes start with something ordinary, from real life, and then blows up into something unsettling, sometimes gut-wrenching. Sometimes it's pure horror without a set up, like in Papa Lazarou's character. Just imagine a creepy circus owner on make-up barging into someone's house and kidnapping women to be his wives. No explanation given. It's that creepy. Then there are the numerous references to horror movies: Se7en, The Silence of the Lambs, Nosferatu, The Exorcist, etc.<br /><br />Fans of horror will love it, fans of comedy will love it. As any traveler entering knows, there's a sign there that says 'Welcome to Royston Vasey: You'll Never Leave.' Any viewer who gives this show a chance will agree. Once you discover The League of Gentlemen, you'll never want anything else, you'll never forget it.",1,22124
341,"A very close and sharp discription of the bubbling and dynamic emotional world of specialy one 18year old guy, that makes his first experiences in his gay love to an other boy, during an vacation with a part of his family.<br /><br />I liked this film because of his extremly clear and surrogated storytelling , with all this ""Sound-close-ups"" and quiet moments wich had been full of intensive moods.<br /><br />",1,22189
342,"Nobody truly understands the logic behind the numbering of Italian zombie-flicks, but  honestly  why would we bother? Every single film in the Zombi-""series"" delivers great fun, nasty gore and gratuitous shocks and ""Zombi 3"" is no exception to this, despite all the production difficulties that occurred whilst shooting. This film began as an interesting Lucio Fulci project, who had to elaborate further on his ""Zombi 2"" success, but it ended up being a typical Bruno Mattei product with more flaws and stolen ideas from previous films. The screenplay is hopelessly inept and ignores all forms of continuity, every ingenious idea from George A. Romero's ""Night of the Living Dead"" and ""The Crazies"" is shamelessly repeated here and the acting performances are truly miserable and painful to look at. Yet all this didn't upset me for one moment because the sublime over-the-top gore compensates for everything! On a secret army base at the Phillipines, scientists completed the bacterial warfare virus ""Death One"" and prepare it for transport. After a failing attempt to steal the virus, the infected corpse of a terrorist is cremated and the zombie-ashes contaminate the entire population of a nearby tourist village. The last group of survivors has to battle hyperactive and inhumanly strong zombies as well as soldiers in white overalls that received instructions to kill everything that moves in the contaminated area. This movie is comparable to Umberto Lenzi's ""Nightmare City"". Truly Bad...but incredibly entertaining with fast-paced action sequences and several very creative zombie-madness situations. The undead birds were original, for example, and the whole zombie birth sequence at the deserted hospital was pretty cool as well. The infamous flying head scene is not nearly as awful as it's made up to be and it belongs perfectly in this cheesy and thoroughly pleasant Italian zombie flick. Recommended to the fans; don't mind the negative reviews.",1,22254
343,"I saw this jolly little film at age 10/11 in 1979 when it was broadcast on CBS. I didn't know it had been in a theater at all. To rate it from a kids point of view I'd give it 4 out of 5 stars,because being a young boy at the time,it seemed a little ""girlish"".<br /><br />The climactic scene where Gazooks tickles the daylights out of everyone was a bit disturbing at the time but you outgrow that sort of thing. <br /><br />When I re-discovered it a Blockbuster Video in 1995,I had to revisit it! I still liked it despite the fact that it looked a bit ""old"". I don't know where the other reviewer on here got the idea that it wasn't on VHS.<br /><br />It's out there. Might even be on DVD by now,at least I hope it is. I want to share it with my kids someday! 10 stars on here,it's still a great kids film. (end)<br /><br />09/08/2009 : Finally found a VHS copy!! Woo-hoo!",1,22319
344,"Beforehand Notification: I'm sure someone is going to accuse me of playing the race card here, but when I saw the preview for this movie, I was thinking ""Finally!"" I have yet to see one movie about popular African-influenced dance (be it popular hip hop moves, breaking, or stepping) where the main character was a Black woman. I've seen an excessive amount of movies where a non-Black woman who knew nothing about hip hop comes fresh to the hood and does a mediocre job of it (Breakin, Breakin 2, Save the Last Dance, Step Up), but the Black women in the film are almost nonexistent. That always bothered me considering so much of hip hop, African-influenced dance, and breaking was with Blacks and Latinos in massive amounts in these particular sets and it wasn't always men who performed it, so I felt this movie has been a long time coming. However, the race does not make the film, so I also wanted it to carry a believable plot; the dancing be entertaining; and interesting to watch.<br /><br />Pros: I really enjoyed this film bringing Jamaican culture. I can't recall ever seeing a popular, mainstream film where all the main characters were Jamaican; had believable accents; and weren't stereotypical with the beanies. The steppers, family, friends, and even the ""thugs"" were all really intelligent, realistic people who were trying to love, live, and survive in the neighborhood they lived in by doing something positive. Even when the audience was made aware that the main character's sister chose an alternate lifestyle, it still didn't make the plot stereotypical. I was satisfied with the way it was portrayed. I LOVED the stepping; the romantic flirty relationship going on between two steppers; the trials that the main character's parents were going through; and how she dealt with coming back to her old neighborhood and dealing with Crabs in a Barrel. I respected that she was so intelligent and active at the same time, and so many other sistas in the film were handling themselves in the step world. They were all just as excellent as the fellas. I don't see that in too many movies nowadays, at least not those that would be considered Black films.<br /><br />Cons: I'm not quite sure why the directors or whoever put the movie together did this, but I question whether they've been to real step shows. Whenever the steppers got ready to perform, some hip hop song would play in place of the steppers' hand/feet beats. At a real step show, there is zero need for music, other than to maybe entertain the crowds in between groups. And then when hip hop songs were played, sometimes the beat to the song was off to the beat of the steppers' hands and feet. It was awkward. I was more impressed with the stepping in this movie versus ""Stomp the Yard"" (another great stepping movie) because the women got to represent as fierce as the guys (in ""Stomp the Yard,"" Meagan Good got all of a few seconds of some prissy twirl and hair flip and the (Deltas?) let out a chant and a few steps and were cut immediately). Even when there were very small scenes, the ladies tore it up, especially in the auto shop, and it was without all that music to drown out their physical music. I know soundtracks have to be sold, but the movie folks could've played the music in other parts of the film.<br /><br />I'm not a Keyshia Cole fan, so every time I saw her, all I kept thinking was ""Is it written in the script for her to constantly put her hand on her hip when she talks?"" She looked uncomfortable on screen to me. I thought they should've used a host like Free or Rocsi instead. Deray Davis was funny as usual though. Also, I groaned when I found out that the movie was supposed to be in the ghetto, like stepping couldn't possibly happen anywhere else. Hollywood, as usual. However, only a couple of people were portrayed as excessively ignorant due to their neighborhood and losers, which mainstream movies tend to do.<br /><br />I would've given this movie five stars, but the music playing killed it for me. I definitely plan to buy it when it comes out and hopefully the bonus scenes will include the actual step shows without all the songs.",1,22384
345,"I first rented this film many years ago, and was completely enthralled by it. Just recently, feeling a strange need to revisit some of the way-too-few films that I've immensely enjoyed in my lifetime, I decided to give ""Erendira"" another look. And I'm glad I did, as I soon discovered that even the passage of time has not in the least dulled the shine of this film.<br /><br />The story is about a teenaged girl (Erendira, played remarkably by Claudia O'hana - in some respects she resembles Winona Ryder!) who accidentally burns down her grandmother's mansion after which the grandmother, played downright hypnotically by Irene Papas, forces the girl into a life of prostitution on the road to repay the damages. <br /><br />The viewing is at once fascinating and compelling - though, inspite of the basic premise, which deals with prostitution, is tastefully void of gratuitous steamy sexual content. The story revolves more around the interactions between the girl and her grandmother, and the various other colorful characters with whom they come into contact on their sojourn - which, by the way, is in the rough and tumble part of rural Mexico.<br /><br />The film is very atmospheric, arrestingly enigmatic with a decided dreamlike quality. It sometimes borders on the bizarre, but not to the point of, say, a David Lynch film. It's also worth mentioning that the film is very allegorical in nature, read the comments from previous viewers below...<br /><br />Often in the background you hear the sounds of a lone accordion, quiet and melancholy, adding just the right musical accents to highlight the Mexican setting. The cinematography of the rural places, many of which are in the desert, is quite superb.<br /><br />The film moves at a nice pace, neither too fast nor too slow, and after every scene I felt I had to rewind the tape and play it over again, just because it makes you want to do that. For me anyway, it really is that compelling.<br /><br />Hopefully you will see the film in its Spanish language version, with subtitles. I studied Spanish in high school as well as in college, and I was happy to be able to understand much of the dialogue. Por ejemplo: ""El mundo no es tan grande como pensaba."" (""The world's not as big as I thought"" - i.e., It's a small world.)<br /><br />This film somehow reminds me of stumbling upon a dusty old bottle of vintage wine, which, upon drinking, is immensely satisfying, however, you are left with some sadness upon realizing that there aren't more bottles just like this one.",1,22449
346,"The movie is truly poignant, unique and uplifting. The story is universal in that it's a battle between good, evil and the world between. THE MOST IMPORTANT thing is that its rating is wrong, misleading, and a travesty. Blockbuster has it rated as though it were an X rated movie. The truth is is that it is closer to G than PG and should be seen by children who can read the clear and simple sub-titles.",1,22514
347,"I absolutely LOVED this film! I do not at all relate to all the other comments I have read about it. I was COMPLETELY enthralled through every second! <br /><br />I found the story gripping, the acting intense, and the direction spot-on. I would literally jump every time the phone would ring close to the end of the movie. Even though there was nothing ""scary"" about the story itself, I was soundly on edge through the whole movie - and for the rest of my evening. <br /><br />I found that there were so many perfect choices made...the casting, the script, the little bits of humor sprinkled in it. There were so many points where the film could've gone for the cheap thrill, but it never did, and that for me put this movie above so many of the mediocre thrillers that have come out lately...and for the last number of years.",1,22579
348,"Seldom do we see such short comments written by IMDb filmgoers. Perhaps it's because this lightweight dark comedy entertains and pleases without depth, or are we missing something? I'd watch it again if I had some incentive.<br /><br />So what's a happenstance? To the French it is ""Le Battement d'Ailes du Papillon"" Serendipity? Fate? Perhaps it's an event that is the culmination of a series of random happenings. We've all had these (it's called life) but when looked at in this way, you begin to get the feeling that ""random"" might be more like ""fated.""<br /><br />A 'happenstance' in this film might be an occurrence as minor as knocking a few leaves of lettuce off the back of a truck or as major as basing a major life decision on the accuracy of a stranger tossing of a pebble. All these incidents cause other events that ... well you get the picture? Dominoes. Multiply those by 30 characters and an average of 6 each and you have to really stretch your imagination to accept the remote chance that this scenario could happen. And I think that there's a diagnosis for those who believe that life is like this. But then this is the magic world of cinema.<br /><br />We admit that it is fun to watch the way the writer/director weaves together these unrelated events into a story which enmeshes the lives of these French citizens. If you have a couple of hours and are looking for a whimsical escape, here's the place to do it. Or if you're recovering from surgery and aren't going anywhere anyway, this will engage you while your stitches are healing. <br /><br />""Happenstance"" will not go down as an award winner but it should develop a cult following. Stranger things have happened.<br /><br /> Soren Kierkegaard is attributed with the following: ""Life can only be understood backwards; but it must be lived forward."" If you looked at the detail in many of your own life experiences (meeting your first love, finding the perfect gift, your last auto accident) you would find a series of seemingly random events leading up to it.<br /><br />That's the answer! I forgot to bring along an existentialist to explain ""Happenstance"" to me.",1,22644
349,"This was a superb episode, one of the best of both seasons. Down right horror for a change, with a story that is way way above the average MOH episodes, if there is such a thing. A man's wife is almost burned to death in a tragic car wreck, in which he was driving. His airbag worked, her's didn't. She is burned beyond recognition (great makeup btw), and not given much of a chance to live without a full skin graft. BUT, even in a coma, she keeps dying but brought back by modern technology, and when she does die for a few minutes, her ghost appears as a very vengeful spirit. Carnage of course ensues, and also some extremely gory killings, and also, some extremely sexy scenes. What more could you ask for, you might ask? Well, not much, because this baby has it all, and a very satirical ending, that should leave a smile on most viewers faces. I just loved Rob Schmidt's (Wrong Turn) direction too, he has a great knack for horror. Excellent episode, this is one I'm buying for sure.",1,22709
350,"Never viewed this film until recently on TCM and found this story concerning Poland and a small town which had to suffer with the Nazi occupation of the local towns just like many other European Cities for example: Norway. The First World War was over and people in this town were still suffering from their lost soldiers and the wounded which War always creates. Alexander Knox, ( Wilhelm Gimm)""Gorky Park"" returns from the war with a lost leg and was the former school teacher in town. He was brought up a German and was not very happy with the Polish people and they in turn did not fully accept him either. As the Hitler party grew to power Wilhelm Grimm desired to become a Nazi in order to return and punish this small Polish town for their treatment towards him which was really all in his mind. Marsha Hunt,(Marja Pacierkowski),""Chloe's Prayer"", played an outstanding role as a woman who lost her husband and was romantically involved with Whilhelm Gimm. There are many flashbacks and some very real truths about how the Nazi destroyed people's families and their entire lives. The cattle cars are shown in this picture with Jewish people heading to the Nazi gas chambers. If you have not seen this film, and like this subject matter, give it some of your time; this film is very down to earth for a 1944 film and a story you will not forget too quickly.",1,22774
351,"In the spirit of the classic ""The Sting"", this movie hits where it truly hurts... in the heart! A prim, proper female psychiatrist, hungry for adventure, meets up with the dirtiest and rottenest of scoundrals. The vulnerable doctor falls for the career badman, and begs to be involved in his operation. While the movie moves kind of ""slow"", it's climax and ending are stunning! You'll especially enjoy how the doctor ""forgives herself""!",1,22839
352,"This was a good film with a powerful message of love and redemption. I loved the transformation of the brother and the repercussions of the horrible disease on the family. Well-acted and well-directed. If there were any flaws, I'd have to say that the story showed the typical suburban family and their difficulties again. What about all people of all cultural backgrounds? I would love to see a movie where all of these cultures are shown - like in real life. Nevertheless, the film soared in terms of its values and its understanding of the how a disease can bring someone closer to his or her maker. Loved the film and it brought tears to my eyes",1,22904
353,"A fantastic Arabian adventure. A former king, Ahmad, and his best friend, the thief Abu (played by Sabu of Black Narcissus) search for Ahmad's love interest, who has been stolen by the new king, Jaffar (Conrad Veidt). There's hardly a down moment here. It's always inventing new adventures for the heroes. Personally, I found Ahmad and his princess a little boring (there's no need to ask why John Justin, who plays Ahmad, is listed fourth in the credits). Conrad Veidt, always a fun actor, makes a great villain, and Sabu is a lot of fun as the prince of thieves, who at one point finds a genie in a bottle. I also really loved Miles Malleson as the Sultan of Basra, the father of the princess. He collects amazing toys from around the world. Jaffar bribes him for his daughter's hand with a mechanical flying horse. This probably would count as one of the great children's films of all time, but the special effects are horribly dated nowadays. Kids will certainly deride the superimposed images when Abu and the genie are on screen together. And the scene with the giant spider looks especially awful. Although most of the younger generation probably thinks that King Kong looks bad at this point in time, Willis O'Brien's stop-motion animation is a thousand times better than a puppet on a string that doesn't even look remotely like a spider. 8/10.",1,22969
354,"A very early Oliver Stone (associate-)produced film, and one of the first films in the impressive career of Lloyd Kaufman (co-founder and president of the world's only real independent film studio Troma, creator of the Toxic Avenger and, at the prestigious Amsterdam Fantastic Filmfestival, lifetime-achievement awarded filmmaker for over 30 years). Having raised the money for this film on his own, Lloyd wrote this script together with Theodore Gershuni in 1970 and in hindsight regrets having listened to advice to have Gershuni else direct the film instead of doing it himself. But back then he was still inexperienced in the business and it is probably because of decisions like these that he takes no nonsense from anyone anymore. Indeed it would have been interesting to see Lloyd's version of his own script - as one of the world's most original, daring, experimental and non-compromising directors he probably would have given it even more edge than it already has. But as it is we have the Gershuni-directed film. And weather it is due to the strong script, or the fact that he too is indeed quite a director of his own, SUGAR COOKIES is a very intelligent, highly suspenseful and well-crafted motion picture that deserves a lot more attention than it receives. The shoestring budget the small studio (this was even before Kaufman and his friend and partner for over 30 years now, Michael Herz, formed Troma) had to work with is so well handled that the film looks a lot more expensive, indeed does not have a ""low budget"" look at all. The story revolves around lesbian Camilla Stone (played by enigmatic Mary Woronow) and her lover who winds up dead through circumstances I won't reveal not to spoil a delightful story. This leads to a succession of plot-twists, mind games and personality reform that is loosely inspired by Hitchcock's Vertigo and at least as inventive. The atmosphere is a lot grimmer, though, and some comparisons to Nicholas Roeg's and Donald Cammell's PERFORMANCE come to mind. In this mix is a very original and inventive erotic laden thriller that keeps it quite unclear as to how it is all going to end, which, along with a splendidly interwoven sub-plot with a nod to Kaufman's earlier and unfortunately unavailable BIG GUSS WHAT'S THE FUSS, makes for a very exciting one-and-a-half-hour. Certainly one of the best films in Troma's library, and yet again one of those films that defy the curious fantasy that their catalog is one of bad taste. The DVD includes some recent interviews Kaufman conducts with Woronov and the other leading lady Lynn Lowry (later seen in George Romero's THE CRAZIES), thus giving some interesting insight in what went on during the making of this cult-favorite and a few hints of what would be different had Lloyd directed it himself. Highly recommended.",1,23034
355,"Well, I guess I'm emotionally attached to this movie since it's the first one I went to see more than 10 times in the cinema ... helping me through my master's thesis, or rather keeping me from working on it!<br /><br />But on watching it again several years (and many many movies) later - what a well-crafted little gem this is! I've never seen Gwyneth Paltrow in a more convincing performance, and Jeremy Northam is the perfect Mr Knightley - where does one meet such a man??? <<<sigh>>> Sophie Thompson's turn as Ms Bates is virtuoso acting of the finest (oh, napkins, sorry!) and the rest of the cast is no disappointment either - Toni Colette brings a lot of Muriel to her Harriet, and Ewan McGregor is convincingly charming - and Alan Cumming and Juliet Stevenson are the perfect ""impossible"" couple!<br /><br />Of course the sets and costumes, and the beautiful soundtrack contribute a lot to the feelgood, almost Hobbiton-like atmosphere of the movie - although as far as cinematography and art decoration go, it's almost a case of visual overload. Very very pretty, but a little more austerity might have conveyed a better sense of period. But the good thing is, the movie doesn't take itself too seriously, and there is plenty of fun - and some pretty cool editing - that keep it from sinking into saccharine Merry Old England mode.<br /><br />My particular favorite is the ball scene - some beautiful acting and directing here, and the concluding dance summarizes the relationship between Emma and Mr Knightley just beautifully. Pity that the final proposal scene goes on for just a little too long - cut two shots (I can think of exactly which ones!) and it would have been much more in keeping with the rest of the movie.<br /><br />Gosh, I just realize (by reading the imdb listings) that I've seen Jeremy Northam in at least three movies without even being aware that it was him - seems he's got a lot more going for him, as an actor, than just being a gentlemanlike English heartthrob! Hmm, guess I need to pay my video store a visit...<br /><br />Lovely movie. My favorite Jane Austen adaptation so far - though perhaps Ang Lee's Sense and Sensibility is, strictly speaking, the better movie, this one is closest to my heart - and I've certainly seen it many more times! Watch it if you can - and don't be too hard on its little imperfections.<br /><br />",1,23099
356,"This movie is best described or compare to ""Big Fish"" (the movie by Tim Burton). But it's a less glamorous and more in you face tale. And of course here it's not the father, but his grandfather who tells the stories.<br /><br />The movie's narrative also moves back and forth (so the story outline here at IMDb, might tell you more than you would like to read, before watching the movie). It's funny and engaging enough, even though you get from one story to another and have some dramatic moments too. It also surprises you here and there, with things you wouldn't expect. A nice little movie then, that deserves your attention, especially if you like movies like that! :o)",1,23164
357,"I can't understand what it is that fans of the genre didn't like about this film. It was truly a lot of fun. The special effects were wonderful. I generally agree with reviews and with IMDB voters, but not this time. I waited until it came to home video which I felt was another reason that I wouldn't enjoy the film. I believe special effects films need to be seen on the big screen, but again this was not the case. To me the film begs comparison to two films that were released around the same time. Blair Witch and The Mummy. Both films that I thought were terrible. Blair was probably the most overrated horror film of all time. The Mummy made gobs of money and it was pure dreck. People liked it for it's special effects. Films like the Mummy and The Haunting are not rich in character development, they are more like funhouse rides. Well with that analogy the Mummy was a B ticket to the Haunting's E-ticket.",1,23229
358,"I agree with what ""veinbreaker"" wrote with regards to the ""Ahhhh"" feeling you get at the end of this movie. I absolutely loved the locations they chose to film, the songs were well written and interesting, especially the psychedelic sounding track on which Hans Matheson sings. It's trippy. Nighy was fab in his role, Nail ""nailed"" it, Beano was the typical drummer, and Rea kept it together. Bruce Robinson was awesome. Helena was a lovely girlfriend. But I felt Juliet Aubrey's performance was gorgeous. The scenes between Aubrey & Robinson killed me! Perfectly played and the music behind the scene was spot on! Too bad not many more musicians have checked this movie out! They ought to!I've told all my musician friends. great quote by Jimmy Nail's character: ""it's supposed to be rock & roll, not the Phantom of the f*****g opera!""",1,23294
359,"I would reccomend this film to everyone. Not only to the fans of the rocker Luciano Ligabue, but to all film-buffs. Because it's sincere, moving, funny and true. Because Ligabue is a born storyteller and a film lover, and every frame of his film is made with love and care. Because his characters are loved and ask to be loved. Because most of the Italian debut films are lousy and this one, done by an outsider, is a real joy to watch and to listen at. Because Stefano Accorsi is gorgeous and reminds me of Andrea Pazienza, who was, like Freccia, beautiful and talented and good and lost his life because of the heroin, that Ligabue shows as it is, unglamorous and ugly, without indulging in easy moralisms. Because it's a film that speaks to our heart, our ears, our souls. And because I lived the experience of the FM radios and it was exactly like that. Thanks, Luciano!",1,23359
360,"When it first came out, this work by the Meysels brothers was much criticized and even judged to be exploitation. Luckily, it is now hailed as a masterpiece of documentary cinema, especially now that society has been exposed to real exploitation in what is reality television, and the bad evolution of most direct cinema.<br /><br />Really, at first, we must say that this isn't really direct cinema, it is more cinema verité. The difference between the two is very slight, but it mainly is the fact that in this documentary, we are made to feel the presence of the Meysels brothers, and they do interact with the characters filmed. This as well makes it clear that it is not exploitation. The Meysels have been allowed in the house, and they are included in what is a very eccentric situation of a very eccentric household. And both Edith and Edie just love the idea of being filmed.<br /><br />It would have been very disappointing had very been shown only a voice of God narration and shallow interviews. Here, we are given a full portrait of the madness of the house, a madness that does seem to go down well with both Edie and her mother Edith. Their house is a mess, litter and animals everywhere, faded colors and furniture all over the house, and the constant fights that are constant interactions of reality. These two people have lived with each other their whole life, and are not fighting in front of the camera because they want the attention, but rather because they can't help talking to each other this way. They know each other too well to hide their inner feelings, there is no need. In the end, though, even as they blame each other for their lives, they really love each other deeply. Edie says she doesn't want her mother to die, because she loves her very much, and Edith says that she doesn't want Edie to leave her because she doesn't want to be alone.<br /><br />But the most interesting aspect of the film is that regardless of their old age, the two women can't help be girls. They cannot help being one the singer, the other the dancer. Exhibit all their artistic skills in front of their camera. When Edie asks David Meysels rhetorically ""Where have you been all my life?"" she is really very happy that she finally gets to show the whole world herself and her wonderful showgirls skills. A beautiful portrait of stylistic importance and a charm that is highly unlikely to be ever seen again, the way only the Meysels and few others could do.",1,23424
361,"I laughed so hard during this movie my face hurt. Ben Affleck was hilarious and reminded me of a pretty boy Jack Black in this role. Gandolfini gives his typical A performance. The entire cast is funny, the story pretty good and the comic moments awesome. I went into this movie not expecting much so perhaps that is why I was so surprised to come out of the flick thoroughly pleased and facially exhausted. I would recommend this movie to anyone who enjoys comedy, can identify with loneliness during the holidays and/or putting up with the relatives. The best part to this film (to me anyway) were the subtle bits of humor that caught me completely off guard and had me laughing long after the rest of the audience had stopped. Namely, the scene involving the lighting of the Christmas tree. Go see it and have a good laugh!",1,23489
362,"Successful self-made married businessman Harry Mitchell (a superbly steely performance by Roy Scheider) has an adulteress fling with sweet'n'sexy young stripper Cini (the gorgeous Kelly Preston). Harry's blackmailed by a trio of scummy low-life hoods -- sleazy porno theater manager Raimy (a splendidly slimy John Glover), antsy strip joint owner Leo (well played by Robert Trebor) and crazed pimp Bobby Shy (a frightfully intense Clarence Williams III) -- who have videotaped his affair with Cini. When Harry refuses to pay up, the hoods kill Cini and make it look like Harry did it. This in turn ignites a dangerous battle of wit and wills between Harry and the hoods. Director John Frankenheimer, adopting a tough script based on Elmore Leonard's gritty crime thriller novel, expertly maintains a steady snappy pace, delivers plenty of gripping tension, and effectively creates a compellingly seedy'n'sordid atmosphere. The leads are all uniformly excellent, with stand-out supporting turns by Ann-Margret as Harry's bitter neglected wife Barbara, Vanity as brash jaded prostitute Doreen, and Lonny Chapman as Harry's loyal business partner Jim O'Boyle. The tight'n'twisty plot keeps viewers on their toes throughout. The wickedly profane dialogue, Jost Vacano's glossy cinematography, Gary Chang's stirring score, the harshly amoral tone and the rousing conclusion are all likewise on the money as well. As an added bonus, both Vanity and Preston take their clothes off. A very strong and satisfying little number that's well worth checking out.",1,23554
363,"Cliffhanger is a decent action crime adventure with some flaws from director Renny Harlin whose admirable in making this movie about an expert climber who finds himself taken hostage with a fellow friend by a gang of dangerous criminals on the search for suit cases full of stolen cash in the Rocky Mountains. Sylvester Stallone is impressive as Gabe Walker the expert climber especially in the action/fight sequences but some of them definitely border on the line of unrealistic. For the sake of the film though I willing to suspend my disbelief. The rest of the cast including John Lithgow, Michael Rooker, Janine Turner, Rex Linn, Caroline Goodall, and Leon are respectable as the supporting characters in the movie. The action/fight sequences are well executed but as mentioned before some aren't very realistic no matter how tough you are. The climbing sequences however are very well done because instead of doing the whole film in a studio somewhere the locations they chose felt very real and the Ariel views of the mountain ranges are marvelous adding a touch of reality to the movie. The deaths are inventive while others are sort of predictable. The villains are solid but it would've been better if they had focused on a more central one instead of having many of them. The pacing of the movie was a little slow but the good outweighs the bad in this one. If you're a big fan of Harlins or Stallone's than chances are you'll enjoy this one too. Overall Cliffhanger has character development with enough action, drama, some suspense, excitement, thrills, and good performances by the cast who make this movie worth the time to watch.",1,23619
364,"The story is extremely unique.It's about these 2 pilots saving Earth from alien beings but they have to use a special speed that makes everything around them age rapidly.The whole series is about the pilots dealing with the loss of time,friends,and mentors.<br /><br />The ending COULD have been fantastic.It started to end on a total down note and leave a real mark but instead ended on a super happy Disney note and annoyed me VERY bad.<br /><br />The animation is decent for 89 but can't compare to nowadays.I have also heard many complain about the cheesiness of the nudity.I actually found it to be somewhat decent.The nudity for the most part was warranted except in episode 2 where there was an excess.<br /><br />Overall it deserves a look but the ending keeps it from being a classic.",1,23684
365,"The only reason I knew of Midnight Cowboy was because it was in the AFI Critic's Top 100. For a top 100 it is not a very well known movie; indeed, I had to look hard to find a copy, I got the DVD version for about half-price. Surprisingly it was only rated M15+ (the uncut version).<br /><br />I doubt many will take notice of this review (more like comment) so I'll make it brief.<br /><br />This is perhaps one of the strangest movies I've seen, partly because of the use of montages, artistic filming (very art-house) and the unusual theme. There are many things in the film I still don't understand (I've seen it twice), and it makes for an emotionally confusing film.<br /><br />The filming and acting were very good, and it is the larger than life characters which make this film memorable. The main character is Joe Buck, a 'cowboy' from Texas who moves to New York to become a male prostitute. He meets the crippled conman Enrico 'Ratso' Rizzo and, of course they become friends going through the usual escapades. What makes the film interesting is the two characters are so different.<br /><br />I felt the film didn't really develop the relationship between Buck and Enrico Rizzo for the audience to have any real emotional connection, although the ending is certainly quite sad and tragic. You probably already know what happens by reading the reviews, but its pretty obvious from the start.<br /><br />I personally think the film beautifully and poignantly explores its main themes. The deprivation of humanity (shown by the darkness of the city streets, the breaking-down tenements). Most of the characters in the film exist beyond the law (a conman, giggolo.etc) yet you can't help liking them. Joe Buck is endearing because he is so naive and optimistic, while we begin to feel pity for Ratso later in the film.<br /><br />I think the film was rated so high because it was certainly very ground-breaking for its period. At the time (And even now) it was definitely not a typical movie (quite art-house). At a time when the cinema was dominated by tired westerns, musicals and dramas a film with such an unusual theme as Midnight Cowboy pops up.<br /><br />On a personal level, I must say I quite liked the film. The imagery conveyed a dream-like quality. I particularly liked the scene at the party, the music, images etc stay in your mind for a long time after watching. However, as a movie for entertainment's sake it was a bit lacking (not really my style of movie) in thrills. This is a film to be savoured and appreciated, rather than a cheap thrills action flick.<br /><br />Although I would hardly consider myself qualified to analyse this film, the characters and their motives were quite interesting. From what I understand from the flashbacks, Joe Buck was sexually abused as a child by his grandmother, although it still doesn't seem to be relevant to the story. He is a happy-go-lucky young stud, who suppresses his darker memories. The religious connotations in the film are also puzzling. Some have suggested a homosexual connection between Buck and Ratso, although I fail to see where they have got the idea from. The theme of homo-sexuality in general is more than touched upon in their conversation, and later in Joe Buck's encounter with a lonely old man, but it has little to do with the main story.<br /><br />Certainly from a technical point of view one of the finest films of the decade (it has more of a 70s feel to it than a 60s feel) and revolutionary for its time touching on subjects few other films dared to do. While it has a simple, sentimental story to it (disguised by a hard edge) the beauty of the film is in the strange, often psychedelic sequences.",1,23749
366,"I used to watch Pufnstuf every weekend when I was about 10. It was on right after Bay City Rollers. I saw it come on to Family Channel one day, and taped it for my then three-year old daughter. I'd forgotten all the things I'd loved as a child, the magic flute, the zoom broom, Witcheepoo's makeup.<br /><br />This show is decidedly low tech. The mayor is surely a precedent to Mayor McCheese, and everyone is a stuffed creature with annoying googly eyes. But kids love this stuff. They would way, way rather watch a guy work a sock puppet than sit in front of high-tech computer animation. There is (mild) slapstick, but no adult themes such as sex or people dying, and kids accept Jimmy's schemes. Kids think it would be neat to carry a bag of smoke around and convince someone their house was on fire, and I loved how every time my daughter saw a jet stream in the sky she thought Witchypoo was flying overhead. The music is old, but you really get used to it, and my daughter really loved it. She used to sing ""different is hard, different is lonely"" in the car. My daughter watched this show at least once a day for about 5 months, and it's still one of her favourites.<br /><br />I see that a new Pufnstuf 2000 is in the works. I really hope they try to keep the old flavour and don't do anything like computer-animating characters etc. I think a whole new generation would love Pufnstuf.",1,23814
367,"Tarzan and Jane are living happily in the jungle. Some men come looking for ivory and to take Jane back to civilization. But Jane loves Tarzan and refuses to leave. One of the men falls in love with Jane and is determined to take her back...even if that means killing Tarzan.<br /><br />This is a rarity--a sequel that's better than the original. ""Tarzan, the Ape Man"" of 1932 was good but had some dreadful special effects and sort of dragged. This one has MUCH better effects and is a lot more adult. There is tons of blatant racism (a black man is shot to death point blank--and no one really cares) but this was 1934. There's also plenty of blood, gore and violence (for a 1934 movie) and uncut prints have Jane doing a lengthy underwater swim totally nude! There's also obvious sexual content and Tarzan and Jane are wearing next to nothing and (it's implied) they sleep together and have sex--without being married. This wouldn't bother anyone today but in 1934 this was pretty extreme.<br /><br />That aside, the movie is well-directed, very fast-moving and full of adventure and excitement. Seeing Weissmuller in that skimpy lion cloth is certainly a treat for the eyes and Jane's outfit is pretty revealing too. I still think Maureen O'Sullivan is bad as Jane but Weismuller is perfect as Tarzan. Everybody else is OK.<br /><br />This is easily the best Weismuller--O'Hara Tarzan out there. WELL worth seeing but not for kids!",1,23879
368,"I am frankly surprised how little has been done in film on the Columbine Massacre. There isn't a major documentary, very puzzling. Fortunately we are graced with the talent of Ben Coccio who directed ZERO DAY, and Gus Van Sant who did the equally fine ELEPHANT. Two different takes on the event, which have in common the idea that the real cause of the massacre will always be a mystery, that there's something ultimately baffling and unknowable about the motivations of the two killers, and what actually drove them to carry it beyond fantasy into horrible reality. ZERO DAY, purportedly made up of videotapes made by the shooters and found after the event, is absolutely riveting. Even if you know where it's going, you still harbor hope that it WON'T ""go there"" ... and the tension in the final minutes of the movie is excruciating. The film is terrific from top to bottom, from director to script (not much improvised, though it appears very spontaneous) to the two lead actors, and the supporting players as well. There is only one aspect of ZERO DAY that troubled me. Okay, so we can't fathom why the shooters would do what they did, but certainly one of the contributors was their ANGER. Yet these boys don't really seem angry. They may say some things to indicate that they are, but in fact they didn't convince me that they had SOMETHING inside them that compelled them to kill innocent people. But this still leaves me with the sense of ""why???"" that director Coccio wants me to have. Anyway, rent or buy this movie, it will creep up on you and stay with you for a long time. The BLAIR WITCH folks could only WISH for the kind of success these guys had at making a mock documentary.",1,23944
369,"Gene Kelly came up with some really grand ideas for musicals while with MGM. Here he's at the top of his creative powers working with the Arthur Freed musical unit. Hard to believe when you watch An American In Paris that the players never left the back lot at MGM. <br /><br />The magic of An American In Paris is due to the creative editing under the direction of Vincent Minnelli and the sets that MGM designed blended with some background establishing shots. The idea of the film originated with Kelly who wanted simply to do a film with a lengthy ballet sequence involving George Gershwin's tone poem An American in Paris. It sounded good to Arthur Freed who approached Ira Gershwin who said fine with him as long as they used other Gershwin material.<br /><br />Gershwin got the kind of deal for Gershwin music that Irving Berlin normally got. Not one note of non-Gershwin music is heard in An American in Paris. Listen to some of the background music and you will hear things like Embraceable You and But Not For Me which are not real musical numbers.<br /><br />Another guy who was a fair hand at writing lyrics, Alan Jay Lerner, wrote the story which admittedly is a thin one. All about an ex-GI played by Gene Kelly who after World War II never left France, just settled into an apartment on the Left Bank and proceeded to become a starving artist. He lives with eccentric composer Oscar Levant and does that ever sound like a redundancy. <br /><br />Two women are interested in him. Another expatriate American played by Nina Foch who wants to sponsor him as a painter if he'll reciprocate in other matters. But Kelly falls for a shop girl played by Leslie Caron in her film debut. Caron also has musical comedy star Georges Guetary interested in here.<br /><br />Of course the plot is just an excuse to sing and dance to the music of George Gershwin. An American in Paris happens to be the first film I ever saw as an in flight movie on the first airplane trip I ever took. I still remember flying back from Phoenix Arizona to Kennedy Airport seeing Gene Kelly doing I've Got Rhythm. My favorite number in the film however is Tra-La-La which Kelly sings and dances all over the apartment with Oscar Levant playing the piano. At one point Kelly dances on top of the baby grand piano.<br /><br />In a book about Arthur Freed, I read a quote where he said in the American in Paris ballet sequence was to be done with the background of the French impressionists which he felt the public would take to rather than a realistic setting on the streets or back lot. So it happened that way. Kelly had done lengthy ballet sequences in Words and Music, The Pirate, and On the Town. But this one topped them all. Still does in my opinion and that includes some of Gene Kelly's later films.<br /><br />In a surprise upset at the Oscars, An American In Paris was chosen best picture for 1951, beating out the heavily favored A Streetcar Named Desire. I guess fantasy trumped realism that year. Big budgets also have an upper hand in these things as well.<br /><br />Still An American in Paris is one of the best movie musicals ever done and since the studios no longer have all that creative talent under one roof, something less likely to be repeated.",1,24009
370,I just found the IMDb and searched this film and I was moved almost to tears by the comments of all the people who saw this film as I did when 6 or so years old in 1967?. I saw it before the Jungle Book so I was Eagle Boy for a few hours and then Mowgli for the next year. I burst into tears at the cinema when the boy turned into the Eagle and always wanted to see the film again. When we got home we had a Roast chicken dinner and I got the wish bone and guess who I wished to be? My dad then said 'I bet you wished to be an Eagle' and of course we all know that wishes are broken if someone guesses so more tears and a little resentment to this day for not being able to fly away...,1,24074
371,"As a biographical film, ""The Lady With Red Hair"" (the story of how director /producer/playwright David Belasco transformed notorious society divorcee Mrs. Leslie Carter into an international stage star) is certainly not in a league with that other Warner's biopic of similar vintage, ""Yankee Doodle Dandy"" (what is?), but ""Lady"" is an enjoyable film in its own right--AND shares quite a few traits in common with the Cagney classic. <br /><br />Like ""Yankee Doodle Dandy,"" ""The Lady With Red Hair"" brims over with old -time show-business flavor. (Among other things, both films feature delicious theatrical boarding-house sequences as well as the inevitable scenes set backstage and in theatrical managers' offices.) Also, in ""Lady"" as in the Cohan biopic, the supporting cast is made up of familiar and beloved character actors of the period, all doing the sort of top-notch work we remember them for. <br /><br />Need I add that, again like ""Yankee Doodle Dandy,"" ""The Lady With Red Hair"" doesn't let the truth get in the way of telling a good story? But, also like ""Dandy,"" ""Lady"" does manage--gloriously!--to convey the esssence of its show-business-giant hero's larger-than-life personality. Everyone knows that Cagney limned Cohan for all time in his brilliant and affectionate portrayal in ""Yankee Doodle Dandy""--but few moviegoers realize that Claude Rains did a similar service for David Belasco in ""The Lady With Red Hair""- -and did it with a panache that almost equals Cagney's.<br /><br />Rains-as-Belasco perfectly captures that legendary showman's galvanic personality in all its outsized glory. Rains gives a tremendously enjoyable , superbly observed, and remarkably true-to-life performance as the man all Broadway once called ""The Wizard."" To watch Claude Rains in action (looking in every shot as if he's having a helluva good time!) in ""The Lady With Red Hair"" is to see David Belasco leap to life on film as if he can't wait to shake things up on the Main Stem once again.<br /><br />",1,24139
372,"I wasn't expecting much, and, to be honest, I didn't like this film the first time around but watching it again and I realised that it's kinda cool. Sure, it's a one joke film but it's a funny gag. <br /><br />Someone posted that it could be better written and it could be. I think this film had the potential to be a over-the-top My Cousin Vinny. But with a horror host instead of a lawyer. Sadly it's a wasted opportunity. With just a bit more writing it could be a classic. The kids are underused there's no reason why they should latch on to Elvira. Apart from the obvious reasons. It would have been great to see their relationship flourish. I know it's a comedy but it's little differences that separate the good films from the brilliant.<br /><br />Elvira herself is always fun and engaging. Not to mention flirty. Every time she smiles you will too. It's hard to knock a film when the main character is so charming. And it really is her charm, don't let her looks fool you into thinking that she's some sort of tart. Well she is. But she's a nice one. The sort of person you'd let look after your kids. Wouldn't let her cook for them, though...<br /><br />I'd recommend giving it a go. <br /><br />Just don't expect too much.<br /><br />She's more than just a great set of boobs. She's also an incredible pair of legs.",1,24204
373,"There are way too many subjects avoided in cinema and eating disorders is one of them. This film shows it as it is. It is not glamourised for the viewers to enjoy, it is shown with real truth which makes it all the more powerful. I've only seen it once and that was a few years ago but i can still remember everything about it and how it made me feel. It is a very powerful film and is good support for anyone suffering from a eating disorder to give them the willpower to stop. This is what films should be about- they should be there to help people and not glamourise things that are wrong.",1,24269
374,"I liked this movie a lot. The animation was well done and the romance was cute. I liked most of Bryan Adams' songs and the Hans Zimmer score was excellent. What a lot of people don't realize is how well it relates to the Heart of Darkness/Apocalypse Now themes (what happens when so-called ""civilization"" invades someone elses home, what does it mean to be ""civilized"" etc.). The opening scenery and music were very stirring. The film is a lament to an America that was once beautiful.",1,24334
375,"The documentary presents an original theory about ""Guns, Germs and Steel"". The series graphically portray several episodes strongly supporting the theory, and defend the theory against common criticism.<br /><br />I was deeply puzzled to find user comments complaining about lack of new information in these series. They say documentary presents information which is taught in middle school. Indeed, it does. In fact, I greatly enjoyed the original look at the information which I have known since middle school and the unexpected analysis.<br /><br />So, if you like knowing WHY things work, if you have taken apart the telephone trying to determine how it worked, if you have gone to the farm to see how farm works and how cows are milked, you will enjoy this series. A definite recommendation.",1,24399
376,"I grew up watching Full House as a child. I stopped watching it for years, but about two weeks ago I started back watching it again. Now my kids watch the show and they love to watch it as well. My kids can't believe that DJ , on the show, and I are the same age.<br /><br />I really love the show, because it is a show you can watch with your family. It has good teachings your kids can learn from. Also there isn't any drugs and violence on it. Also when the kids, on the show, have a problem they can always open up to their family for help. That's the message kids should be getting from TV now a days, turn to your family for help, not to drugs. Kids should be watching more shows like Full House instead of half the mess on TV now a days.<br /><br />I also love the show because it makes you laugh and it is down to earth. It talks about real life problems and family matters. There is always a lesson you can learn from the show.<br /><br />I vote the show a 10.",1,24464
377,"Hitchcock was of the opinion that audiences aren't really interested in what puts protagonists into danger - only that they ARE in danger, and need to escape.<br /><br />This film proves Hitchcock was not 100% correct. Police believe Jean Simmons is guilty of a crime, when she plainly isn't. Trevor Howard decides their best course of action is to run for it. And so, the body of the movie has our charismatic pair dodging on and off trains, buses and coaches - jumping across rocks at the top of a waterfall - scrambling across dockyard roofs.<br /><br />All good exciting stuff - but I couldn't get out of my mind that it was all unnecessary. They should have stayed put.<br /><br />In other words, the MacGuffin wasn't strong enough.",1,24529
378,"I originally saw this movie as a boy at the old Rialto Theatre as part of a Saturday afternoon matinée triple bill which also featured Vincent Price's ""Last Man on Earth"" and Mario Bava's ""Nightmare Castle."" I had nightmares about blood lusting ghosts for a week afterwards! Though I didn't know it then, all three movies would prove to be classics of the genre. No wonder I was so scared! Though all three films frightened me, it was Castle of Blood that had the most profound impact.<br /><br />It was the first on the bill. I didn't even get to see it from the beginning as we were late getting to the cinema and missed the first 20 minutes of the movie. That's lot to miss since the edited print only ran about 79 minutes (the unedited runs 87minutes). But despite this, the dark creepy atmosphere (complete with ruined castles, fog enshrouded cemeteries, shadows and cobwebs), Gothic set design, strong acting, and suspense (especially the last 20 minutes) scared the bejeepers out of me and made a lasting impression It took me years to finally get a copy of the film for my collection. Since it was a French - Italian import, it wasn't a movie that showed up on the late show in Winnipeg. I couldn't quite remember the title (remember I didn't get to seen the beginning of the film and was scared witless), and to make matters worse, the film had been released under literally a dozen different movie titles (aka Danze Macabre, Coffin of Terror, Castle of Terror, Long Night of Terror, etc...) and the USA/UK working title ""Castle of Blood"" was very generic, similar to dozens of other ""b"" horror and suspense films, making it illusive. But thanks to the internet and perseverance, I found it at last! What a treat to finally watch the film in its entirety after so many years! It may not have had quite the sheer emotional impact that it did when I was a boy, but as haunted house movies go, it's stands up well and compares favourably to similar iconic films of the period such as ""The Haunting,"" ""The Innocents"" or ""Black Sunday,"" The film is a fine early effort of Italian director Antonio Margheriti. It stars 60's scream queen icon Barbara Steele and features a well written screenplay by Sergio Corbucci about a sceptical writer (Georges Riviere) who, on a bet, spends the night in haunted house and unsuspectingly becomes part of an annual ongoing ghostly story. The hypnotic Steele is well cast as the ghostly love interest - as is Arturo Dominici as Dr. Carmus, and Margarete Robsahm as Julia.<br /><br />Many of the tricks Margheriti employs to create the film's eerie atmosphere (cobwebs, creaking doors, fog, etc) are bound to seem cliché to a modern audience, but they work far more effectively in black and white than they ever could in modern day colour. Rather than using body counts and special effects, the film creates scares the old fashion way, relying on a good story, stylish direction, fine set production, interesting camera work, and strong acting performances. Margheriti does a marvellous job taking these elements and building the film's suspense as the horrifying paranormal secret of the house gradually reveals itself to the unwitting writer.<br /><br />The film is not without faults. The pace drags at the beginning of the film (ironically, the 20 minutes I originally missed). This is probably worsened by Synapse films effort to restore the film to its original length. Though fans will likely appreciate the chance to see the film restored - in terms of the intro - it may have been more of hindrance than a help. The English voice dubs are merely passable and, in the restored scenes, the language shifts from English to French (English subtitles provided) which is sure to be annoying to some viewers.<br /><br />However, Synapse Films deserves kudos for the quality of the print. Clearly some effort was put into its restoration and deservedly so.<br /><br />I enjoyed the film immensely and highly recommend it to aficionados of 60's Italian Goth films, or anyone who enjoys a good ghost story.<br /><br />Rob Rheubottom Winnipeg, MB Canada",1,24594
379,"When I was flicking through the TV Guide, and came across ""Twisted Desire"" on the movie section, I read it's description. Three words caught my eye ""Melissa Joan Hart"" ...I find her role in ""Sabrina: The Teenage Witch"" absolutely vile, I hate those kind of programs, so I was just thinking that it was going to be a boring old, love story starring her...Little did I know.<br /><br />It finally started on the television, I had my bucket ready in case I were to puke over it's cheesiness or soppiness, you know what I mean. At first, you think she's just a nice, ordinary girl who's in love, but has mean parents. Then when you find out she's manipulated her boyfriend into killing her parents, so she could be with her TRUE love, you're like ""Whoa"". You just don't expect this sort of role for that sort of actress. She played her role very well in my opinion, I never expected her to be able to act like such a bitch, and voilà, she did it perfectly! Congrats to her, the movie was very good, I'd definitely watch it again and recommend it to others.",1,24659
380,"i got to see the whole movie last night and i found it very exciting.it was at least,not like the teen-slasher movies that pop out every now and then.the search for the killer and the 'partner' relationship between the hero&the so-called bad guy was parts i liked about the movie.also,i remember once being on the edge of my seat during a specific scene in the movie.i mean it's exciting.maybe some time later,i might watch the movie again...",1,24724
381,"This was obviously the prototype for Mick Dundee but 'The Adventures of Barry McKenzie is funnier. I was amused throughout and laughed out loud plenty of times. Terrific central performance by Barry Crocker in the title role, an Australian who invades England to upset the poms with his free-flowing uncouth ways. Few Brits will be upset by Barry's frequently cruel observations on his hosts. The relationsip between the two countries is prickly but friendly and this is highlighted by the film's final line, delivered by a somewhat reluctant McKenzie as he boards the plane home. ""I was just starting to like the poms.""",1,24789
382,"I'm not sure how I missed this one when it first came out, but I am glad to have finally seen it.<br /><br />This movie takes place in and around the 19th century red light district of Okabasho, Japan. It tells the tale of prostitution, caste systems and women who are strong in a society based upon the strength of the samurai code of Japan.<br /><br />It is uniquely Akira Kurosawa! Even though he died before he could direct this movie, his adaptation of the screenplay shows. His view of the Japanese world and caste system is renowned and sheds light upon how these systems interact with each other. The characters may revolve around each other, but the caste system stays intact when each character goes back to the world they belong in. The samurai warrior who drifts into the good hearted and loving prostitute's world goes back to his life, while she embarks on a another road with a man who is part of her caste system..lowest of the low. Many prize the world of the samurai above all others, but yet, it is the lower caste inhabitants who can support each other and who can love without restraint. The samurai in this movie turns out to be the weak one, while the classless lovers prove to be the honorable ones. <br /><br />The movie deserves a higher rating. It is a tale of survival of women in feudal Japan. During this time frame, men were thought to be the survivors..the strong ones while women were thought to be just mindless and weak property. This movie highlights the strength of Japanese women and how they did what they had to for survival, and how their strength enabled the Japanese culture to continue on as it has.<br /><br />I recommend ""The Sea is Watching"" to anyone who is a fan of Akira Kurosawa and even if they're not a fan. It is a lovely, quiet and soul sustaining movie, and one to be treasured for any movie collection.",1,24854
383,"If you haven't already seen this movie of Mary-Kate and Ashley's, then all I can say is: ""What Are You Waiting For!?"". This is yet another terrific and wonderful movie by the fraternal twins that we all know and love so much! It's fun, romantic, exciting and absolutely breath-taking (scenery-wise)! Of course; as always, Mary-Kate and Ashley are the main scenery here anyway! Would any true fan want it any other way? Of course not! Anyway; it's a great movie in every sense of the word, so if you haven't already seen it then you just have to now! I mean right now too! So what are you waiting for? I promise that you won't be disappointed! Sincerely, Rick Morris",1,24919
384,"I was expecting this to be the same kind of schlock as the previous Modesty Blaise movie, which is why I left it unwatched for so long, but I was very pleasantly surprised.<br /><br />Far from being a succession of silly gun battles and car/boat chases, it was an almost thoughtful analysis of how a pretty girl gets to become as hard as nails, with nothing being overstated or over-rationalized.<br /><br />It's likely that the budgetary constraints actually helped with that: less time and effort was spent on finding ever-stupider ways for stunt men to pretend to die, and more was dedicated to making the movie worth watching. Hell, the biggest gun battle takes place off screen -- and the scene where it is heard is all the better for that background noise, that adds to the suspense -- who's winning? Who's dying?<br /><br />Alexandra Staden might not be as drop-dead gorgeous as Monica Vitti, but few are, and she certainly has every ounce of class and fire that's needed to make the character work -- and the shape of her face, her hair, and her tall, slender body could have been lifted straight from the comic-strip graphics.<br /><br />Nikolaj Coaster-Waldau was the perfect choice for a Blaise bad-guy, in that he made the character interesting and enjoyable to watch -- even likable (and I doubt I'd consider taking on many brutal, psychopathic murderers as drinking buddies). I can't think of a single one of Hollywood's ""former waiters"" who could have pulled the role off that well.<br /><br />Fortunately, Blaise baddies always die, in the end (no spoilers there!) That's a really good thing, because all the girls who would have spent their time swooning over such a disgustingly handsome and interesting hunk can now pragmatically settle for us ordinary Joes.",1,24984
