label,text,new_label_star,sentiment
0,"The boss trying to sell me something they want to sell, which sucks. And the food is very low quality in all the Korean restaurant. I have had. Donot come here in Uiuc!!!",1,n
0,"Walked in to the sight of the hostess and all the wait staff texting on their phones. Bartender said we could seat ourselves. Waited for about 15 minutes- didn't even get waters. There was more staff on hand than patrons, so there was no reason for any kind of wait. Poor service, total lack of professionalism... Went to the Mexican grill next door and had drinks in less than 3 minutes. I suggest going there instead!",1,n
0,"Worst customer service I've experienced in a long time. I was attending a meeting at ASU, when a Representative from Crave came in to clear out the pastries and catering items the conference contracted them to serve. When the Program Leader at the meeting asked the fellow a question concerning water; he replied with disdain stating \""that's not my job\"". When she further questioned him, he proceeded to answer her questions in a very antagonistic way.\n\nI had just bought a sandwhich from this place during our lunch break, but after witnessing this interaction, I have no desire to support a business that lacks a certain amount of professionalism. The sandwich was not impressive, so clearly I will not be missing anything over the next few days.",1,n
0,"I'm at Ulta often enough to receive membership rewards/gain steady points each quarter. \nI got an email for a free item on my birthday and decided to stop in yesterday. I was with my husband and being that it was my birthday, we were in good spirits and walking around the store laughing and having a good time browsing (not to the point where we were disturbing anyone). \nWell, apparently happiness in Ulta is the sign of a potential thief. \nWe were relentlessly followed around the store from about 10 minutes of us being there until the moment I went on line. It was obvious, unnecessary, and extremely rude. \nAt one point we were in an aisle looking at facial cleaners (which come in LARGE BOXES, hello!) and an employee walks past us saying nothing, then parks herself at the end of the aisle, as if she were guarding us. \nI move to another aisle to look at hair products, a different employee circled us, another pretended to be reading a sign... (really guys?) It was so over the top and the opinion of us was so apparent that I started to feel very uncomfortable and could no longer shop around. As we were walking from the back of the store toward the front, what looked like a supervisor/manager sees us coming, and (I kidd you not) turns her back to us and starts a fake conversation with another employee, as if she's a customer looking for hair color. \n\nIt was so odd, I've NEVER been treated like that in a store before. I really don't know what the hell they based their assumptions on, aside from appearance (I have a more \""alternative\"" look)? \nI can't say I'd ever return. \n\nWorth mentioning- their Ulta brand items have not been FULLY re-stocked for going on a year now! I have no idea what's going on with that, but I noticed it in DECEMBER that the entire section doesn't seem to be replenished at all...and it's always a mess. Yesterday it was the worst I have ever seen it- there were used napkins from someone wiping makeup off their face and they were scattered all over the counter! Disgusting.\n\nHow about instead of harassing customers, pick up a goddamn garbage bag and clean up?",1,n
0,"Upon getting the rental car we asked Nick (the day's manager it seemed like) to note that there was a fair size dent in the middle of the hood.  His reply was that it was less than 2\"" and not to worry about it.  We still requested it be noted but apparently he did not.  At least he was decent enough to mention his name so I knew who to refer to upon returning the car.\nHowever, upon returning the car I was questioned about the dent on the hood and Nick was nowhere to be found that day.  Now don't get me wrong I didn't get charged extra for this but the idea that I was treated like a criminal when I had done nothing doesn't appeal to me.  Especially since I kind of expected this would happen and tried to prevent it from happening by requesting it be noted in the first place.\nIt just seems like the left hand doesn't know what the right hand is doing at this joint.  If TRULY I wasn't going to be questioned about the dent then Nick was right about not noting it down (even though we requested it) on the paperwork.  If, however, I will be questioned about it, it needs to be addressed up front.\nThe manager of the day when I returned the car was catty and had extremely poor PR skills.  She was snippy and sourly and suddenly walked away from the whole interaction when asked for her name.  One of her 'underlings' finished the transaction she quickly inflamed with her pour attitude and lack of customer service.  I felt sorry for the poor guy for having to work for someone like that.\nOn another note, I truly despise the fact that Enterprise has decided to rent cars with gas tanks nearly empty.  At least other places like Budget always ensure you have a full tank, a great service.  There is nothing I loathe more than picking a car with little fuel then having to judge how many gallons it will take to fill it back up to nearly empty, always a juggling act.",1,n
0,"RATS!!! See the manager's 'appology' , Hell,he didn't even visit our table on our less than acceptable experience and he never followed up on his promise via e-mail to take care of us with a discount next time we come in. We still haven't received anything even though I gave him our address. Apparently they could care less although they feel a need to do the requisite \""lip service\"" giving the illusion they are concerned. I've been coming here since they opened the Ahwatukee location and it was a favorite haunt for drinks after hitting 18 at Ahwatukee CC. No more for me, my family and anyone else I remember to tell about our experience",1,n
0,"NEVER TAKE YOUR CAR HERE!!!\n\nThis place is a complete rip-off and has the WORST customer service I have EVER come across.\n\nWe went there and asked what package we needed in order to have the interior of our new car cleaned out. (not shampooed, just the seated sprayed off and wiped) We were told to get the $39.00 VIP package, and it would take care of cleaning off the front and back seats. Not only did the wash on the outside look horrible, they barely wiped down the front seats, doors, and dash, they also didnt wipe anything in the back. I had to argue with the manager for almost 10 minutes about wiping down the back, that took him a whole 2 minutes to do, and it was still so half-assed that I had to do it myself once I took the car home. We paid $39 for what would have been the same wash as the $7 was.\n\nI had then taken my car in for detail since I had received a detail job certificate from a friend a couple weeks prior to this fiasco, and being there are no refunds on detail jobs, I had to take it in or lose the money. So, this past weekend, it went in. They took 5 hours to detail the car. I was expecting it to take between 3-4 like they had originally told me, but, that was just the start of the frustration. I paid to have the car detailed with a clay bar to remove swirl marks and find scratches. There are now more swirl marks on my car than when it went in, not all of the wax was removed, so I had to use my microfiber cloths to remove it myself, I specifically said that I DIDNT want any armorall or leather conditioner on my interior, and to just clay bar the outside, they didnt listen to that, so I spent 30 minutes wiping greasy armorall off my interior and leather. I told the manager that I was completely dissatisfied with the job that was done, he refused to give me any money back and said I would have to bring it back for them to do the job again. I will NOT take my car back to have more damage done for another 5 hour job. I could have purchased the stuff to do the job myself in about 2 hours of time and had it done right.\n\nPlease head this warning and DO NOT TAKE YOUR CAR HERE! terrible wash, and even worse customer service.",1,n
0,"I agree with everyone else that has said their customer service is basically nonexistent. It's a miracle if you can a clerk anywhere in the store besides at the cutting table or the lone clerk at the register and when you do ask a question they look at you like you are speaking and a foreign-language. I've been told, \""No we don't have that,\"" and then have come upon exactly what I asked about........  WHO's MONITORING THESE STORES??????",1,n
0,"It's extremely doubtful we'll ever go back!  Nope - Not - Decided!  What was wrong?  A bit of everything!  First off, my seat had a \""butt crater!\""  Normally I would have asked for a different booth, butt (ha,ha) we had waited the better part of 40 minutes, we were hungry, and there were no available tables in sight.  So then I had to make a decision, sit \""in\"" the crater or balance myself on the \""high part.\""  As if that wasn't bad enough (it was,) the downward spiral continued: the smallest salad you've ever seen served in a \""papa bear's\"" size bowl, the up-charge for a cup of soup when substituting for the salad (nearly full price,) and then it's watery and tasteless, an appetizer that looked much better in pictures, and entrees without taste and texture!  For the two of us, it was an $80 disappointment.",1,n
0,"Wow, what a horrible experience. So bad that I had to cancel my reservation for my stay on the way back.\n\nI stayed here with my two children for one night in March. We got in kind of late and checked in around 9:30 pm. Check-in was fine. We let the clerk know we needed a ride to the airport in the morning and it turns out that you can leave your car there if you're planning to stay on your return trip and the stay is 14 days or less (I asked after a friend informed me you can do this--beats paying for airport parking!). We were flying to Hawaii and would be gone for 10 days, so this was a good deal.\n\nOur room was on the ground floor and was not nicer than a Motel 6 as far as I remember Motel 6s being from when I was a kid. It was hot and humid in the hotel so I turned on the AC. That clanky piece of crap managed to wake me up every single time it went on during the night. A HORRIBLE night of sleep.\n\nTo make matters worse, there were a bunch of college-aged drunk kids staying in the hotel who showed up around 10:30 pm. They hung out right outside of my door and were up and down the stairs laughing and being obnoxious until 1 am. I typically am not shy about sticking my head out the door and telling people to be quiet, but since I was alone with my kids, I didn't think it was the best idea. I called the front desk around 11 pm and they said their driver (who doubles as security) would drive back there when he returned from the airport, in about 20 minutes. It was not 20 minutes, that's for sure. Considering we had to be up at 5 am, waiting ANY amount of time was infuriating. They should have had someone on the premises who can act in the capacity of a security guard or something. I heard the van drive by around 1 am and that's when the inconsiderate a-holes finally went up to their rooms.\n\nIn the morning (at 5 am) I couldn't help myself and as we were heading to the front desk to catch the shuttle, I knocked loudly on one of the doors of the worst offenders and called them jerks. Passive aggressive, I know, but whatever. In the lobby, while waiting for the shuttle, I heard other guests complaining about the loud jerks, too.\n\nThe shuttle ride was fine; the driver was a nice guy. There was no way in hell, though, I'd be staying there on our way back. I was worried about my car the entire time we were gone and I didn't cancel my reservation until the day we were supposed to leave HI and stay there again. We got into PHX around 10:30 at night and we waited for the shuttle with about 5 other guests who were staying there. Shuttle after shuttle came for other hotels and ours didn't show up until 11:20 pm. I didn't want to draw too much attention to us since we weren't planning to stay so I didn't complain much. When we got to the hotel, I tipped the guy well and we booked it to the back of the hotel to my car. Thankfully, my car was fine and we made the 10-15 minute drive to a much nicer place--the Hilton Garden Inn. That place cost about $80 more and the AC was still not very quiet, but the hotel was quiet and I turned off the AC and surprisingly wasn't hot. Anyway, that's another review.\n\nI will NEVER stay here again. Ever.",1,n
0,"I hate giving out one star on here but in this case I feel like it's deserved.\nI've taken mine, and my bf's, cars here pretty much since we moved to Vegas last summer. The last time I took his car they managed to suck up the rubber discs on the bottom of his cup holders. I didn't notice it at first but about half way home I did and gave them a call. They told me that they would look for them and call me back. After about a week I had to call them back, once again I was told I would get a call back and of course I didn't. Finally I was told that they never had a chance to look and that the vacuums were already emptied and then was hung up on. The awful customer service will keep me away.",1,n
0,"The Monument was one of three courses I played while trying to get away from the Chicago cold for a week in late March 2014.  For the money I paid, the best way to sum it up is that it still beat a good day in the office.\n\nThe course staff was friendly and courteous, and we played in about 4 hours, which is about 30 minutes faster than time par, but that may have had more to do with a 2:10 pm tee time on a Monday afternoon, so the course was pretty empty.  You do get a feeling that you're golfing in the middle of a desert, but I don't feel that the course was anything special as far as being picturesque.  The only time I felt like taking a picture was on the third hole, which had the Monument rock in the middle of the fairway.  I did like the sand in the bunkers.  It was actually sand, as opposed to rock (admittedly I wish I didn't have to discover that; fortunately I only experienced two of them).\n\nThe greens were horrible.  I have no doubt I could find a smoother putting surface on a Chicago city street during pothole season.  I've never seen so many bumps and jostles between the ball and the hole.  My playing partner was affected more because he was generally left with longer putts than me, but on at least 6 holes I watched him miss a putt because the ball bounced within 6 feet of the cup and subsequently fell off line.  On three others where he had long putts, I know his ball stopped shorter than he was planning on because of those bumps.  The wind affected my shots enough that I often had to chip and putt, but the bounciness of the greens cost me strokes with the putter as well.  I'm glad I had to chip and putt, because given the condition of the greens, that probably saved me from multiple 3-putt holes.\n\nI feel that the only reason the price is justified is so they can run the animation for the course flyovers on their website.  This is NOT a course I will play again when I come back to Arizona.  The course I played earlier in my trip, for half the price, had smoother greens than this.",1,n
0,"I know that some People really love Dr. Wilson. That is why I went to her in the first place. I have tried to wait awhile before reviewing this, so my anger would cool down.\n\nSome people that work in her office are nice. Especially one of her nurses.\nI cannot remember her name,but she is older and blonde and perhaps German. She is the best person that works there.\nThe rest that work there all act as if they are doing you a favor by being there.\nThe worst is Shannon. She is beyond rude!\nI had surgery with Dr. Wilson about 6months ago now. I had the worst treatment of my medical life from this Shannon. Everyone I have ever talked to about this and has had dealings with her has said the same thing.\nMy pain medication was never discussed just given to me (in prescription). When I asked about not having heavy pain meds, Just perhaps a relaxer. She actually started raising her voice to me and refused to explain anything.\n\nWhen I did have the surgery, I went to the Piper Center. They were wonderful Thank you Jesus. I do not know what I would of done if everyone had treated me the way I was treated at Dr. Wilson's office.\n After my Surgery, the Dr. did not speak to anyone in my family about it. To say if I was dead or alive, nothing. They were all there in the waiting room.\nThey saw her sail out the door and never return.\nNot only did she not come to see me and check on me in the hospital the next day, she sent no one.\nWhen I asked the nurses when the DR. was coming so I could go home. They said she is not, she does not do it that way.\nNo one ever came to see me, no one ever called me, or emailed ,or sent a letter, Nothing! I had a serious surgery as well.\nMy dentist called me the day after a crown to make sure I was alright!\n\nWhen I went back to her 6 weeks later, I said no one ever came to see me, or call me to see if I was alright. She (the Dr.) said we do not do it like that.\nI understand that she is good at what she does, but no bed side manner here at all. Her staff is the same way. \nThey treat you as if you are a Welfare case. Which of course I am not, everything was paid for in full.     But, no one should be treated this way for any reason.\n\n\nBefore I was even dressed from the exam, they were in the room preparing it for the next Victim. That happened 2 times! On 2 separate visits! I am not kidding about that at all. Just walked in the room 2 of them with the door open and started getting it ready.\n\n\nI do not care how good you are, you cannot treat people like this. I would NEVER recommend this office to anyone. You would have better treatment at the VET!",1,n
0,"This review is not in regards to the food. It was very good, I liked the egg rolls and the orange chicken tasted very authentic. Although, my boyfriend and I sat down and the server mentioned something we couldn't quite understand as we sat he came to mention how handsome my boyfriend was? Thanks but making a pass at my boyfriend with me there is not only rude but awkward. Then proceeded to say I have to say you are beautiful because I told him he is handsome. Well thanks for the not needed added comment. And for hurting my feelings.",1,n
0,"I have been getting mani/pedi's for the last 30 years and this was by far the worst I have ever had.  First, I have nevery had a 10 spa pedicure, this woman was so fast and had no attention to detail.  It wasn't like there was anyone else in the place.  She spent almost no time on my feet with a pumice stone, maybe three seconds per foot unless you paid the up-charge for the callus remover.  When I got home I clipped my own toe nails straight as I think she was trying to make them in the shape of a mountain range.  Next time, I will go back to my pretty little nail salon on Northern and 12th and drive the extra couple of miles for a fantastic mani/pedi.",1,n
0,"I wanted to like this place, but honestly only because of the sushi chef Ramon, who was flirting with me while I was dining solo after work and even tried to give me free food (cooked salmon ribs). Unfortunately, I got puking sick immediately after leaving this place and considering I only had 2 drinks and I'm not a lightweight, I can only blame the sushi. I suppose I should have known something was up when the yellowtail didn't have that signature taste I love so much and the salmon seemed to have a filmy texture but as I said, Ramon made me want to like this place. The portions were huge but in addition to my horrible aftermath, I found the selection of fish and rolls to be limited (no bluefin toro or shiro maguro) and my waitress was very inattentive.\n\nI'm sorry Ramon but I will not be coming back to see you.",1,n
0,"We stopped by at about 5PM on Wednesday for dinner. My wife and I both ordered a single burger with baked potatoe and drink. The burgers were great, the drinks are Coke, now the baked potatoes, they were old, discolored and cold inside, very nasty. They appeared that they could have been even from the day before, not many places have baked potatoes but none would be better than bad ones. I would even wait the five minutes it takes to Nuke one rather than what we were served. One more chance and Wendy's will be off our radar screen.",1,n
0,I will never go back to this pei Wei again.\n\nEvery time I go I'm disappointed my noodles are sticky and soggy etc,1,n
0,"My wife and I have enjoyed lunch at Luke's just  about every Saturday since we met in 2008. She introduced me to Italian beef and is a native of Chicago. We first visited one of the two in Tucson and then alternated between the three -now one left--in the Phoenix area. We normally split an Italian beef; extra beef, cheese, sweet peppers, dipped; two extra crispy fries and an order of their homemade, batter dipped, onion rings. The food is awesome and I've had many of the items on the menu. The down side is the service. Now, I don't need the staff to be all happy and smiley but politeness and customer oriented I do expect. The owner and employees seem to be bothered by customers coming in to order food. A son of the owner of the Phoenix area restaurant(s) ran a place in Chandler, it was very nice and consistently packed with a  steady flow of customers and pleasantries from the staff. Not sure why papa didn't want junior to succeed, especially when his old man and brother own the two in Tucson. Seems you would want this to keep going with the family and be proud of a the legacy.  Anyway the Chandler store was closed without a word to the steady customer they knew by name and order. Then the same thing happened to the Scottsdale location. Showed up one Saturday and the place is empty and up for lease.\n \nSo, for food the rating would get all 5 stars from me, but the service leaves a bad taste in my mouth - pun intended. Still we come back every other week and search frantically for a quality Italian beef elsewhere.",1,n
0,Omg. What the heck happened. I used to come here all the time for several years. It was $7.00 a haircut. Then I come back after a few months away and now it's doubled to $14.00! \n\nThe haircuts are so so. Average stylists. It's what I would pay 7 bucks for. Not 14.  With that price I'd rather go somewhere else. \n\nWay too expensive for what you get.,1,n
0,"If you want to end up in a lawsuit, either with the property management company or with your tenant, then hire these guys. \n\nThey hire their own contractors and take HUGE kickbacks from them. To paint a 10 ft x 12 ft wall = $1000! Is this a joke? guess what i found out after digging, the painter was a 'good friend' of the property manager. THey actually had pictures of themselves drinking beers on the weekend (facebook). \n\nThey still owe me over $1200 and cost me over $7500 because of their issues. \nNEVER AGAIN. \n\nDO NOT HIRE THEM.",1,n
0,They are rude tell you nothing and just leave you there. I need to drop off my car and no one talked to me for 20 mins they.,1,n
0,"I had a problem with my 2004 Mercedes and told them the display on dash had 2 error codes. I had tried to replace the turn signal and  damaged the clock spring behind the wheel, which I explained to him. They held it for one day and didn't get to it. I brought it back on Monday and they called me and said it needs a clock spring and a turn signal.The cost would be over $900. I thought that was high. I told them not to do it ,so they determined it would cost me $290 for their trouble and nothing was done. I called a week later and just got blown off.    My opinion is to go elsewhere.",1,n
0,"The courtyard rooms needs to be teared down.  Old and outdated worse than a motel, dirty carpet, old 27 inch tube tv, tiny corner shower ( shower head tries to mimic overhead style but it's a big failure....my head can hit the shower head if I tip my toes and I'm only 5'11\""....the ceiling is 2-3 inch above the shower head and with poor ventilation the water collects on the ceiling n drips on u) \n\nNo tissues boxes, no coffee maker, old squeaky spring beds.\n\nThis place needs to go ASAP",1,n
0,"I used Galardi's for ~ 4 months when I first moved to Pittsburgh. I've since changed cleaners. I think Galardi offers great service for pick up and deliver dry cleaning in the downtown area. The owner is actually a nice lady; but, after nearly having 3 shirts ruined I decided enough was enough. \n\nI think their delivery guy is a huge part of the problem, I actually like the owner, but I can't keep having my clothes messed up and not have anyone take responsibility for it. I wish I could tell people to go here but I can't do it in good conscience.",1,n
0,"The management of this restaurant has no idea what customer service is about.  The staff made a commitment concerning a promotion they were running.  The manager reversed the commitment a t the end of the meal, and was very rude about it, as well.  This used to be one of my regular favorites, but I will not set foot in this place again.  A letter to the corporate office in Colorado was ignored.  Red Robin sees its customers as a wallet and an open mouth - no more.  Do yourself a favor and go to a restaurant that values your business!!!",1,n
0,"We were starving and headed downtown for a concert and decided that BBQ ribs sounded great. I remembered that I had a an old groupon that I had bought so we decided to try it. When we first walked in it did seem a little ghetto but I know sometimes smaller places are better. We ordered a full slab Of pork ribs and 2 drinks. It came with 2 sides an with tax was about $30. My groupon was for $20 but was expired so I thought I would only get the amount I paid, $10. The only positive thing about our experience was that they honored my groupon for the full $20.\n\nThe cashier was not polite at all, not wanting to even take my groupon at first. You could tell he didn't want to be working.  Another employee was sitting in plain sight eating a large plate with no manners and looking gross. I went to get some lemonade and it tasted like water so I dumped it out and got root beer. About 10 min after we sat down they called our number but only to say that they were out of ribs! The place had 2 customers on a Friday night and the special was rib tips..but they only had chicken! They offered an extra side but no change in the price... Then while we were eating I heard another customer who had come in long after us, being old that they were out of ribs and the customer was upset that he had already paid for ribs too! I don't understand why they were letting people order and pay for ribs when it was clear they knew that they knew they didn't have any! \n\nWhen we got our meal my husband took one bite and said he hated it. the chicken was dry, bbq sauce tasted like metal and the red potato salad seemed like the kind you get in bulk at a grocery store. The fries   Were ok so thats all he ate. I liked the bbq sauce but the chicken was super dry. our friend ordered a chicken sandwich an the bun fell apart as she picked it up. She took one bite and said it was gross and didn't eat any more of it. \n\nIf we had to pay full price I would have made a big scene but because it was a groupon and were just trying a new place I let it go but we will never go again.",1,n
0,"Although I've never played this course, I give it one star because of their 48hr cancellation policy. If you are an out of town golfer do not book at this course, because if you can't make your round for any reason you WILL be charged regardless. \n\nYou've been warned.",1,n
0,"SO ANGRY! I will note that, for a chain, outback is pretty good. Sadly, chandler blows. I am so angry and I want my $34 back. \n\nI ordered curbside to go. Please understand that you have to give them the make, model, and color of your car. So I ordered and it said online it would be ready in 20 min. I got to outback in 18 mins. Thought that was great... \n\nWhen I got there, the 4 \""to go\"" spots were taken - one by a car which had no driver and was clearly not waiting for food. I parked in the very next spot - no to go sign, but right next to those. Left car on, lights on, watched, waited... Nothing... For 41 minutes. At that point I thought, they know what I'm driving, they know they have food sitting in the kitchen getting cold, it can't possibly be that I'm one...parking...spot...over... Can it? So I back up my car and park on the OTHER side of the douche that took to go parking. I sh** you not, 4 seconds later a server brings my food. I dressed her down asking why she left me out there for 40 mins when she knew what I was driving and the spots were full, she meekly said I parked in the wrong spot. I am still pissed at her. Great customer service. Moron. \n\nGot home, guess what? My medium rare burger is now well done, stone cold, and inedible. My husband's med rare steak is med well and also cold. This particular outback owes me $34.\n\nDon't get curbside here. The waitress decided not to pay attention, then not care after I called it out, management didn't care, and the food blew (though it was probably correct when they bagged it - I doubt it's the chef's fault). Go to McClintock and Southern. They actually give a sh** about their customers. \n \nBTW, if outback management reads this, I hope you talk to your staff about looking at the CARS you expect, not zeroing in on a spot. I'm starving, ripped off, and angry. \n\nAnd I still want my $34 back. We're not all rich.",1,n
0,"My issue is with Dr. O'sullivan. She's straightforward, no sugar coating, no emotion, no small talk, just strictly to the point. That's usually not my go to type of doctor but besides the personality factor I didn't have any other reason to switch at the time. \nI guess I should have gotten worried when she prescribed Zoloft for me because I was \""depressed\"". I've never been treated for depression nor had any other doctor ever bring it up. I was young, unmarried, still in school and pregnant with horrible morning sickness. Would you be thrilled? I did not take the Zoloft, which now has a huge law suit for birth defects! She also wanted to give me zofran for my morning sickness which I refused to take as well. \nI went into labor at the hospital at 8pm and dilated until about 4 am that morning. Dr. O'sullivan didn't show up until almost 6am. My daughter sat in the birth canal so long that when she was born she was not breathing. My heart dropped when I didn't hear my baby crying. What did the doctor do? Nothing! Absolutely nothing. She stood there looking so confused. The nurses ran the baby over to the table and called a code. Other nurses literally ran in and revived my daughter getting her to breathe. Dr . O'sullivan did not even touch my daughter once while all that happened she just watched. If it wasnt for the amazing staff at good Sam my daughter would not be here or may have had long term effects. Even worse is that the same thing happened to my cousin. Dr O'sullivan was her OB and took a very long time to show up at the hospital as well. My cousin had already had two children so she knew the risks of waiting and told the hospital she's not waiting anymore so go get the doctor on staff. The dr at the hospital delivered her baby with no problems but just imagine if she had waited for Dr. O'sullivan to show up what could have happened.",1,n
0,R.I.P. Pats Pizza. So sad we have lost our neighborhood eatery to self demise. After eating from Pats for years with an occasional disappointment my last 3 delivery orders have been inedible. Good Bye and RIP.,1,n
0,"I had experienced first hand why it's not a good idea to slide down a banister drunk, and cracked the crystal on my favorite watch. After finally getting around to getting it fixed, I contacted The Watch Repair Company:\n\n12/12/09: I call the shop asking about a price quote and ETA on when it would be fixed. I'm told it would be $20, and it would be finished Wednesday (12/16/09).\n\n12/23/09: Almost a week after I was told the watch would be fixed I call the shop. I am told that the watch is not finished but it would be the next day (12/24/09, a.k.a. Christmas Eve). Surprised that he would work on Christmas Eve, I am told the watch would be ready between 1-2pm. \n\n12/24/09 3:01 PM: I call the shop, and am told that he just needs to get the watch put back together but it would be ready by 4:30. Frustrated I let him know I would be there at that time.\n\nAfter The Watch Repair Company had fallen through twice, I was starting to get pretty frustrated with their complete lack of contact or clarity on when my watch would be fixed. The only guy that runs this place is almost completely impossible to understand, mumbling  in sort of a primitive way. No matter, I was especially excited to have my watch back.\n\n12/24/09 4:30 PM: I walk into the shop and let him know I am there to pick up my watch. He pulls it out of a sleeve mumbling \""I got it cleared on out, I can give you a call when the crystal comes in,\"" and hands me the same exact thing I had given him two weeks ago. The crystal was still cracked. After all that, nothing had been done. I am completely speechless, grab the watch, and head for the door. He mumbles \""There's no charge on that.\""\n\nI still have no Idea what to say. What a complete waste of time. I have absolutely no idea how this place is still in business.",1,n
0,Don't go here at all even for an oil change. Went in for an oil change and they were trying to sell me a new water pump because mine was bad. Took my car down to the dealership and it checked out okay. Word of advice before getting anything done by Midas make sure you double check else where!!,1,n
0,"Dirty, dirty, dirty and NOT a happy camper. \n\n1.) Our waitress Laura was great. Let it be know I'm not taking this review out on her. Service was good but after we placed our order it took them 30 minutes to get out two burgers. When our food arrived our french fries were cold. I sent them back and got a fresh basket...finally warm food. \n\n2.) There were tons of orders just sitting under the heat lamps but weren't getting to their tables. I observed some orders sitting under the lamps for 20+ minutes. Do you not have food runners? Unacceptable. Especially when I see a staff of over 20 people running around the restaurant but no one picking up food.\n\n3.) This place is filthy. My wrapped silverware was dirty and had pieces of food baked on it. Wait thats not all, here's the cherry on top- as I'm waiting 30 minutes for my food to come out, I turned my attention to the expediter. I observed this young girl, wearing a hat but with bangs hanging in her face with no gloves on. She was lifting up the bun and patty on every order that came out to see what the order was (I'm pretty sure that's what the tickets are for) and then she'd take her hand, push her bangs out of her face or play with her hair and then go back to touching the burgers. Are you kidding me? I asked for a manager so I could express my concerns to him and a gentleman named Ryan came over. He didn't seem that concerned with what I was telling him. After seeing the disgust on my face, he got up, told her to wash her hands and then put gloves on. It did no good though because then she just started playing with her hair again WITH the clean gloves on. \n\nNeedless to say, I will not be giving this establishment, who serves mediocre food at best, my business again. And based on other reviews of this restaurant, I will be placing a call to the SNHD. Disappointing and absolutely appalling!",1,n
0,"used to be a decent place to go play pool, watch the big game and enjoy a few beverages... has fallen hard recently- food is bad, service is worse. no thanks",1,n
0,"With a group of friends,we went a few days before christmas. Food was great, A+ !!! Me and my neice ordered a main course while everyone else had appetizers only. We told the waitress that. She would not take our 2orders until everyone else was finished eating. We sat with nothing.Only then she took our 2orders while everyone else was done.Waiting another 45 to 50 mins to get our 2dinners and eat while the rest of our group had been finished for over an hour. I thought this to be quite ridiculous.  Food was GREAT but our waitress was a different story. She did NOT get a tip from any of us. On the way out the manager said \""oh we're sorry\"". None of us will be returning.",1,n
0,"Horrible just horrible. This is for a to go order. First off, the wings we ordered were all too salty. It really tasted like it was thrown in a bucket of salt! I was so disappointed. We had ordered extra sauce and veggies and ranch and did not have any of it. When we called in to let them know, the first person to answer was so rude! We were trying to explain what had happened and he cut us off and said do you want to speak to someone. And then just transferred our call. Disgusting! To top that off the manager didnt quite seem all that caring about our bad experience. Will never go here again if they dont change the attitude!",1,n
0,"Dont take your car here unless you want to be charged for services you DID NOT receive. I took my girlfriends car there to get her fuel pump replaced. After the tech lectured me for about 10 min about the importance of not driving your car on E (duh, I know, not my car, my girlfriends) they charged me 25 bucks for gas. Ok, cool I thought there is 25 dollars in gas in the tank.. SCORE!!! Nope, the car was BONE dry and on E. I asked the manager for a refund and he slaps 10 dollars on the counter. I said \""nope that will not do, I either want 25 dollars in gas or a 25 dollar refund\"". He then offered me a free oil change. Really?? Do you think I would bring my car back for an oil change after being ripped off for 25 dollars in non existent gas. I dont think so. He called the manager and after a few minutes came back saying \""well, I dont know what you want me to do\"". HEY JACKASS, HOW ABOUT A REFUND??!! Nope, I know my techh put gas in your car. I handed him the keys and challenged him to drive up the road with me and back. Of course he would not take my challenge. Feeling defeated I politely left and told him that my business will be taken elsewhere next time.",1,n
0,"Planned to have lunch & a drink (alcohol) w/my dad & bf.  The server carded me (I'm 30!!!) , she \""I can't take this ID, it's vertical\"", when I gave her my (valid) license. I sat there till others were finished. Then I thought HEY! I have another (more recent) Government Issued ID! My Marijuana Medical License card w/my bday on it !! \n\nThe manager came out & told me... \""I'm sorry we can't take this ID either, *nervous chuckles*, we recently had a meeting on this, we cant take any of these ID's, sorry, I do believe that you're you. I know, I've been having the same problem cuz I'm 21 and I just had to get another license to make it horizontal\""\n\n\nI said, \""Are u kidding me? You won't give me a drink, even though you said u believe these ID's are me !?!! & my dad is right here.\""  \n\nThis is some bureaucratic bullshit!! WHY is Applebee's trying to FORCE me to go to the DMV, to get a 5$ license renewal, so it can be *horizontal* instead of vertical?!  Why the hell??? My card doesn't expire till 2049, whats the problem?\n\nApplebee's, even when I do have *the right* direction of license card,  you will NOT be getting ANY buisiness from me!!\n\nI ended up drinking water.",1,n
0,"I am a fan of the 500 club and often visit this course as a break in scenery from my home MVCC course.  Today, however, was by far the most unpleasant experience I have had at the 500 club.  I do not often play late twilight hours, but today, I was invited by three colleagues to play your course, so I obliged.  We arrived and checked in at 6 pm.  We purchased our round, ($28) and proceeded to play, or try to play nine holes.  For the most part, the round was enjoyable, despite not having any beverage or drink service in triple-digit temperatures, but that was not a concern for us.  What concerned me and why I am writing today is because of the rude manner in which we were treated trying to rush our round with approximately 1.5 hours of sunlight remaining.  They wanted to close up shop early and did not inform us of that fact.  After a certain time, only teenagers run the golf course and do not understand long-term market share or basic customer service principles, which pay their hourly wage.\n\nNevertheless, we were rudely escorted off to the club house and not even allowed to drop our bags off at the bag drop area.  \n\nI've heard of some pretty bad golf experiences with post-round play, but this one takes the cake.  Absolutely unacceptable to be mistreated in this manner.  We would not have mind if we were politely asked to finished or if we would rush our play to finish by 7:30 p.m., but instead, we were forced and guided back to the club house like a bunch of kids (all four of us are successful executives working with fortune 500 companies in Arizona).  More so, this would have been acceptable had we known to return the carts by 7:30 p.m.  Why would the pro shop employees sell us a round at 6 p.m. without informing us that the carts had to be returned at 7:30 p.m.?  To communicate the time expectation with two holes remaining in the round is absurd.  That important factorial is beyond me, but not the root cause of our complaint with this customer service -- it was the manner in which we were treated after receiving this new information and forced off of the course. \n\nSadly, I have been playing here for quite some time, but after my experience this afternoon, I will find it hard to return when there are much better courses in Arizona who will not only provide exceptional greens, but an exceptional experience in-and-out of the pro shop.",1,n
0,"This is for the grooming department.\n\nThe customer service here has always been sub par. sometimes we have brought our pup in for a nail trimming and he is done within a couple of minutes, which questions what they're exactly doing if he can be done in a time period that is less than a few minutes.\nwhat completely stopped us from ever going to this alleged \""pet grooming salon\"" is one particular miserable female who was going to shave our pup from head to toe due to a couple of matted areas on his body. she never gave advice as to why or what else can be done. obviously that was her plan because it was convenient for her, and not for us. the freaking customer.\n\nplease do not support this sad establishment and venture into town a little bit more and go to rufus dumonde pet salon.\n\np.s. other than the laughable salon and their miserable groomers, the store itself is decent with an excellent selection of food and toys.",1,n
0,"I come here often. Food is good and all but customer service is horrible. Specially over the phone. I made a pick-up order, got to the restaurant and one of my orders was not  included in the order. Girl taking my order implied that I did not order it over the phone. For the sake of argument I said it's okay just put in the order. She keeps implying that we didn't order it and that I am rude. I told her she shouldn't talk to their customers like that. She said she's been in customer service longer than I have lived. And kept saying I'm rude in Tagalog which is a Philippine dialect. Worst experience ever. And this was all happening in front of the manager and she just stood their. And did nothing. Very disappointed of the restaurant.",1,n
0,"I took my cat for a nail trim and I showed her the best way to hold her.  The nurse while holding her told me off saying that if there were dogs there that would not be safe for the staff.  There were no pets there but with her holding my cat I said nothing.  She took my cat back to the room and I heard her meowing sort of normal but then I heard her screaming which is very unusual for her so I ran back there and saw one tech on the phone and the nurse with a towel over my cat.  My cat did not know I was there but the nurse said that I was upsetting my cat.  Again, I said nothing because my cat was in her care.  Dr. Cruz came was behind me and intervened so I felt more comfortable.  One male asst came back and told me that it was normal for a cat to act that way.  Then Dr. Cruz came and told me about cats meowing when they get a nail trim.  I have had my cat's nails trimmed for years and I know her normal meow but not screaming plus I saw the jar of stuff they use when they cut nails too short.  What I think happened was they cut her nails way too short and hurt her thus her screaming meows.  I am so upset that I subjected my cat in this manner.  Never again will I go there!",1,n
0,"They FORCE YOU TO PAY 15% TIPS now automatic on bill \nWARNING: DO NOT GO to this place extremely ((((SUCKS)))))  DO NOT GO \n1) OVER PRICED ! talking about avg $15-$19 a dish in LA only $6-$10\n2) FOUND COCKROACHES swimming in soup s-h-i-t huh ????\n3)all waiters BAD ATTITUDE , not just 1 but all waiters so mean!! \n4)they automatic put 15% TIPS ON CHECK at the end, (I only have party of 3)\n5) Cash only so they can get away AVOID PAY TAX TO IRS but they charged us collected tax from us on check. TAX FRAUD business\n\nWARNING: DO NOT GO to this place extremely ((((SUCKS)))))  DO NOT GO",1,n
0,"I can't even give this place 1 star but Yelp requires at least 1 ton posy. Having recently moved here from OC, it's very difficult to find decent Mexican food at a sit-down restaurant and we were hoping to find a favorite cantina we could count on.\n\nAt first glance, the aesthetics held a lot of promise. Typical, familiar and nice restaurant layout.\n\nWe sat down and opened our menus- way pricey for typical cantina-style restaurant. 10.99 single taco with rice and beans anyone? The chips came... Cold and all broken pieces. Salsa was bland. Had to ask them to bring something hotter with flavor.\n\nI ordered a chimichanga with chicken; hubby had carne asada tacos ($15-ish each dish!) Food was terrible. Cut into my chimichanga and a ton of watery chicken (canned?) came leaking out. Rice was bland.  Carne asada tacos were tough and not well seasoned. The waiter asked how we liked it since my burrito was virtually uneaten. Offered to bring another type of dish out but I was over it. They should have offered to remove it off the bill but they didn't.\n\nTo top it off, we were subject to the LOUDEST trio of women (not drunk) behind us that drew dirty looks from everyone in the room. You couldn't hear anything except for their conversation and giddy laughter from taking selfie after selfie. Will NEVER go back to this place.",1,n
0,Never been here. Just tried to get a menu to place an order for an office.  I was told there is no menu on the web.  And that they can't fax me one.  So.... they don't want take out business??  He said I should come in. Then what - call back to the office for the orders of everyone.,1,n
0,"Nothing really to do with the service there but when I got gas an paid at the pump it charged my debit card $100 hold fee... I called an they said that's what the pay at the pumps there do, we'll post a big sign!",1,n
0,"I used to go to Sam Woo when it first opened and always like the bbq pork fried rice and the sliced bbq pork which were always good.  I had to give the place a break after trying other dishes that weren't so great, and also because they have been closed several times by the health department. I've gone there when they had a B rating, and turned around and walked out.  Keep your eye on them, I think you can find the latest restaurant ratings in the RJ.",1,n
0,"I love Dr. Deka, but could never get in to see anyone but her nurse practitioner, who missed some pretty simple things.  Sent me to two different specialists for 2 separate problems, both stated my gyn should have known what this was.  They never sent copies of my tests to specialists despite my calls and never reported back to me with test results.  Waste of time, sad I won't be seeing Dr. Deka but relieved I never need to see her nurse practitioner again!",1,n
0,"Leanna was the photographer at a wedding I was in.  Her assistant was nice, but Leanna came in with a bad attitude.  I felt she was extremely unprofessional.  All of my family noticed how rude she was.  I saw the proofs and they were ok, but I don't think it was worth putting up with her attitude.",1,n
0,"We ordered 2 couches from Lazy Boy and I am very unhappy with the quality of the upholstery.  Esp on the arms.  I have never seen arms with puckers in them before in my 50+ years.  I even had Lazy Boy out to look at them and the tech said that is the way they work and that I should push the fabric to take out the lumps.  I can tell with my untrained eye, too much fabric was installed.\n\nThe couch that faces out, also has spots underneath where the webbing is lose and can be visible.\n\nI will never order anything from Lazy Boy again.",1,n
0,"I thought I would try out this location after my previous auto shop had closed and hoped, being that AAA recommended it, it would provide good honest service.  \n\nHad an oil change/maintenance check done there and was please with the service.  But when I returned to have it looked at after the engine light went on, their \""diagnostics\"" test was going to cost $105!  And that wouldn't have been waived if I had the service completed there!  I had to pass....free diagnostics test are available everywhere, don't be suckered!",1,n
0,"Lacks Integrity, \n\nSo i was referred to Entegrity about a  consultation on possibly having surgery. My visit was  all of about 3 minutes where the doctor took a look and said that i might want to consider surgery. I opted not to do the surgery, and then got a bill for $744.00, of course my insurance paid half but i was on the hook for the rest. I called in and tried to qualify why i would have to pay for a simple consultation, the ladies at billing were matter of fact about what I had owed. $740.00 for a simple consultaion that took 2 minutes.\n\nI would make sure that you know what they are going to charge you before going into their office. I wonder if the insurance companies know that they are over billing when ever they can. \n\nComplete rip off. They should be ashamed,",1,n
0,"\""Worst meal I ever ate\"" says my 4 yr old daughter. My wife and I agreed with her. The wings were so overcooked, they were nearly impossible to separate the chicken from the bone.  Strangely enough, my daughter is keeling over in pain and my wife just puked 3 times, despite eating the most overdone wings we've ever had. \n\nThey total redid the interior and got rid of the fun arcade games my daughter and I used to play here. Instead, they run an insanely loud game that was so loud I couldn't even hear what my wife ordered. \n\nThe only redeeming thing was that the waitress was nice.",1,n
0,"This is the worst place ever for Chinese food. My boyfriend who is full Chinese couldn't even stomach more than four bites. The food was worse than Americanized Chinese. It smelled bad, tasted like greasy feet, and was just not fresh or hot. The price is cheap but I guess you get what you pay for.",1,n
0,We ordered from them mid day during the week for delivery.  It took 2 hours and our pizza was cold.  We were told by the manager that they would give us a free pizza.  We called back a few days later to order and there was no record of the incident.\n\nWe will never return.,1,n
0,"First of all , I only when there to see my Dr. who had moved over there from my old Dr.'s  office.  Something got mixed up with the appointment time and I had to reschedule.  Instead of setting me up with my DR. they had me see the nurse practitioner the next day, she is not a Dr. anyway she could not help me because she did not know enough about the issue I went to see my Dr. for.  \n\nShe told me she would not charge me for the visit because of that. However she set me up to come back for some blood work.  I came back two weeks later and they wanted to do some extensive physical I opted for the blood test only since that was all I needed.  I WAS charged for the first visit, and never did see my Dr.  Then I was informed that my Dr. had either left, or was sick and could not see me and there was no other Dr. that could help me with my issue\n\nI had to talk to three people there to have my blood test results sent to my old doctor, finally after being told by two people previously that they would send them, Amber in the billing department finally helped me, it turned out that I had to sign something which neither of the two people before her mentioned.\n\nMy test results would have NEVER been sent, tests that I paid for that revealed something was not right. l will be seeing my old qualified Dr. on Monday and will never be back to WFP.",1,n
0,"I used to frequent this place A LOT in middle school (or was it high school) well, I'm pushing 30 now and boy has this place gone down since then. I've stopped by a few times in the past years, but I'd have to say, this last visit will be my last visit. I stood in line for almost 45 minutes, granted it was busy, but holy moly! When I ordered my drinks, I made sure the girls understood it was a ToGo order so I didn't want a mound of ice on top to spill everywhere. She said she understood, but lo and behold, when I got my order, two big heaps of ice on our cups. Cool, easy fix, I scraped them off into a trash can, and off we went. Now, I understand, I used to come here all the time when it first opened, when they actually started out in AZ mills, but I remember when the cream was throughout the entire dessert. Nope, not anymore! Since I had to scrape off the tops, we were left with no cream! Boo! That's half the reason why this place rocks! But whatever, it's cool, kept eating, when I got a quarter down my drink I was disappointed to find dry, no liquid drenched goodness! Wtf?! By this point I'm pretty upset, not gonna lie. I dumped mine out to prove to my husband it just didn't seep to the bottom. I was right. Bastards! And then! To top it all off, I ordered the bahama mama Rama for my son, so it was supposed to be a treat to have the ice cream on the bottom, yup, non of that either. What the hell dude?! Way disappointed in one of my all time favorite places :(",1,n
0,"Came here for brunch one day, we were so excited to start off with a carafe of mimosas. Then, the excitement slowly disappeared as we waited on someone to come to our table and greet us...and we waited...and we waited. And nothing :(. When we left we told the hostess that no one ever came to greet us and she just shrugged. Unfortunate because we wanted to mix-up brunch! Looks like we will stick with Flying Biscuit! Can't go wrong there.",1,n
0,"They forgot a $3 bagel and when I call to inform the manager says it's no problem and to come back in the next day for a replacement. The next day I did that very thing, except the manager was not working and told nobody about the mistake. \n\nSo there I am the next day with a skeptical staff of employees thinking I am trying to scam them. They were getting ready to give me the shorted bagel after they asked me 5 questions, but by that time I was embarrassed in front of a crowd of people, which quickly turned into anger and I walked out donating to a company that does not appear to need donations.\n\nThere was another indecent a week earlier where I ordered a Bagel Strudel and got some hard stale loaf of something with nuts and berries in it. I ate 1/2 and threw it away and never complained.",1,n
0,"Tried to use a BOGO coupon and they \""didn't know how to do it\""........ Manager couldn't help either. The girls working there are less than stellar to be there and it shows. I think I have yet to find a decent sally's beauty in phoenix.",1,n
0,"We have bought almost all our plants here for the last many years.We loved this nursery. Last October we lost a big tree to a windstorm and Desert Gardens Nursery helped us choose a new one. Planted by the nursery, the cost was over $800 with a one-year guarantee. It threw all its leaves in early June and we tried calling the nursery for advice. We called daily for a week and left information and a return phone number. Two weeks later, we have still not received a call. Sadly we are finished with Desert Gardens Nursery.",1,n
0,"Let's face it, these places are not free. If you feel like you deserve to live in a place that is properly cleaned and maintained you will have to place a lot of work orders. Most apartments have managers who make sure the place is clean and well maintained. This is not one of those places. Filth and chipped paint is everywhere. There is no excuse. A 20 second slop a mop does not cut it.",1,n
0,Closed.,1,n
0,"All I can say is, you can find better tasting breakfast food at the casino buffets in town and for a much cheaper price too!  Try Egg Works, or elsewhere.  Although the restaurant looks clean, the servers are not.   I've seen a server come back from smoking outside and straight to serving without even washing her hands.  Gross! \n\nThe restaurant offers a healthy diet breakfast menu, which is great. However, the taste is not there.  I would only return to this restaurant for three reasons, and these three reasons must be happening all at once:  when I'm too lazy to cook up my own healthy breakfast meal, when I'm too lazy to stand in line at the casinos for a meal, and when I'm too lazy to drive anywhere farther than a 5 mile radius from my home just to eat a damn breakfast or meal.  \n\nWhen I came in here, we were approached by a friendly manager.  The staff was okay, but seriously.....the food sucks, pricey for such a shitty meal (eggs from a carton box taste), and your server or cook could either be serving you good or bad that day (it just all depends).\n\nOverall, the Blueberry HIll located on 2855 N Green Valley Pkwy needs major improvements!  Hope this helps, or just see and try for yourself .  Good luck!",1,n
0,"I agree with Jenna M. - Barr Real Estate is terrible! I moved into one of their new complexes called Karma, and I thought I'd gotten a great deal because it's close to downtown Champaign and was furnished with all new furniture. But the heat/cooling system always breaks, and I was freezing all winter. Also, leasing agents and maintenance men are always coming into your apartment to show it. One time I was resting in my bedroom and a maintenance man came into my apartment without knocking! And then today, my car was towed from the spot I pay for at my complex because apparently I wasn't parked precisely in between the lines. I will not sign with this apartment complex, or with the Barr Real Estate ever again. And you shouldn't either...",1,n
0,Keep in mind i did NOT eat here. So this post is not about food quality. its about the service \nit was like i wasnt even there when i waited for 30 minutes before the bartender asked if i would like something to drink\nofcourse as soon as a girl came up to the bar the bartender would run over like a little puppy hoping to his ear scratched,1,n
0,"If I could, I would give it 0 stars. Finally I am about to move out of this place next month and I couldn't be happier. The second story floor plan is horrible. You spend all your money trying to cool down the indoor stairway during the summer. There is one tiny vent in the living room that is supposed to cool down/heat up the entire dining room, living room and the giant stairway. \n\nYou can't sleep at night because the traffic outside is so loud. I have never been to the pool area and been able to use a working hot tub. Thank goodness my dad lived at a Mark Taylor apartment down the street - their hot tub was always nice and hot!! The pool is just blah - I mean there is water in it but it is nothing to write home about. The staff in the leasing office seems like they are so accommodating, but that just isn't the case. Don't bother trying to call them because you will have to call 10 times to get someone to answer. You will think they are being so nice and friendly, and then the next thing you know they are making you feel like an idiot somehow. Good luck trying to get them to compromise on anything for you. They will just suck as muccchhhh money out of you as possible. \n\nThis apartment complex just sucks. The appliances: terrible and so old. The grounds look terrible. The lighting outside - barely there. You don't feel very safe walking to your door from your car. \n\nJust trust me - I have been here a year thinking it would get better. I have been in plenty of apartments in different areas thinking Chandler would be worth it. But it isn't. It's. the. WORST.",1,n
0,Why would anyone pay money for food like this?,1,n
0,"McDonald's usually is good for an inexpensive, decent quick bite when you've been drinking. However, I hate clarifying 2 times that I'm ordering an unsweetened iced tea and receive a disgustingly saccharine sweet tea. I mean, this location is one that you order face-to-face through drive-thru!  \n\nHere's the conversation:  \""I'd like an unsweetened iced tea,\"" I pronounced. \n\n\""sweetened or unsweetened?\"" asked the careful listener. \n\n\""unsweetened,\"" I replied. \n\nYou know the rest of the story...\n\nOh, and the southern style chicken hockey puck was both dry and burnt. \n\nThis McDonald's receives 1 star because they were able to make a usual shitty dining experience even shittier.",1,n
0,We went in to this location last week.  We left.  The air conditioner filters in the ceiling above the staff were nasty.  Then we looked in the freezer and the coils were just as gross.  A cleaning might be a good idea.,1,n
0,"I simply cannot dealing with uneducated \""geniuses\"", that think they know everything, when they don't even have a degree in computer science and or engineering. Seriously? Get real.",1,n
0,"horrible service, horrible spray tan both times I went. customer service from Courtney and Amanda are horrible. Courtney was telling Amanda what to say when I just called, I heard someone giving Amanda information to tell me what I should do, so I asked to speak to the person in the background. I could hear Courtney laughing and they covered the phone.  Then Courtney got on the phone and said the reason she didn't get on the phone was because she was off the clock and she usually doesn't talk on the phone off the clock. They keep telling me to call the corporate office to resolve my issues, when I call the corporate office it goes directly into voice mail.  I have called twice now with no call back so I called the original store back to have them refund my money.  They can't refund money at the local stores only corporate can do that.  Do not ever go here ever for your spray tan. I have had beautiful spray tans from other locations and wanted to try out Celebrity Tanning because they are right around the corner from me.  To top if all off I have a movie premier tonight that I will be speaking at and I look like an ooompa loompa, with drip stains and horrible spots on hands and back.  Its like their bottles of spray are clumpy and spray too much solution out at different time.",1,n
0,"Couldn't even think about making an appointment after dealing with the absolutely WORSE admin on the phone.  Regardless of the how good the therapist is, Vicky kept me from walking through the doors.  Find someone useful to talk to your potential clients.",1,n
0,"I signed up for this gym over a year ago on a month by month basis.  The gym and staff are great.  however, upon losing my job, i was told i need to send a letter asking for cancellation.   I sent the letter and it appeared the matter was over.  They have continued to bill me $149/month for over a year now.  they send me to their collections department when i don't pay.  Each person i talk to on the phone says i need to mail a letter or they cant cancel.  they also say that they need 30 days notice to cancel.  This is a scam to keep you going from month to month and to keep taking your money.   In total they have stolen $1500 from me and my family.  I have contacted corporate and they say they have done nothing wrong and can't help.  \""the money is for access to they gym, it doesn't matter that you haven't been to the gym in over a year.  If you go here, make sure you cancel in person and get something signed and dated from a manager.",1,n
0,This company will not respond to my complaint that their broken wash wash machinery BROKE MY NEW WINDSHIELD !!!!,1,n
0,"This is my least favorite place in town to bowl.  The lanes are not kept in good shape.  I have a feeling the ball returns would damage my ball if I bowled there often, as they are rickety and seem dangerous.  There are sometimes floorboards missing near the lanes, and the oil patterns are, well, let's just say.... adventurous.  \n\nInstead of calling it \""Old Orchard Lanes\"", it could be called \""Old Equipment Lanes\"".  Everything looks dingy.\n\nOn the other hand, the mini-golf that is connected here, is pretty decent.  If they showed as much care for the bowling, then things would be a lot better.\n\nThis place is still always busy, most likely because it is easy to get to from campus.",1,n
0,Horrendously managed. Terrible service. Very rude and the managers seem to treat their employees with no respect. The drinks a watery and the tap selection is average. Food is ok but not worth a trip over to this joint. I don't recommend.,1,n
0,"After we checked in we discovered the toilet was clogged and the shower wouldn't drain. Also the wi-fi was very spotty. When I called the front desk, they brought me a plunger. When my bf went to use the restroom in the office the next morning, the manager Melanie or Melody could care less. She never apologized or seemed to care. Her main concern was that the credit card was declined for a second night, we never authorized her to charge another night. When I asked for her boss she said the owner couldn't be bothered. The manager had possibly the most deplorable customer service skills I'd ever seen.",1,n
0,Not good people. They scammed a dear friend of mine due to his old age. He was clueless at the fact they over charged him for new brakes but then went ahead and put used brakes on his car. Purrfect Auto buys USED brake pads from junk yards  (pads with like 50% life) and sells them as NEW pads. STAY AWAY!!!! Their reviews speak for themselves!!,1,n
0,"There's a reason this company gets 2 stars. I've rented on many occasions and have always been happy with the service, even when it comes to smaller-named companies. I was extremely upset when I felt duped being triple charged at the airport and talked to three different reps before trying to catch my flight with the first words out of their mouths being \""we can't do anything for you.\"" I've never had a car rental company tell me that. I was willing to be charged double the original quoted rate because of taxes and fees, but not triple. They upscale and pressure you like no other car company I've worked with. When I let them know I would never use this company again, they didn't seem to mind, which further shows their lack of customer service.",1,n
0,"Shasta built my pool in 2006 with a raised spa.  The spa now leaks due to an internal Pipe leaking.  Contacted Shasta and they said it was not covered by their warranty, it only covers structural issues.  Shasta warranty is not that good, dont believe the hype about being a Shaster master pool.... all these pool builders use the same contractors and Shasta doesn't give any better support/warranty then the cheaper guys do.",1,n
0,"We order 2 plates chilly chicken, but it is so hard to find chicken in it.  They cooked it with 75% of onions,  capsicum and 25% of chicken.  They should change dish name, it should be \""chilly capsicum\"" instead of \""chilly chicken\"".  Worst dish!!! \n\nDon't ever order chilly chicken here.",1,n
0,"This husband and wife team are expensive and conduct unnecessary procedures to run up your bill.  Dr. Perez did such a horrible root canal job on one of my molars that I lost the tooth and now the bone wont heal...therefore I cannot get an implant!!  It seemed every time I went in, they would spend too much time \""measuring my gum line\"" and not fixing the problem(s).  Dont waste your time or money on these so-called dentists.",1,n
0,"Quick Summary\n---\nHad a reservation for a truck at 12:45 PM on 8/10. Came to the store at 12:30, got my truck at 2:15. No that's not a typo. On the flip side, all the trucks seem to be well-maintained. That's the only flip side. Every other aspect of this experience was hell. \n\nReview\n---\nU-Haul on University, words cannot express how much U-Suck. *canned laughter*\n\nOkay, but seriously, the U-Haul located on University Ave is a perfect example of why competition is necessary for the sake of the consumer. I've used U-Haul to move before on two occasions. They were all poor experiences, but today was the most miserable of the three.\n\nYou figure for peak moving season in a large campus town that U-Haul should be staffing themselves heavily to meet the large amount of people with reservations. Nope. The moment I stepped in my heart sank at the fact that the store was being staffed by the GM alone.\n\nIt's okay, calm down. There's only five people in front of you. Fine, since I've got some time to kill, let's look around. Gray. Lifeless. The interior looked so depressing. The face of the GM was equally lifeless and depressing. \n\nNow I'm not asking for fun neon colors and sparkling ribbons to adorn the place. Gray is fine. I love gray... just not dusty gray. Not more-dilapidated-than-Sears gray. Not it's-sucking-the-life-out-of-you gray.\n\nThat aside, the service was beyond slow. I knew from the past two experiences that I should get in early. I came in 15 minutes early for my reservation, expecting to get out within 45 minutes. No, friends. It didn't take 45 minutes to get my truck. It took 1 hour and 45 minutes to get my truck. Also remember that there were only five customers in front of me when I came in!\n\nThe GM was serving people at the speed of snail. It took over 30 minutes to help out this one customer, only to send him back to the end of the line. Upon inquiring as to why, he was told that this was a new request / transaction so he had to get back in queue. Legends say that he is still waiting in line at the store today. #suckstosuck #2spooky5me\n\nAfter an eternity and a half, it finally came my turn in line to get helped. The GM never greeted me. Never looked at me. Never thanked me. Didn't even apologize for the excruciatingly long wait. Worst customer service ever. I finished my paperwork and was told to wait outside for him. \n\nI finally walked out of that hell hole and got some fresh air. 2 minutes. Oh, he's taking a little long to come out, I'm sure he'll come out soon. 5 minutes. Maybe he's having trouble finding the key to my truck? 10 minutes. Okay now I'm getting mad. Where is he?\n\nI walk back into the store to see him exactly where I left him. At the desk helping another customer. What about my truck bro??? I couldn't believe it. I waved at him to remind him I still needed my truck but he refused to acknowledge me. I waited another 5 minutes outside before he came out, pointed to the first truck in line, and said, \""That's your truck. Keys are already inside.\""\n\nAs if he couldn't have told me that from the beginning? Agh, writing this review is making me relive this horrible experience but I think you should have gotten the point by now. This place scores awful out of 10.",1,n
0,Worst business ever award. They never answer the phone. Their.customer service is terrible. The store is disorganized and looks like black Friday is everyday. Go somewhere else if you can.,1,n
0,"First off, let's talk about the employees. I walked in and walked around the entire store twice with only one person even acknowledging that I was there.  They didn't even ask if I needed help, just a simple hi. It's not like they were overly busy, but everyone else seem to only care about the music that was playing on the intercom or going about talking with each other.\n\nThe prices are outrageous. I looked at something online and like the price. But when I went into the store, all I could find was the price tag and it was much more expensive and listed online. Again I couldn't find anybody that was willing to help me to find out what was going on.\n\nOverall, I would rather go to Walmart. At least I expect to be treated poorly there. And it comes with the free freak show with \""Everyday Low Prices\"".",1,n
0,"Last Friday we ordered a thin crust cheese pizza. We live one block from the Glendale location so we picked it up. We actually picked up the pizza about 5 min. early. When we got it home it was almost warm. The crust was tasteless and dry. I would say cardboard, but that does have a flavor. The cheese was dried out. Hardly any sauce. If we weren't so hungry, I would have tossed it in the trash. We need to do some banking in that center today. I will bring the receipt to the store and explain what happened. We will see how they respond. I'll get back to you on that.",1,n
0,Can't believe it!  We have eaten here at least twice a month for a few years. ..  Totally happy with our standard breakfast order... We both get huevos rancheros.  Last 2 trips they can't even get the eggs even close.  Over medium means whites cooked and yolks runny.  Egg whites means no yolk!  Both epic fail! When we returned the RAW eggs the chef returned the eggs over hard.  brown and completely over cooked! The term egg whites suddenly is incomprehensible! So we got scrambled eggs.    He sent an obvious screw you because we complained.  They will never see another dime of business from us!,1,n
0,"RIGHTS VIOLATION ALERT!\n\nMy wife had an appointment for a blood pregnancy test. We walk in for the appointment, and they refuse to do the test. Then they wouldn't allow me back there with her for her appointment. They  also forced her to recount events that happened several years ago, which threw her into a full-blown panic attack/PTSD attack. They still wouldn't allow me back there with her. So if you care about your loved ones at all, don't bother with this place.",1,n
0,"wtaf. \n\nI was craving a snow cone, and my trusty Yelp app found this place nearby.\n\nWe were eventually able to find the kid that was working behind the counter, I asked if they sold snow cones, he said yes.\n\nFrom there it felt like I was interrogating him in order to find out more .. I asked what flavors and he pointed to a huge wall of bottles, how the hell I was supposed to determine what flavors they were is beyond me. I was eventually able to find a piece of cardboard on the counter that listed the flavors. \n\nWe picked and he started snow-coning. \n\nWhen he was done he offered us sample spoons smaller than my pinkie, from a dirty styrofoam cup - and said they ran out of spoons and his manager told him to have people go to the burger joint next door and ask for a spoon.\n\nThe hell? I'm not going to go into someone else's business and ask for a spoon because your manager can't cough up $10 and go to Costco. \n\nAs for the snow-cone, they need to shave the ice finer.. that way I don't feel like I am eating crushed ice and syrup.",1,n
0,"If I didn't have a big pizza in front of my face, I would have thought I ordered a big serving of attitude with a side of screw you.\n\nMaybe it's because we came in with a coupon...but this place had more ego than a 15 minute celebrity.  \n\nNot to knock small, family owned places (usually I love going to places like that, because USUALLY you get a friendly family feel), but for a pizza joint located in a shopping center next to Albertson's, they sure wanted to make you think you were eating caviar.\n\nThings not so awesome:\n1.  Whomever answered the phone didn't know East from West to be able to give directions\n2.  Our waitress couldn't give any suggestions on the food\n3.  They can't do a half and half pizza unless you paid extra\n4.  You pay a charge if you want to split a plate of food\n5.  ATTITUDE, ATTITUDE, ATTITUDE\n6.  Tip was already included in our bill\n\nI've never been to a family run pizzeria that can't do a half and half pizza, and the only restaurants I've ever been to that charge to split a plate of food are ones where you'd feel more comfortable wearing  a dress - definitely not one in a strip mall like this one.\n\nI swear if the two waitresses rolled their eyes or huffed any more than they already did, they probably would have fainted from lack of oxygen and vertigo.\n\nAnd last time I looked, I believe I was old enough to do my own math for your tip.  If you were so scared we were going to stiff you on your tip, maybe you should learn a little something called Cuss-toe-mer Sur-viss.\n\nFoodwise, the pizza was not the best I've ever had, in fact it was a bit on the dry side.   I can't say it was absolutely horrible, but neither can I say I was in heaven.  The wings were much better, in my opinion.\n\nFor the pain of the drive and having to dodge eye daggers, this is a definite no-peat.",1,n
1,"This place is alright if you are looking for the fast food alt. , the quality is hit or miss. I usually route for a place like this big time , but like I said its not consistent at all ! Two of the three people that work there are rude and very unfriendly , and need to smile ! If they work on those two problems and stay open a little later this place would be all aces !",2,n
1,Dirty. Not well staffed or cleaned.,2,n
1,"Really hate to do it- but last night was pretty awful here. On any normal day you seem to get by with the average slip here or two, which is always amended right away, but this really took the cake. \n\nGlass night- Monty Python goblet. Knew what kind of turn out they were going to have so we made it a point to get there 30mins early. Even with getting there this early, we literally only had one table in the back open. Packed house. \n\nOur waitress, Amanda, came over and took our order right away for the glasses. We had no reason to believe we wouldn't get them as it was roughly 6:40 at this point. Right at 7, glasses were given out to a few tables around us. We sat. And sat. And sat. Finally she came out to tell us we wouldn't be getting ours due to the fact they had only received half the shipment. I'll circle back to this later.\n\nShe also said the manager would come out and speak with us and that we had a free beer on them. Well long story short the manager never came to speak with us and the free beer was only limited to house brews, so if you were trying to pick away at your UFO club with 100+ brews tasted already, that didn't sound like it was happening either.\n\nThe thing that REALLY aggravated me was that the manager, who I didn't know until she was pointed out last night, came around to 5 other tables in the back area and apologized for the mishap. Every table BUT ours! She walked back up front and never came back!\n\nThe entire experience was fairly upsetting for being an avid fan of this place. If what was told to us was true, Amanda did a good job of handling herself, I'm sure that night was a mess for any waitress. As far as management is concerned, yeah, I am still pretty pissed off.\n\nAnd as per the glasses, which is whatever really, when you know your frequent customers see them out on the shelves on Monday, I would use a better excuse than \""we didn't know we only had half the shipment\"", that is just pretty lame. Not to mention who doesn't inventory when they initially receive items??",2,n
1,"Food here is decent, but not worth the surly service.\n\nThe owner's husband didn't even have the consideration to get off the phone the entire time we were there. It was plastered to his ear even while he was waiting on us. It was obvious both of them hated having to work there.\n\nWe asked the owner, who was sweet as pie last time we visited at the old location, how she liked the new digs. She kind of shrugged, mumbled something about the \""economy\"" and quickly ignored us to go fawn over some other table. Hmm, oddly I know of several independent restaurants that are thriving, with lines out the door, despite the \""economy.\"" Maaaayyybeee, and this is just a wild guess, it could be the fact that people don't want to spend their hard-earned money for so-so food and shoddy service. Just an idea.\n\nOh, and all of those signs that are posted everywhere with stern warnings about not using a credit card unless you charge $15? Totally against the contract you signed with Visa, Mastercard, et. al. You either take credit or you don't. If I want to charge 5 cents, it would be a real jerky thing to do, but technically I could. Take the signs down. They're obnoxious, for one, and against the rules for another.",2,n
1,"Sakana, used to be excellent. But they have changed management and now the fish seems older and the food is always prepared late into the meal.\n\nIt is amazing how the wrong people can really ruin a great restaurant.\nYou used to have to wait for a table, no you can walk in anytime and get a table right away.",2,n
1,Struck out at Dillards so I ended up here. I am not a huge fan of Macy's but thought it was worth a shot. I almost wish I didnt go in. The sales lady was older...much older. I explained that I was looking for a strapless bra that had a low back on it and she kept showing me every thing but what I wanted. I finally saw that they did not have what I was looking for and had to bail. Sorry grandma..not gonna get a sale from me today.,2,n
1,"Visits with the doctors are great. Dr Reyes-Haley, Marsha N, Dr Matthew Moore are the doctors I thought were very nice. But the customer service there is absolutely RUDE! I went to a different office for my first pregnancy and the doctor I was seeing happened to quit. They sent me over to the Chandler office when I was 36 weeks. I had my daughter at 37 weeks, so not much time with them. I decided to go with them for this pregnancy. Wow! Big mistake! They just don't make you feel welcome, they rush you, I have literally been hung up on....it's terrible! Thankfully I am not too far along this time so I feel comfortable switching places.",2,n
1,"I can't believe how long its been since a review has been written for this restaurant.  Not by me, but by others. \nLook, an authentic Chinese restaurant it's not.  Amazing food, it is not.  It is average chinese food intended for non-asians.  Period.  Clean place, polite and attentive servers.  We had egg drop soup; hot, with frozen veggies, broth lacked flavor.  $5.50 for lunch combo which included soup, vegetable fried rice, chicken chow mein, veggie egg roll and fried wontons.  Vegetable fried rice was nothing to write home about.  Chow mein was fine except maybe a tad too sweet.  Veggie roll was good.  All in all--what does anyone want for $5.50 when it includes all of these items.  If these people were super star chefs, it would be reflected in the price as is the case in many scottsdale chinese eateries.  We were in the area, we dropped by and fed our faces in an inexpensive,  clean,and friendly environment.  Nice people.",2,n
1,"I bought a Groupon to Gaetano's. My boyfriend and I went on a Saturday night around 7 and the restaurant was about half empty. \n\nFirst thing, service was slow. We had a reservation, and we were seated immediately, but we had been sitting awhile before our drink orders were taken. And then when they were, it took awhile for them to get to the table and for our waiter to come back to get our appetizer order.\n\nWe got our appetizers fairly quickly. However, there were 35+ minutes between the time we finished our apps and received our main course. During this time I think a busser came over to refill our water, but otherwise didn't see our waiter. I had ordered the gnocchi, which was okay but on the bland side, and my boyfriend ordered the lasagna, which came out cold. \n\nMy boyfriend had to work later that evening, and we thought we allowed ourselves plenty of time, but by the time the food came out, we were crunched for time, so we just quickly ate some of our food, boxed up the rest, and left. I wouldn't go back, especially paying full price.",2,n
1,"Didn't know Party City also sold costumes.  (I've only visited one a couple of times in VA when sister needed balloons for her kids' parties.)  While the huge displays initially seemed impressive, they quickly revealed that the costumes sold here were of very low-quality.  Faced w/ two choices of spending $60+ on a costume here, or going to a party w/out, I'll choose the latter.  \n\nBetter still, I'd give my sister $60 and see what she can come up w/!  (She's made a few clever ones for under $15!)\n\nCustomer service was also very bad.  The adult costumes I tried had run out of size extra-small and small, and the medium I was offered was too big.  When I asked if there were equivalent styles in the children's section to try, I was told that was a good idea and I should go over there and have a look.  The sales rep could've at least offered to check.  Any chance of my giving in and spending $50+ plus tax on cheap pieces of crap flew out the window when those words came flying out of her mouth!  (That's $50 plus tax on a costume for which accessories would still have to be purchased to complete the look.  Oh, think of how many potential purchases lost bec. of lousy customer service offered here?)\n\nThe second star was for the info given by the cashier to a friend who bought a cape that any item returned within seven days of purchase would be returnable for the amount paid.  If only I would be caught wearing their costumes in the first place would this info be of use!\n\n(BTW, my friend returned said cape.  Nice!)",2,n
1,"I'll be honest--this place is good for Americans... but not good enough for Chinese people.  The waiters were sort of rude to us, despite our being able to speak their language.\n\nFurthermore.. what kind of authentic Chinese restaurant serves dinner out of plates? Blasphemy! Our table to had to go out of our way to get bowls! I'm surprised they had chopsticks.\n\nOtherwise, their mock  food was salty and pasty, perfect for Americans in search of a good Orange Chicken replacement.  Wait.. salty and pasty? It's supposed to be a (insert meat type) dish, consisting of subtle flavors and intense chili pepper action.\n\nNeeext...",2,n
1,"Myself and members of my family had been going to Scottsdale Hills for many years.  While I haven't quite experienced what i would consider poor patient care i have recently experienced poor service from staff. \n\nMy west highland white terrier was a patient at Scottsdale hills for a few years and during that time had some tests, xrays, etc. performed.  Recently when pet became ill i contacted Scottsdale hills to obtain any records that they had because i was seeing a couple specialists (cardiologists and internal medicine) who wanted to see all history dating back as far as possible.  Having had X-Rays and other tests completed at Scottsdale hills a few years ago i figured this would be a good place to start collecting data but they had none.  In fact they had no record of me what so ever and blamed this due to a newly updated system.  \n\nThe service representative i spoke to initially could not find any records using my last name, pets name, or phone number as points of reference.  I then mentioned family members which share the same last name had been there within the last few months and had fairly consistent visits prior to that.  The service representative searched for every last name starting with the first two letters of my name with no results then asked if perhaps i had another last name?  Then asked if i had contacted the right establishment. After becoming rather frustrated i was told that someone would look into the matter at once and call me back.  A couple weeks (or more) later i receive another call from same service representative asking me to remind them if they ever found my pets records.  I said no, she searches again and no record of anyone with my last name.  At this point its too late anyway because i've already seen specialists so i politely say that its okay but mention that i will be reviewing them.  Around 10 minutes later i receive another call mentioning that they have managed to find info on one pet belonging to a family member but nothing on mine.\n\nIf you're looking to a long term vet i suggest looking past this establishment because their inability to store, archive or properly maintain medical information that you are paying them to accrue may be lost and you just might find yourself in my situation.  I understand the need for businesses to modernize technology but find it surprising that there was no method to search data stored in a previous system or that my request was not prioritized until i mentioned the word \""review\"".",2,n
1,"They usually do a pretty good job on my nails but they don't like it when I bring my kids in.\nEvery time I bring my 8 year old daughter in there to get a pedicure with me, they put us about 3-4 chairs a part!! The whole point in going to get a pedicure with my daughter is to spend quality time with her, hold hands, talk about her friends and boys she likes, etc...Not have to scream to a chair in the distance.  They act like they are mad when I ask for us to be together and it is such a bother.\n\nAlso, the male owner always insists on doing my nails and he is so rough with me and actually gets on to me if my hand isn't loose enough. I keep telling him I have problems with my wrist and it hurts and he is still super rough!!\n\nI only go there when I have to because of convience!!",2,n
1,"Went in for Happy Hour. Food was good. Bartender was rude as could be. Curt, snarky, and a short pour on the wine. Clearly annoyed when we had a question about our bill. Shrimp was tasty, thank goodness.",2,n
1,"While I don't consider myself a sushi connoisseur, I do know good service. I'm always willing to give you the benefit of the doubt and cut you some slack, but when there are only 4 tables and the place is empty, cmon. It seemed there were more workers than customers and it literally took 1.5 hours for dinner. Wtf. \n\n10 minutes just to get waited on. Another 15 for him to come back to take our order. All pepsi products, no dr pepper or pibb (ugh!). Even the sushi on the happy hour seemed outrageous. \n\nWith so many sushi places, no real reason to come back here. Too expensive, too poor of service, good food I guess, but most sushi tastes the same to me.",2,n
1,"I had heard a lot about their food and decided to check it out one night after purchasing a Groupon. This review is strictly for the food. It was not good. The hummus was okay, and our main plate seemed to be microwaved. \n\nThe bar ambiance seemed cool though. So if you are looking for a bar atmosphere, I'd probably rate this 3.5 stars. For dinner, not that great.",2,n
1,"Back in 1994, my dad and his friend took me and my sisters to Nielsen's to try frozen custard for the first time.  From what I remember, it's more rich, much creamier than ice cream or frozen yogurt.  Since then, I've never been able to find anything that comes close to that creamy, custard-y frozen goodness.  Apparently it's not that common here on the west coast.\n\nLast I went back, because I had to have that smooth chocolate cone once more.  There was a wait, which wasn't uncommon, being summertime in the AridZone.  There wasn't a nice little old lady helping us; instead there were teenagers running about behind the counter.  The entire place, small as it was, felt kinda...sticky, I suppose.  The napkin counter was gross from melted messes and grinder condiments.  I tried to hide my slowly-growing disappointment until I could taste the frozen custard I once knew long ago.  Unfortunately, the custard itself was just not the same.\n\nIt tasted like plain ol' chocolate ice cream.  There wasn't anything custard-like about it.  :(\n\n**Upon searching for reviews on the Net, I found that the Neiesens had sold the shop to a different owner, which would explain the downfall of  my favorite dessert spot.  However, they've recently gained ownership once again, this of course after my unfortunate visit last year, but I have high hopes!  Although I have few reasons to ever find myself in Arizona again, at least I know there's one thing to look forward to if it happens.",2,n
1,"It wasn't bad, it just could have been better. You cannot build a beautiful space and then just expect that you can get by on \""meh\""\n\nThe wow doesn't last",2,n
1,"I've been wanting LASIK for years and this place was really close to where I live, so I checked them out first.  Long story short, they told me I was not a candidate for LASIK because of my high prescription.  Normally they'd recommend ICLs (implantable contact lenses) but the anterior chamber of my eyes were too shallow.  So they said there was nothing they could do for me and told me I was better off in contacts/glasses.  I was pretty discouraged until an optometrist friend of mine recommended getting several other opinions (she worked for a LASIK center that did eyes worse than mine) ... and I did.\n\nHere's where I learned the truth of BDPEC... apparently within the local ophthalmologist community, they are FAMOUS for pushing ICLs.  So let me save you some time here.  If your near-sighted prescription is worse than -6.00, they will recommend ICLs (below that they will do LASIK).  FYI - ICLs cost a lot more than LASIK, too (ka-ching!).  Anyways, if you don't fit that ICL bucket, they'd rather let you walk.  After doing more research, I discovered that a high-prescription ALONE does not a bad LASIK patient make, which is what BDPEC led me to believe.  In fact, the other doctors told me that because my corneas are way above average in thickness, my risk for complications is much lower!  Imagine that!  \n\nI'm sure that if you fit into the BDPEC business model, you will get great results.  However, I STRONGLY encourage anyone considering refractive correction surgery to do your research and get at least 2 or 3 opinions outside of BDPEC.  They operate on a business-first model vs. clinical-first.\n\nGood luck!",2,n
1,"I always have the hardest time at car wash facilities because I feel like the cleaning is always sub par, no matter what *package* I purchase.\n\nI have dogs, and my dogs have lots of hair. They don't call them German shedders for nothing. So when I pay $25 plus for a car wash, I'm really wanting them to vacuum the car really well. That's never the case. Apparently, the only way I can get my interior dog hair under control is if I get another interior detail package. \n\nAlso, how hard is it to wipe a dashboard? I always have to remind them to wipe the dashboard and console. At this point, I could have saved myself a grip of money and done it myself.\n\nAlso, watch out for the coupon specials. Not all the employees know how to honor them and will try to charge you for something else entirely",2,n
1,"I am nurse who tried to get a job with them and they said they would return my call multiple times, but never did. Just from those two interactions I decided to prevent any future headaches. They seem disorganized, and passed me off to multiple people. Last I heard a nurse case manager with pediatrics and geriatric background willing to work weekends was in high demand....",2,n
1,"I was very excited to try this place since the closure of Maharaja left us without a good Indian buffet on the side of Pittsburgh where I live, and I wasn't crazy about the restaurant that moved in afterward.  The place was relatively deserted on a Saturday afternoon and we were soon greeted by a woman who asked us what kind of naan we wanted (onion or plain).  The food tasted fairly good but what really turned us off was the woman who worked there and her constant coughing, hacking and wheezing without even covering her mouth!  Clearly she had a nasty cold and should've stayed home that day!  I cringed every time she went back into the kitchen (we could here her back there hacking up a lung) or came over to our table.  It was so unappetizing that we hardly ate anything and got out of there as soon as possible.  I don't think I can go back there given their low standard of hygiene.  Ick, I'm cringing right now thinking of it.  On the plus side though, it did keep me from overeating.  Maybe I should have my husband cough and hack at me whenever we go to buffets from now on!\n\nAnyway, I hate to trash a restaurant but I had to voice my concerns.  I am very conflicted about giving the second star, but the food itself wasn't bad.  Try at your own risk!",2,n
1,"UGH. Try to avoid this place if you can. The employees here are extremely RUDE! I had a reusable water bottle in my backpack and it had a half of inch of water(obviously less than 3 oz) and they made me get out of line told me they were going to throw my $20+ filtered water bottle away, they finally gave it back to me and made me go threw security all over again. WHAT?!",2,n
1,"This resort is definitely dated and has on old feeling in the rooms. Our \""balcony\"" doesn't even fit a chair and faces a parking lot, so I would recommend inquiring about the type of balcony your room will have before booking. I think most of the photos on the website of room views are from the owned condos, not the hotel rooms. \n\nOur first day there was no maid service to our room. The water in the sinks does not get cold and finding bottled water and ice are next to impossible. The pools are so-so, but I would suggest using the lap pool at the fitness center for the best experience. \n\nThe fitness center is definitely nice for a hotel. Much better than most. \n\nThe saving grace here is that so far ALL of the food has been fantastic. \n\nThe bell hops and desk clerks have not been helpful at all. \n\nAll in all, this is a nice hotel, but not what I had in mind as a resort. The grounds are what make it a resort, not the experience. \n\nBy the way, the water park is only open on the weekends in September. It would have been nice if someone would have told us... we had to ask when we realized it wasn't opened when we went there to spend the afternoon.",2,n
1,"I went over here to try the breakfast burrito's, but it appears that they don't make you a fresh burrito every time you order. I just wanted eggs and beans and cheese, the $1.99, but they were out of eggs? They weren't actually out of eggs, they were out of the tray of eggs for the burrito. They had eggs with sausage and bologna, but I don't like those meats and they appeared to have done some serious time in the pan since opening time. I prefer places that cracxk the eggs, but I suppose too many people show up here to go that route. Ended up with the two tamale special and rice for $3.50. Tamales, which were cheese and jalapeno's, were kinda dry and average quality. Doubt they were homemade. Best part of this meal for me was the Horchata, which was definetly homemade and had great hints of vanilla and cinnamon. I will also give props to tasty green and red salsa (chile?) that you can put on food or free chips. Mexican cookies are also good there, but breakfast burros were my reason for visit and that didn't cut the mustard.",2,n
1,"You get what you pay for, which is not much here. The chips and salsa was great, but the entree (tacos and chimichanga) was dry and flavorless.",2,n
1,"After reading all the reviews on this page I made the decision to have dinner here on Saturday with my husband. We were both very excited, my husband loves chicken fried steak and although money is a little tight we wanted to splurge a little for date night. It was busy but we got seated right away and knew within minutes what we wanted to order. We started off with a bowl of chili to share. The chili was very good, with lots of meat and had great flavor. The side salad that accompanied was fine too. Our server was very friendly and attentive. Now on to the main course, and this is where I have to say we were very disappointed. My husband had the chicken fried steak, and yes it was definitely huge, however there was no flavor to it whatsoever. Even the gravy tasted of flour and not much else. A little seasoning (salt & pepper) would have gone a long way. I had the grilled pork chops and mashed potatoes. The pork chops were a little dry, and again under-seasoned, the mashed potatoes were ok, but I could see what my husband was talking about on the gravy. We so wanted this to be a great experience for us but the food just missed the mark. My husband did want to tell the server about it, but I'm always too self-conscious about making a complaint that I begged him to let it go.",2,n
1,"I think Padre's is way overpriced.  I also ordered a Shepherd's pie one time, and it looked and tasted like dog food (not that I eat dog food mind you!!)...\n\nIt really lacks anything to do with an Irish bar or pub.",2,n
1,Bouncers need to learn they are there to help patrons.,2,n
1,"Food is good, but service is SLOW! I would suggest driving to a different location, the one at desert ridge is better.",2,n
1,"Despite the decent atmosphere and not too terrible location we get sat at one of the greasiest tables I've seen in a long time. We order appetizers and they come posthaste. Good, but not worth 10$ a plate good... Then comes the pink prickly pear chicken :/ poor execution at a great recipe. The goat cheese bruschetta was OK but slightly disappointing. If you want a 50$ tab for a few drink+ appetizers and 1 entree i suggest you go somewhere else. Oh and don't even think about giving them a bad yelp review, the owner will put a plaque on the wall for anyone that takes the time to write about how disappointing the food is. Guy can't take a hint.",2,n
1,"I would usually give NYPD 4-5 stars as I come here often for pizza, but last night was tough.  The waitress warned us there would be a wait for the food as they were short-handed.  She took our drink order and we put in our food order right away knowing there would be a wait. They were out of the garlic knots. We ordered mozzarella sticks which never came. Drinks took 10 minutes to come to the table. We ordered a large and a small pie, 45 minutes later two small pies came to our table.  I ordered a salad and then asked for some dressing, which never came. We had to ask the counter for a cup of dressing.   Not much service checking throughout the meal, we got our own drink refills.  The waitress tried to make it up to use giving us a couple slices of cheesecake.  I know this was an off night and they were doing the best they could.  I will still come back, but this was a long, frustrating experience.",2,n
1,"I was at cheetah's on May 28th, 2012.It was a good time with my good friends everyone was having a good time.This stripper stop by with a london accent and would not leave.The woman started taking to me , then she said I owe her 20 for a lap dance which she never gave me. The woman keeping taking mess so I gave 20 to go way.This left me with a bad taste that is why I am writing this.\n\nThe club lost me and my friend and we will never go back.My feeling is 20 is nothing when I had 10 times that in my pocket.The lady got 20 but the club lost thousand from me and my friends.\n\nLV",2,n
1,"Consistently disappointing. Best thing about this place is it is close. But the Yelp definition of  two stars describes it perfectly: \""Meh. I've experienced better.\""\n\nGot the take-out every few weeks for a couple of years. Did I mention it was convenient? But it was never anything special. Didn't poison me, but was never exciting. Eventually made to switch to a place on Ray road, and have never been back to Beijing Beijing since. Hope you find this helpful.",2,n
1,Randomly came here during our roadtrip.  I thought it would be cool to eat here because of its name :P  These burgers taste as bad as a white castle burger. I can't determine which is worse! I'm giving an extra star because of it's unique name!,2,n
1,"I've been getting my eyebrows waxed here for years! Today I went in to get them waxed and a new lady did them. Honestly, I didn't even catch her name but I can assure you I'll never go back. My eyebrows are COMPLETELY different!! One is super thin and I'm literally embarrassed. And to top it all off, she ripped some skin off below my eyebrow(like it was bleeding). I've never had any problems with this place until now! Really upset, and I don't recommend getting waxed!",2,n
1,"Chipotle had a line out the door because it's good, but I was in a hurry, so I had to settle on this place. Never any lines to worry about here!\n\nHorrible.\n\nThe place smelled like a three inch road trip inside the lower colon of sick deer.\n\nEvery employee with whom I spoke had apparently awoken on the wrong side of the bed. Not a smile to be found. \n\nAnd my lettuce was rotten, wilted and brown. That is inexcusable in a restaurant, and surprising to encounter at a national franchise. Who's in charge here? Makes me wonder whether the meat is beyond its expiration date too.\n\nStick with the guys whose door is propped open with customers waiting to get in. An empty restaurant like Qdoba speaks for itself.",2,n
1,"It pains me to be here at HH when Kona is a few feet away offering the tastiest treats for next to nothing. Instead i'm at BJ's for a company HH, trying to make the best of it.\n\nThe only great thing about their HH is the $4 you-call its. They're not you-call-it-wells, they're you-call-it-anything, so my smart-ass self ordered top shelf gin with ginger beer. Unfortunately, they didn't have my favorite (Hendricks) OR ginger beer, so I caved with Tanqueray on ginger-ale. Sad, but still a damn good deal for $4.\n\nWe ordered the lettuce wraps and egg rolls at $6 each as a HH special price. Funny thing about HH pricing, you sorta expect it to be the same regular menu item at a discount price (which is why you're so \""happy\"" to attend). Well, a little investigation lead me to realize that the appetizers on the HH menu are SMALLER than their regular-priced counterparts.  The lettuce wrap on HH comes with 3 individual leaves of lettuce with a miniature sample of the meaty sauce while the menu displays the lettuce wraps as 4-6 leaves surrounded  by multiple bowls of filling. How fishy.\n\nThen the egg rolls appeared. 4 tiny little nubs of fried dough with avocado that tastes like its drowning in mayo. Did I really just pay $6 for this? Is this really a \""deal\"". I think i'll just have a liquid-gin dinner for HH and call it a day. No thank you.",2,n
1,"Service at the bar was great, the wine was great, but the food wasn't that great! Your typical franchise Italian restaurant!!",2,n
1,The quality of the sashimi has been very poor the last few times we visited Shogun. We used to go once  a week but  it is doubtful if we will return anytime soon after three or four disappointing meals.,2,n
1,"People who give the Phoenix Zoo 5 stars have never been to a world class zoo like San Diego.  If you have kids this is a great place to take them since there are  a lot of things for them to do.  For adults, not much to see and the zoo itself is small.",2,n
1,Every week I have an administrative staff meeting. My turn to pick the location and this one was my fault. Service was OK at first but our server soon lost interest in our table. The food was bland resembling microwave frozen food. No one was impressed. Still looking for a good Mexican place in the Vegas valley,2,n
1,"Wish it could be 2 1/2 stars.\n\nIn town for business and the Hilton was the \""overflow\"" hotel from the conference.\n\nThe good:\n*The Lobby Ambassador James is amazing. There is no way on earth you can't be happy around this man. Beautiful soul.\n* Location was good and central to everywhere we needed to be.\n* Most of the staff was very professional and friendly.\n* Comfy bed\n* Spacious room\n*Decent, free wi-fi\n* Good area for using a computer/printing\n*Huge bath towels\n\nThe not-so-good:\n* Super thin walls. This is a deal breaker for me. Not only could I hear my neighbors through the wall (sounding like Charlie Brown's teacher) but I could hear them intelligibly through the bathroom vent. Very strange. \n* The ceiling creaks. Loudly. This is the strangest thing. I was on the top floor and the ceiling creaked often. A couple times it woke me up.\n* All the TV channels didn't work. In fact, most of them didn't. The hotel tried to fix but couldn't so they did comp me some room service.\n*Someone prior to me had opened the mini bar and it was left open. I didn't realize until my last night.Everything was knocked over and the unit was warm.\n\nOverall, lots of things seem slightly dated.",2,n
1,"Food - not so good.\n\nI've eaten here twice for breakfast.  The first time I got a basic eggs, potatoes, meat dish and it was okay.  The second time I got california eggs benedict - big mistake.  The Hollandaise sauce was disgusting, and did not look like Hollandaise.  It looked more like cheeze whiz.  I scraped it off.\n\nI wouldn't say run like the hills if you're hungry, but I also won't eat there again unless I have to.",2,n
1,"\""I have never gotten sick from this place\"" shouldn't be a positive review. I haven't...but still. I stopped going here the second time I got an incorrectly rolled burrito. I mean c'mon! The name of the place is Filibertos and the entire staff is Mexican! Incorrectly rolled burritos? TWICE!?!?! WTF?\n\nIt'll work for me if its 230am and I am in a car that is already going through the drive through. I have often made the decision to go to Denny's across the street for late night grub. They've never f'ed up a burrito there!",2,n
1,"We go here late night around 2 am every night we get out of the club nearby. If it weren't for the fact it's 2 am and we're usually pretty hammered I would never stick around for that long to wait for our food to come out! There's usually a wait (even at 2am) the place is packed. There's always a cop sitting at the bar, haha. It just takes forever to get acknowledged when we walk in, to be sat, to have our order taken, to get our food, to get our bill, etc. It usually takes well over an hour for all of this. Under normal circumstances I would walk out of a place like that. If the servers were all really friendly it might make up for it but some are nice and some look like they'd rather be anywhere but there. Which is understandable I guess but still. I do agree that it is fun to people watch here.",2,n
1,"Overpriced, mediocre sushi restaurant that only knows how to sell atmosphere and presentation. The service was good though and is the only reason that I have not given them 1 star. you really are better off buying sushi at schnuks. There are much better places in the nearby area.",2,n
1,"I have heard how great this place was, so thought I would give it a try.  I have to say that the Green Chile Cheese Crisp is amazing, so simple and add some of their great salsa it is a winner.  However that being said, the place was a mess!  We were ignored the first 15 minutes we were there.  The restaurant is DIRTY. the tables the floors the walls just gross dirty.  The health department should shut them down just for that, can't imagine the kitchen!  If you were a fan of the tv show Will and Grace, you will be happy to know that Rosario has found work here, and she is just full of mean, no funny!  The food was bland, there was no seasoning at all that I could tell and it was all so mashed together on my plate I wasn't even sure what I was eating.\n\nBrave it Once for the Green Chile Cheese Crisp then find a place that has some flavor, and that is clean!",2,n
1,Went in during the week and place was not busy at all. Sat at the bar and waited a while for service and when the bartender did come over she seemed annoyed that I asked about happy hour and what beer was on tap. I will not be back anytime soon even though I have always liked this place.  I am in the business and can tell you that poor service turns away guests before bad food when it comes to the bar business.,2,n
1,"Ok, I have eaten at the Ah-so on Happy Valley road several times and this is horrible in comparison!!!  I ordered the shrimp, which is what I have gotten at the other location, and it was practically inedible.  Everything just tasted 'off'.  To top it off,  I showed up with my handicap grandmother, exactly on time for our reservation, with the other people in our party literally pulling into the parking lot.  My grandma has trouble standing and getting up and down.  I explained this to the hostess and she would not seat us!  I even said I would order for them (even though they were just a few moments behind us).  Very bad experience at this location and will never return.",2,n
1,"Meh.  The Harris Grill is one more American business in a long line to have great ideas ruined by terrible execution.  An entire page of delicious looking burgers?  Bland and overcooked.  Cool looking spaces?  Can get cramped and awkward with groups, and sometimes it's hard to get a server or bartender to notice you (I've never once thought a group outing here was anywhere approaching \""comfortable\"").  And what about the famed BACON NIGHT?  It's not even good bacon!\n\nThey'll have to knock their game up several notches to achieve the potential contained in their great ideas.",2,n
1,"I've had one okay experience at Thai Lahna and one pretty bad experience. \n\nThe first trip, my friend and I received our food promptly and it was good. I had the pad kee mow and it was tasty and the serving size was large enough to have a take home box. The service was nothing to write home about but it wasnt awful. \n\nThe second time I came with my husband, the service was deplorable. It took us 20 minutes just to get a glass of water and an acknowledgement of our presence. My husband ordered pad see eew (I'm so sorry I don't know the correct spelling, I'm just going phonetically here) and the waitress told him that they didn't have it. It's a pretty common thai dish so he asked for it by a different name, like drunken noodles, and she said she didn't know it again and only knew \""the number\"" - common for restaurants with hard to pronounce dishes. She said she didn't know the names of the dishes, she just wrote down the numbers. She was really short with us and basically belted that if it wasnt on the menu they didn't have it. \n\nShe then asked her colleague to come over to our table to again point out that they don't have the dish, and began speaking over our table to each other in Spanish. \n\nShe then left for 10 minutes when someone from the kitchen staff came out. My husband asked again for the dish he desired and the staff member knew it immediately and put in the order. \n\nI can understand a fresh server and someone who isn't as familiar with the menu, but to be put on the floor with zero training and to be so rude to a customer really blows my mind.",2,n
1,Nice owner nice concept but horrible hand made maduro.   Cigar had a horrible draw and would not burn.  Sad to say I was hoping this would be a nice surprise but I am very disappointed.,2,n
1,"Vegetarian egg rolls: greasy and not so nice. Fried rice: greasy and not so nice. General Tso's chicken: arrived like a soup, there was so much brothy sauce I had to be careful not to tip the container. Also was supposed to be broccoli and chicken; two tiny spears of broccoli were the only vegies to be seen.\n\nI knew I was going for Middle America take-out Chinese and had low expectations, but the food really was only marginal. The service at the counter was nice and the food came out hot and fast. Just not my style.",2,n
1,"The only reason I remained a member here for a year was solely because of the location. As far as price goes, no complaints. But a lot of the equipment is outdated and there is always at least one piece of equipment broken. The gym in general does not feel clean. I would avoid the men's room at all cost. And the free weight area always had a very distinct smell of urine and mold.\nThe trainers were always friendly and would say \""hi\"" but the front desk staff generally seemed more concerned with their conversations amongst themselves then acknowledging members. \n When it was finally time for me to move and cancel my membership it took almost a month to get it done. Their first excuse was sorry there's not a manager on duty, it was a Saturday afternoon.. The second time I was given a phone number to call after 3 tries and 20plus minutes of holding I tried going back in again. The third time I tried the front desk guy said \""Just go work out and afterwards you can cancel\"" An 45 minutes later... \""Oh sorry the manager stepped out you can come back later today if you want to cancel.\"" This place could not be more poorly run. Other then the convenient location and hours there is not much else positive to say about this gym. I would never recommend this gym to anyone.",2,n
1,"My friends and I came here to for a bach party and decided to get out nails done. My advice, STAY AWAY!! The lady who did my nails cut my cuticles so close to my skin I bled, twice! The same lady did my friends nails after me and cut her as well!! \n\nSure you get what you pay for but still $19 bucks for a french manicure is still money, just hold on the cutting my skin and the bleeding! \n\nI will not go back.",2,n
1,"I was headed to TeePee, but at the last moment had a change of heart. I decided to go for a new Italian place, and this small restaurant caught my eye. Very small dining room, with nice tables positioned so you can sit close to your date. I had the prosciutto and melon, which came served as a single slice of Cantaloupe sitting on a bed of prosciutto. It was OK, but I was not a fan of the presentation. For my entree I had the Veal Parm, and it was sub-par. It felt like a chicken fried steak. The wine selection was nice, but not anything noteworthy. I noticed three servers, only one of which actually fielding questions, the other two in charge of bread and busing only. I would have preferred a darker, more intimate atmosphere, but it was not bad. The bill for two came to approx $80. I don't think I'll be back, there are too many spots to check out before this place deserves a second visit. Nice if this is your neighborhood Italian spot for a mid-week meal.",2,n
1,There are a good selection of places to eat. Nice lobby,2,n
1,"Having such a good reputation, I was a bit disappointed with my last trip.  My boyfriend and I have a VW that is often occupied by our amazing American Bulldog Cashmere.  There was a good buildup of his fur in the backseat so we decided to spend the money and get a full detail on the car.  Upon arrival, they told us that it would be ready at 3pm.  Then it was later changed to 4pm.  After arriving at 4pm, my BF waiting another hour for our car to be finished.  Upon completion, the employee said :\""You really need to get a different dog, because it took us so long because of all of the dog hair in the backseat.\""  \nIM SORRY THAT MY $150 WAS A BIT TIME CONSUMING FOR YOU TO FINISH THE JOB WE PAYED FOR.  I maybe would have understood if we would have purchased the lowest wash/clean or something, but we bought the most expensive...so if you really expect a car not to be a bit dirty, maybe you shouldn't work at a car wash?  I'm just saying, it was a bit insulting.",2,n
1,"Definitely not my favorite airport....\n\n*Horrible food options, no good bars.\n*Inefficient, long security lines nearly all the time\n*UGLY\n*no free wifi (Vegas has spoiled me!)\n*rental car place is FAR and takes awhile. You have to add an hour to your travel on either side to deal with the rental car pickup/return.\n\nI wish I could think of something remotely positive about this airport, but I can't !",2,n
1,"Had the worse customer service today.  Wanted to treat the kids and grab a coffee.  The music was blasting, only one customer seated and girl at the counter was annoyed and rude.  We were placing our order and 3 more customers came in, the girl told us to hurry she wanted to close out our order and move line.  Told us to get out of the way of the register, walked away and yelled for another employee.  NO SMILE. NO THANK YOU. SHE WAS THE WORST.  We were not happy I didn't need to start my day like this!",2,n
1,"Spent 4 nights - I have stayed here before and things have changed. #1 new lobby -very nice and the lobby grill is a nice addition. I like the fire pits outside the lobby facing the golf course - great place to relax and sip a beverage. A few things I did not like: #1 $30.00 resort fee per day - excessive and total hold-up- I would have preferred being mugged at least that would have been a good story LOL #2 $14.99 per day for WIFI access in your room - you can only use one device if you try to use your laptop and maybe ipad you get charged double - go figure that one out, #3 the rooms are showing a lot of wear and need updating badly - my room painting had not been done, stains on carpets, TVs are like 12 years old and small, lamp shades were scratched -overall major update is needed. Would I stay here again - probably not if the resort fee is still applied and if the rooms are not updated anytime soon.",2,n
1,"Stale chips, horrible salsa, bean dip was NOT edible. Two stars for mediocre food, and service. Plus margaritas were good, pitcher of Cuervo gold margaritas. Meals were overpriced, $10.50 for a taco salad, which wasn't very good, $11.50 for two chicken tacos, with 2 slivers of chicken in them. Save your $$ buy some pre-mixed Jose Cuervo mix, warm up some frozen burritos, add some pace and canned refried beans.... That will much taste better!",2,n
1,"The only draw here is the view of the city lights.  I used to kiss the boys here in the parking lot during college, but now that I can pay to eat here... it ain't all that.  The music is way too loud, we could not talk or hear each other with a group of 8.  And you definitely get 'tourist' feel, especially when you see the buses pull up... though luckily they seat them in an adjoining room away from view.\n\nGet the cutesy steer horn paper hat from the hostess, it was sort of the highlight for our table.  That said, 'nuff said.",2,n
1,"We got this hotel room via Hotwire at a great price.\n\nThe location was good, although not close to where we were headed while in town. It was easily accessible to the highway. Parking at the hotel is expensive.\n\nMy biggest complaint is that our shower wasn't clean. The walls in the rooms were thin; we could hear our neighbor's dog barking, as well as other people using their showers/bathrooms.\n\nOverall, for what we needed the room for (sleeping after a show), it was fine. But with the thin walls, expensive parking, and the dirty bathroom, i'd never stay at this place again. I've had better experiences in smaller, cheaper hotels.",2,n
1,"Once I learned that Dr. Bebko charged twice as much as The Humane Society, I stopped taking my cat to the Cat Clinic. If you only need an annual examination and shots, go to The Humane Scoiety (and make a donation!). If you have an emergency, go to the VCA Castle Shannon Animal Hospital. For everything else, try the Cat Clinic. A day before a recent trip, my cat began behaving erratically. Because I live near the Cat Clinic and they had a same-day appointment available, I went there. I waited 40 minutes past my appointment time and I didn't appreciate Dr. Bebko's \""doom and gloom\"" comments. I won't be returning if I can help it.",2,n
1,"I had a surprising lunch at the Thaiger.  Received a royal welcome from a singularly beautiful Thai woman, sit where you want, move chairs to be more comfortable, we are so glad you are here etc etc.  Then nothing.\n\nMaybe it was our fault as we chose outside on a cloudy cool day.  After no response, I went in ordered food.  Food was delivered 45 minutes later.  Didn't have a complete place setting and they never returned so I trudge back inside and so it went.\n\nThen adding insult to injury the food was bland when it arrived.  Why ask about spice levels?  Another trip to the bar for some peppers.  They gave me chopped serrano peppers so I can only conclude the kitchen was not attentive to our choices.\n\nWe chose WT based on Yelp reviews and have to say it looked like they would know Thai food and maybe on a different day the experience would be better.   However, on our visit, we were treated as intrusions instead of guests and are not likely to be back.  Not worth the time or money solid 2 stars.\n\nMike",2,n
1,"Read the reviews on Yelp tonite and decided to give Arriba's a whirl.  We went to the Camelback location.  The place was OK.  Nothing stupendous and nothing God awful either.  The whole place looked pretty grungy, in particular there was trash all over the floors; bits of paper, wrappers, gum and such. \n\nThe service was \""meh\"".  After we were seated a highly disinterested bus person or food runner dropped off a heaping wrought iron edifice of greasy, pretty tasteless chips.  They actually tasted more like cereal than tortilla chips. She also sloughed off extra ramekins of bland, but spicy bean dip and salsa.  She kinda dropped the stuff on the table and withdrew quickly as if she were throwing a diaper into the trash.  Our server barely spoke English and barely seemed to notice we were there.  She seemed either aloof or afraid to speak, which I guess was her personal rendition of subservience or something.\n\nThe BF and I both wanted to try the White Sands Chimi after all the awesome reviews on Yelp, so we agreed that he'd get it, give me a bite and I ordered the Arriba sampler, which was like 8 appetizer sized chucks of really greazy, indistinguishable and pretty tasteless finger foods.  He ordered guacamole with his and I asked for sour creme with mine.  His guacamole did not come out on his plate or on the side, but we were charged $2.50 for it.  I did get \""sour creme\"" but it was more of a frozen glop of dairy than anything else.  The White Sands Chimi seemed like it would have a good flavor but I couldn't really savor it because the intense burning was too much to endure. The BF & I literally swapped plates halfway thru the meal b/c he couldn't take the heat of the chilies anymore.  I really don't think they're hatch chilies. They burned like jalape\u00f1o.  I buy roasted hatch chilies fresh-roasted at Food City all the time and they do not burn the crap outta your tongue like this food did.\n\nOur server never came back to check on the food, our drinks, bring more water or soda and I literally had to flag her down to ask for the check.  It was NOT busy in there at all and I saw about 5 other servers buzzing about serving the maybe 10 tables total that were seated in the whole place.\n\nAll in all -- nothing overwhelming, including the food. It just all tasted like overly greazy fried corn chips that had been in a half empty cereal box for 6 months.  Other than \""spicy\"" -- there were no particularly memorable or enjoyable flavors.  I don't think that just burning my (I suppose wuss-assed, from other people's reviews) tongue on bland fried foods is authentic Mexican.\n\nThere were some people hootin' it up in the bar. I guess if you like Big Gulp-sized margaritas, this place might be cool. Doubt I'll return.  The BF liked it though, so who knows. Maybe it was just an off night for me.  The desserts did look amazing so maybe some other time we'll check it out for sweets.",2,n
1,"The bacon commercial with non stop fries, only says \""HEART ATTACK!!!!!\""   Thanks Applebee's",2,n
1,"Very outdated, and super crowded. It is nearly impossible to walk in a straight line, and there is not nearly enough seating in the concourse.\n\nBoarding was very chaotic, as there was really no where to stand or line up without getting in everyone else's  way.",2,n
1,"Terrible value. This place should be like $70 a night. \nNo free breakfast, expensive wireless, pillows were either laughably huge or flat as a pancake, bad smells, no ventilation in bathroom, filthy carpet, cuddled creamer for the coffee. These are just some of the complaints that our entire group had, across over a dozen rooms.",2,n
1,"I think for the average person I would give it 4  stars but for the reasons stated below it dropped significantly!  If I cannot be safe then what's the point?  First off a yelp check in offer appears for this restaurant stating a deal on gluten free toast.  According to the Manager they don't advertise with yelp and think that yelp is a rip off because if you don't advertise with them then you get less stars...so that is why she'd never advertise with yelp. So I don't know why that comes up on my phone app.\n\nI am a celiac so it is dangerous for my health if I eat gluten (wheat, barley, etc.)  This restaurant offers gluten free toast and pancakes.  Most people would assume that since they offer these choices then they would follow cross contamination guidelines and know how to prepare food to keep people with Celiac safe.\n\nThis is not the case. Yesterday, I had an excellent waitress.  I asked her point blank if the gluten free toast (which is more expensive) was toasted in a dedicated toaster.  She said that yes, it was toasted.  I then said again specifically, \""So you have a toaster JUST for the gluten free toast?  And you are using separate utensils and butter?\""  She looked at me like I was speaking Russian (and that is NEVER a good sign when addressing these issues.)\n\nShe stated, it's toasted in the big toaster we use for the toast.  AH!  So then I asked if they prepare the gluten free pancakes on the same griddle as the regular ones and prep those in the same area as well.  And the answer (that I figured was coming) was yes.  No, there is no other prep area in the back for keeping gluten free items apart.  No cross contamination education imparted.  She didn't even understand that there needed to be any procedures followed. \n\nNow, don't get me wrong, this was a very nice waitperson.  She was very concerned when I was asking her these questions.  I asked her if she could make sure that someone with clean hands (not having touched regular items) could get me my slices of gf bread and just put them on my plate and not toast it?  And she did that for me herself!\n\nPretty soon the Manager came over to follow up on the gf toast issue.  I asked her again if they had training and separated areas for the gf products and she said that they did not.  I asked her why they didn't if they were offering gluten free toast and pancakes.  I told her that I get sick when the toast is made in the same toaster from the other bread crumbs being on my gf toast.  That I had eaten it there before and now understood why I had been sick!\n\nHer answer (I kid you not!) was that people with Celiac Disease should just KNOW that a restaurant like theirs wouldn't follow protocols or that a person should ASK how they were prepared.   They just offered gluten free items for people restricting gluten from their diet for lifestyle.\n\nREALLY?  Advertising something gluten free and charging significantly higher prices for it do NOT get you access to the safety of training your employees?  NOT stating that on your menu?  I now KNOW that she knows there is a difference since she said that she expects Celiac's to know they won't follow safety precautions!\n\nI told her that I think that she is endangering people's health and that her answers were not acceptable.  Her entire explanation was that I couldn't possibly hold her responsible for my issues if I didn't explicitely state my needs to her so they could tell me their gf foods are unsafe for me to consume.\n\nI won't be back!  But if you don't have gluten or other dietary issues.....go ahead on!",2,n
1,"Went here on a recommendation from a friend. If this is the best sushi Phoenix has to offer, then I'll never, ever eat sushi there again. It was a while ago when I ate there, but I made a note that the seaweed salad was terribly dry, the fish on the sushi was tough and rubbery, and the rolls were just lame. My coworker ordered teriyaki chicken, and the sauce was too sweet, and the overall dish pretty blegh. To make it worse, service was ridiculously lackluster. We were seated outside with a beautiful view of the cars passing on 32nd St, and actually had to go inside to find our server after being ignored for 20 minutes to get our check. Aaaanyway, will have to find a better place next time I'm back in town.",2,n
1,"Been here 3 times and no more for me. No matter if I go for lunch or dinner, weekday or weekend, the food quality is poor. Steaks are tasteless and tough, chicken is overcooked and dry. My friends had ribs and won't order them again. Salads are extra with the meal and pretty sad. Only thing I really like was the fried pickle appetizer. Prices are above average for everything, and the mixed drinks are weak. Place is in need of an overhaul on remodeling, lobby is musty and outdated. Location is prime and the place really makes a killing on boat and lake traffic docked onsite, which is probably why they stay in business.",2,n
1,"Going out on a birthday date, I wanted to give my date a good first time sushi eating experience. Though was left pretty dispointed and a somewhat hefty bill that was beyond what the food was worth.\nBecause this was on a Monday night, it hardly had more than 7 people inside so parking was a breeze. \nInside the layout is pretty akward, and the high tables dont make it easy to be close to your date, the wide tvs were a nice touch and a huge selection at the bar.\nThough the atmosphere was far from welcoming, we ordered the calimari for the appetizer and two rolls (shrimp and the dragon)\nThe calimari was very small in portion but i didnt mind cause it was extremely tough and bland. Our order sat on the counter for 20 minutes before the waitress finally took the time to stop gossiping with another co worker. The rolls were again bland. My date and I eventually decided to just leave and order from the nearby panada express which sadly was FAR better and cheap.",2,n
1,"Had lunch there today with my wife. Two hours after we finished my wife was cramping up and needed a couple of trips to the bathroom. She had the Pollo Caprese which she always has when we visit. The food tasted fine while we were eating it. I had no problems with my meal. Just out of curiosity I googled \""Arizona Restaurant Inspections.\"" Well, you will be unpleasantly surprised with the last few write ups. They are ugly!!! So be careful eating there and good luck if you do.",2,n
1,"It's MCDONALDS! You wanted a review.. Ok keep your panties on... here it is...\n\nThe place is always slammed (yay for fast food).. You think going into a drive-thru is fast.. It's not. Make sure you check your order as it often comes back wrong - the place is run by 16-19 year olds I swear to god. \n\nIt's a clean place. Well there's something.. It's fast food so you don't have to cook - although I don't know why I'm saying fast in anything because they are not here.. Lastly, it's on the way through Mt. Holly on the way to 85. \n\nAnd that's your 20 second review.. I warned ya.",2,n
1,"Best way to put our experience there into words? Bipolar. We went for a prom dress. Poor customer service (other than the consultants who were great, that's why I rate 2 stars, one each for each consultant we worked with, the store itself and other staff get a zero), turning away people 40 min prior to close, guess they don't want to work one minute past 7pm = lost sales/revenue, restocking holds even after calling to say we were coming to get it prior to closing, 5 minute alterations taking over an hour (a brides bustle apparently trumped us, we learned this later, we were willing to pick up the dress another day but were asked to wait). Here's our experience if you care for details...visit one, Saturday morning...we walked in and saw prom/bridesmaid etc. to our left and migrated towards the dresses. Okay, yes, the was a little podium to our right with a woman standing there, but didn't think anything of it (assumption was made, that she is there for women with bridal fitting appointments). She didn't say a word to us. We perused the dresses, pulled some, even asked someone at the sales counter if a certain dress was available in another size somewhere (was told what was out was what they had and that was fine). Still, no one mentioned to us that in order to try on the dresses, we needed a junior consultant working with us (everyone is apparently supposed to check in with the lady at the podium). They had 2 opportunities to assist us with the process and ignored us. Anyway, we go \""sign in\"", the lady at the podium barks over the intercom for a consultant and my daughter is taken to a fitting room. I will say this, the stylist/consultant was very nice and very kind. We put 2 dresses on hold, since this was the first store we visited and headed to some other stores to shop. When it became clear, around 5pm that the dress she wanted was one of the ones at David's, I called to let them know we were coming for it and not to restock it. They said great and we headed back in that direction. When we got there at 5:30, the dress had been restocked. They couldn't find it in the \""on holds area\"" WTH? I didn't complain, just glad it was still THERE, albeit on the regular sales rack. My daughter tried it on again and we noted the hook and eye closure was broken and there was a seem pull on the back as well. Again I will say, the consultant this round was very nice and kind as well, just as much as the first, even helping my daughter find matching shoes etc. and getting the minor alterations done on the spot. Or so we thought. Here's where I need to complain. The alteration lady took the dress to the back, and after about 20 min, we inquired what was taking so long. Our consultant was kind enough to go check for us and came back and said she was currently working on it, We had dinner plans, it was after 6 at this point so we said we could come back for it. The consultant seemed miffed at that and asked us the wait, since the alterations were being done, right then, and the alteration lady was taking the time to do it immediately and putting other things aside for us. We felt bad, and stuck around. BAD idea. At 6:20, still waiting, a prom girl comes in and tries to check in with the podium and is TURNED AWAY, the woman there tells her that since they close at 7pm, she won't have time to try on dresses. WTH again?! There is 40 minutes left to pick and try on dresses! Our visit that morning was only 40 minutes? Lost sale opportunity. We witnessed this again 10 min later, this time with a bride and her bridesmaid seeking bridesmaids dresses. At 6:45, we were done...late for dinner, it had been an hour, when finally, the alterations woman comes out. She was apologetic at least, telling us a bride's bustle had to jump in front of us. Another WTH moment! We were fine picking it up another day but were told she was working on it and asked to wait. A very frustrating moment indeed. Someone should have come and told us that, we would have left and come back. Overall, their consultants, who I'm sure work on commission, were motivated, friendly and helpful. The other staff were horrible! What's also bad for this location is I am a bride and haven't begun my dress search but perused a little while I was there, even mentioned I was a bride, totally went on deaf ears. Another lost sale opportunity. We will never shop here again.",2,n
1,I was surprised this business was in existence.  I went for a meeting an wanted to order a single order of French toast.  I was told it is only available on the buffet.  Well that was a wrap for me.  I am glad our meeting is changing either way I will not be returning.,2,n
1,"Sushi was okay.  $24 for all you can eat sushi. We got a few rolls immediately but then it took them 45 minutes to bring the rest of the sushi. You only have one hour so we couldnt order anything else. Worse, Most of the sushi they brought to the table was not what we ordered.  They dont refill your drinks and generally have bad service. Beware!",2,n
1,"Had a great meal with some friends. Everything was great at the restaurant. Love the breadsticks, by the way. You can never have too many on the table! Cut to 5 hours later waking up at 1 am to spend the next two hours vomiting violently. Sea food + vomit = ROWDY!!! Maybe it was my fault for ordering sea food in the desert??? Would normally give OG 4 stars but just can't do it this time.",2,n
1,"I am a pretty easygoing guy. I would've overlooked the fact(s) that:\n\n1. Jim Beam is your only bourbon. \n2. For some reason two drinks came out to $9.90.* \n3. Even with only 10 people in the bar, the music was absolutely deafening. \n4. You charge a $3 cover for no discernible reason.\n5. Rolling blunts is apparently kosher inside the bar, but sharing, not so much.\n\nHowever, I can't let this slide: your claw machine is BULLSHIT. That is the weakest claw of all time, and there's no chance it is EVER picking up anything in that cage. I feel violated, and I want my dollar back. \n___________\n\n*I think that's some sort of weird PA tax thing.",2,n
2,"I love Trader Joe's as much as I love to cook or eat, but this one just doesn't compare to the other ones on the other side of town. I came here after downing a ridiculous feast at Amena and wanted to walk it off while looking for some groceries. \n\nThe outside looks run down, but the inside is well kept. The small is small and the produce did not look that great. I am not a huge fan of frozen food in most instances, but TJ definitely changes my outlook on these quick meals. The Veggie Tikka Masala Burgers are amazing especially when paired with their Mango Chutney. I am also a sucker for anything boasting high fiber, so their cereals and Fiberful Oats and Chocolate Chip bars are a constant staple in my house. Just one taste of these items and you would not be able to tell that they are healthier for you. \n\nWith radio commercials boasting about how friendly and personal their staff is, I was a little skeptical if it was consistent throughout all stores. I am glad to report that it holds true.",3,p
2,"We went to Dragonfly Cafe last weekend for breakfast at around 9a. We were nervous walking in as we were the only people in the entire restaurant, but slowly more hungry patrons arrived. I ordered eggs benedict & Ryan ordered the biscuits and gravy. The eggs benedict was okay - it had a funky taste I can't put my finger on. Ryan's plate was good & had a kick to it. \n\nService was nice & the prices were comparable to most breakfast spots.",3,p
2,"I'm not a huge fan of their food, but their cheesecake is amazing. Maybe I order the wrong thing? \n\nLOVE the Oreo cheesecake.",3,p
2,"We went here for my daughter's birthday a few days ago. I was really interested because I've been to some very modernized Red Robin's in my day. The only thing my 4 year old wanted was Mac 'n Cheese and there's is good. \n\nWhat do I like? I like the bottomless steak friends (believe me, they are bottomless!) and the bottomless speckled lemonade. Yummy strawberries in the drink itself! \n\nTypically the burgers are good and I am picky, but this time mine was under done and that really bothered me. Also, our waitress was not very fast at all. She barely even came and when she did bring more lemonade, she just dropped it by without asking if we needed anything else. \n\nThey do have a free sundae for birthdays, but they didn't try to upsale dessert to the rest of the party before bringing it out (they could've made a few more bucks if they had!)\n\nOverall, not bad, but I've been to better.",3,p
2,"They have good acts coming around here, and often give out free tickets, particularly ine summer. I've never actually paid full price for a ticket here. \n\nThe two-item minimum is bit bothersome to me though...I don't mind the requirement so much, but the quality isn't good and the prices are high. Our four items total came to about $30 (two appetizers and two beers) and the apps were really nothing to write home about and the servers aren't even very friendly. Also beware...they have a lot of rules here. They won't seat till the whole party is there; if you get dinner reservations everyone in the party HAS to order dinner, automatic gratuity added to the check, etc. etc.\n\nThe \""box office\"" is also weird...you get your tickets at this window complete with microphone and slide-under slot...then you walk into the club and the box office is completely open and the workers are just sitting right there, so I don't get the whole hoopla with the window.\n\nAll in all though, the seats are comfy enough, the atmosphere is pretty nice, and the acts are good.",3,p
2,"Good food but pricey. No salad with entry, just cold bread. Very large portions",3,p
2,"We have been here a couple times.  I had chicken fried steak with mashed potatoes and gravy. Everything was so salty I couldn't eat much.\n\nThe next time, we had the all you can eat cod. When the waitress set down our plates, I could see the grease on the fries. They were dark and all soggy and limp. I told the waitress and she said she would bring more. It took quite a long time. We were already done eating the fish before the fries came out.\n\nThe new fries were crisp and golden.  She said they never should have sent them out like that.  Later another woman came and apologized for the fries but said that's the way they are and you either love or hate them.  Really?  Which story was it?\n\nAnyway, I would go again for the cod and ask for the regular fries; not the \""natural\"" ones.",3,p
2,"I was not impressed. For a business traveler, there are better choices nearby. \nWhen I drove up, the valet told me there was no self park, but I could see it less than 100 yards away from my room. I used it during my stay, and it was convenient and much less expensive. \nThe entry of the hotel was constantly blocked by party goers, and I couldn't find any alternate entrance/exit. \nMy bill was wrong at checkout. They adjusted it, but then mysteriously placed an additional unauthorized charge of $13.94 on my credit card. \nSeriously wishing I opted for Embassy Suites across the road...",3,p
2,"Panera does a nice job on some items.  Stopped to have lunch with a friend who wanted to use the WiFi and get a bite to eat.  \n\nKind of a soup type day, rainy and cool...so had a bowl of low fat veggie...very nice and a greek salad that is pretty good.  The best part was the fresh baked bread.",3,p
2,Desert was great - beer was good.  Food was under seasoned a bit with out the sauce.  Husband liked it with.,3,p
2,"Came here for lunch, however I do want to say that I went to the deli next to the Hearst tower. It was super busy though!\n\nEach sandwich is hand made to order and it was not bad. I got the smoked salmon BLT which was actually surprisingly not bad. The prices are a little off to me, but I guess you're in the city maybe that's how it goes. This place is an in and out restaurant. Call what you want what bread you want (and make sure to say roll instead of for example wheat which is sort of just like bread) and they'll make it and you'll be out in a couple of minutes depending on how long you wait in line.\n\nThis place has pretty fresh ingredient and I would no doubt be coming here if I was working downtown. However, this place I give three stars for the wait time, the prices, and that overall it just wasn't amazing nor bad.",3,p
2,"Look all you sushi snobs who like to pull rank, I too have been to Japan. Whoa. Crazy, I know. Moto sushi is good. Moto sushi is not great. The best time to enjoy it is at happy hour or during \""all you can eat.\"" \n\nThe thing is, the underground menu is too expensive. I'm not a cheap person, ask my friends ... sadly, I am more likely to over-pay for things and I have no patience for sales. Given that I am a chump, who spends too much money, me saying their creative sushi rolls are too expensive says a lot. If I want to pay $13 for a roll, I am going somewhere else. Otherwise, the basics are value priced and pretty darn good. Good that is, not great.",3,p
2,"Step back in time and experience an old-fashioned soda fountain right here in Arizona! The surrounding area has changed quite a bit, but inside MacAlpine's Soda Fountain it's still 1929. \n\nLunch and dinner selections include comfort food classics such as meatloaf, burgers, sloppy joe's, and egg salad sandwiches. Don't forget to try a malt shake, phosphate soda, egg cream, or soda in one of the 30-something flavors (from sarsaparilla to bubble gum)! \n\nWe came here on a Saturday and our group sampled the chocolate malt shake ($5.50), Sloppy Joe ($6.95), Pastrami Rueben Sandwich ($7.50), and a small sundae in one of the old wooden booths. All Sandwiches are served with your choice of Potato Salad, Hawaiian Cole Slaw, Carrot Raisin Salad, Carrot & Celery Sticks or Potato Chips. The Hawaiian Cole Slaw appeared to be missing the \""Hawaiian\"" part of the dish but the potato salad was good as was the carrot raisin salad. \n\nThis is a fun restaurant to visit with out of town guests or families with kids that want to enjoy a sundae with the little ones.",3,p
2,"Very trendy sushi place situated in central Phoenix.  The set-up of the restaurant is nice, with both indoor and outdoor seating.  I was only there once so far, so I need to try it at least one more time, but I was disappointed with the quality of the food.  It was not bad, but there are far better sushi bars in Phoenix.",3,p
2,"We went in to get just desserts and both were delicious! We ordered the Butter Pecan Blondie & the Triple Chocolate Meltdown. The butter pecan dessert was served on a hot griddle which kept the cake hot the whole time & it went well with the ice-cream. The chocolate cake was also good .. Very chocolate-y & again that went well with the ice-cream.\n\nThe only couple of things that were off-putting were: the service - it took quite a while for someone to come around, so we figured we'd put the order in right away when we got drinks & also the table was so sticky! It was like it wasn't even cleaned with a clean rag.\n\nTheir happy hour menu looked really appealing - half off all appetizers & specials on their drinks. We'll probably be back for that.",3,p
2,Had the Victoria's filet 8 oz. It was delicious as always. The mashed potatoes were not very flavorful though. Could have used some garlic or something. I also got a side of snow crab with my order. The cream was alright. It seemed like it was overcooked and it was kinda dry.,3,p
2,"This has to be one of the largest malls in Arizona.  It's massive.  I went here to shop for vitamins at Vitamin World and had to try and find it.  Luckily, I called ahead and the guy from Vitamin World gave me directions on where to park, by the theater....otherwise, I wouldn't have found it.\n\nWhen I walked in, I was surprised to find amusement park type attractions inside....big bouncy things full of kids, and other stuff.  This place was packed.\n\nWill have to come back when I have more time to wander around and check out other stores.\n\nReturn Factor - 60%",3,p
2,"I don't think the drinks are as good as Aldo down the street, but Uptown has a much more laid-back and relaxed vibe than the Aldo circus.  Maybe it was the time of day, but it seemed like the staff were a little less than thrilled to help us.  When we asked for details on a drink, I had the feeling we were taking away from their valuable time for them to answer a question.  They have much more food options than Aldo if you'd like a treat with your drink - lots of cookies, biscotti, brownies, etc.",3,p
2,"the salads are quite exceptional, especially for philly\n\nthe muscles are buttery goodness\n\nthe sushi is just not good, i don't care what the woman who eats there everyday cuz she lives across the street says\n\nand i think they put mayo in some of their sushi, which - however authentic - is disgusting",3,p
2,First off...try the meatloaf and soft pretzel sticks..sooo good lol....I've been here quiet a few times and its been a pretty good experience...drinks are a little pricey when comparing to a place like Native New Yorker but its still a good place to hang with friends,3,p
2,Had dinner here and it was located in my hotel (Westin). Enjoyed a Lobster Bisque and a Green Curry Cod. The service was a little slow but friendly. My fish had several bones in it. The bread was sourdough with a shrimp butter. I think it was a bit pricey for a seafood restaurant. I didn't try the sushi that everyone was raving about. Where does a restaurant in Pittsburgh acquire fresh fish for sushi?,3,p
2,"I've tried to go to this place many times, but the days and times where always  a mistake as it can get really crowded. \n\nSpoiled for so long with 4 peaks, I had to give it a try no matter what. They have a long list of their own beers and that was the best. I had the Grand Cru seasonal and it was just fine. \n\nFood is ok too, but they seem to fill your taste with the presentation of massive dishes. I had a BBQ sandwich that was ok but nothing I would order again. French fries are good, but sorry I'm far too adapted now to the ones at 4peaks. \n\nFriday night or Saturday are the best days to go and frustrate yourself looking a spot to sit. Sunday for lunch worked much better.",3,p
2,Good for a quick dinner.,3,p
2,"Wagon Yard used to be awesome, but it has since fallen to \""still pretty good\"".\n\nTheir happy hour wing special is still good, it used to be 25 cent wings, now it's 30 cents. Their steaks are pretty good but for some reason used to be better. Their bbq ribs are still great though.\n\nI don't know, maybe it was the service. The first time my wife and I went we couldn't wait to come back, and then we brought a friend, and then we went again and wasn't quite as good, and then we went another time and the quality diminished just a little bit more...\n\nMaybe they're in a slump, who knows. Hopefully they come out of it. Wagon yard is the quintessential rustic western food and drink joint. they have karaoke very often, and they even have a coupon in the Entertainment book if I remember correctly, so it's worth trying at least once.",3,p
2,"After hearing about the heat and not wanting to burn baby burn, I headed to CVS to stock up on my sunscreen. I really like to sunbathe and don't want to risk being unprepared. \n\nI upped the level to 30 SPF to deal with the 100-110 degree days that I spent in Phoenix. I would have brought it from home, but TSA prevents you from carrying containers larger than 3 oz. and aerosal cans in your carry-on bag. Fortunately there seems to be a CVS in every city I go.",3,p
2,"We had a fairly nice visit to Lao's the other night. The service was wonderful, they treated us like royalty. \n\nFoodwise, I found it  a little mediocre...at least the dish I had. I shared a seafood plate with my husband and I also ordered the family hot pot. The seafood was actually pretty fresh tasting, especially the shrimp, but everything else just seemed a little bland, lacking in a flavor. \n\nI heard some positive comments on the orange chicken from others at the table; and the mongolian beef seemed to be a hit, and everyone was very happy with the shrimp fried rice. \n\nAll in all the food was ok, but not necessarily worth the drive (at least from where I am).",3,p
2,Mediocre food for the $$$ price but great atmosphere and service.  I had the filet because I was feeling picky about the amount of dairy in the other items.  But the steak wasn't nearly as good as anything I can cook at home.  \n\nDrinks and desserts however were well worth it.  I would come back to socialize rather than enjoy the cuisine.,3,p
2,"It's hard to \""like\"" or \""dislike\"" Border's. Border's is like the Wal-Mart of the arts world that needs to do nothing but exist to be effective. \n\nTo compare Border's to a bookstore would be like comparing the internet to a public library. Border's has everything you think it might and more, which doesn't make it bad, by any means, but shouldn't be confused for good, either. \n\nOne section spills over into the next like the way streets in Los Angeles become parkways and freeways without any previous indication. You look up and you're standing at a cafe without realizing that you're no longer where books are supposed to be; you turn up the volume to hear music from the headphones the clerk gave you when all you wanted was to read a magazine. \n\nWhat's an independent bookstore to do? How is the Yucca branch supposed to draw a crowd when everyone has wifi? \n\nBorder's isn't evil or tyrannical or malevolent but it is present and pervasive. Wherever you are, you know that if you can dream it, you can go to Border's and buy it. It is the urban sprawl of commercial space, and it's holding a non-fat latte and smiling at you.",3,p
2,"I feel like Lot 17 doesn't advertise their tasty selection of food enough! You walk thinking you're going to find typical bar food but that is not that case at all. \n\nEverything is very fresh tasting and you can tell a lot of it is homemade! The reason they are only getting 3 stars is each time I've been there the service was so-so. Somewhat understaffed for lunchtime. :( \n\nAlso a word to the wise, their crab cake sandwich is outstanding, but deep fried! :)",3,p
2,"It's been a long time since I've been to this airport. The last time I went through it I just remember spending several hours (due to weather) being delayed. I made many a lap from C Concourse, through the central area, and down Concourse A on the moving walkways. Unfortunately a lot of the shops were closed due to the late hour, but I had my music and I was in my own little bubble.\n\nHad to fly to Charlotte for a business trip on the Monday after Thanksgiving. Jacksonville wasn't super busy when I left, but Charlotte Douglas more than made up for that. The agents - though they take their job very seriously - are all pleasant to deal with and no one was unnecessarily rude.\n\nUS Airways isn't usually on my list of options to consider because I fly west more often than north, but I'll have to keep them in mind next time. Wouldn't mind - with the right amount of time - having a layover in Charlotte.",3,p
2,"I've been here a few times a couple of years ago, back when I used to live in Chandler.  This is a place that many Vietnamese refer me to when I ask about Pho (nail artists and coworkers alike).  But this was before all the new pho places have popped up!  \n\nI've never been crazy about pho, and I can't recall if I've tried it here.  I have tried a few apps and stir-fries, and I have to say that none have been worth writing home about (or more appropriately, none are worth YELPING about).  The outdated/old-fashioned decor doesn't help, either.  I'd say the only positive thing Saigon Pho has going, at least for me, is the server Crystal.  Very friendly, efficient, and she always has suggestions ready based on what you feel like having.",3,p
2,"Upon walking into Office Max I felt I was entering a deserted business. I mean seriously, I saw no one.. And I mean no one.. For a good 15 minutes! I wandered the aisles in need of a rubber stamp pad to fit my wedding monogram .. Up and down the aisles.. Again. Finally!! Yay! There's another human life amongst me..& he took me to my stamp area. Check out was odd.. The girl was umboxing supplies on the check out area..& her manager acted like I just may be bothering their task for wanting to pay... Ok.. Get me outta here..",3,p
2,"I showed up after the lunch rush about 1 o'clock in the afternoon on Thursday, and immediately went to the coffee bar and orders a cappuccino. It came promptly,  it was very good. A+\n\nAfter sitting there drinking my coffee and doing some work on my laptop, I decided to order something to eat. I have to say, the service there isn't great. There was 1 person  in line, and after she rang up the person in front of me, I had to wait 2 minutes before the lady looked up at me. I think she was busy folding napkins. She seemed totally confused and didn't get my order right. \n\nWhen she brought me my hamburger, she didn't offer me any utensils, or a napkin, or salt-and-pepper, or any condiments. I had to walk up to the bar to ask her for that. Also in addition, I asked three separate times for a to go container. I never received it, finally walking out. I eat out 7 to 10 times a week, and quite frankly that was the nicest but most incompetent service I  have received in a very long time\n\nAt  $14, the burger with avocado wasn't great. I asked for the bacon, but never received the bacon. \n\nStill, the ambience is great, the pastries and baked goods look amazing!. I would come back just for the coffee, Internet  and maybe a scone or something like that. Also even though the service was poor, all of the ladies there were extremely nice.",3,p
2,"The Farm at South Mountain was the recent cite of a Mom playdate my friend and I scheduled when it happened that both of our moms were in town over the same weekend.  \n\nWe went to the breakfast place, which worked out well because I probably would have lost my mom to baby fever if we'd gone to the lunch spot, as there were several tables of baby shower celebrations set up there.  \n\nI thought the food was alright, but not great.  I loved the fruit salad that my mom ordered and thought that the mint syrup was an innovative touch that really classed up a pretty standard assortment of melon.  The egg burrito thing I ordered was on the rubbery side.  I'd definitely go again.  If only for the mini bottles of champagne.   It is nice to sit outside and look at all the flowers and eaves drop on the young couples and watch all the baby shower guests cart huge gift bags from the parking lot across the street to gingham covered tables under the shade trees.  \n\nI hope Del Web or some other super developer doesn't purchase all the surrounding land and totally ruin the illusion or originality and quaintness created by a brunch at the Farm.",3,p
2,"Five stars for the pie.\n\nThree stars for the service when I was there for lunch with my dad, which is what this check in was for. He'd brought his dog with on his visit to see me, so we had to sit outside. The outdoor seating area was filthy and our server rarely came out to see us. The food was wonderful, but that only partially makes up for the state of where we ate.",3,p
2,"The vegetable choices are out of this world.  Protein, however is nil if you don't eat beans (like chili offerings).  Thus, I can only give it 3 stars.  They took the meat away from the salad bar and that SUCKS.",3,p
2,"Good food overall. Service was excellent. Nice atmosphere. 3 steaks ordered at my table. They all were happy with their meals. I had a mahi mahi entree and it was decent. Customer Service is so important to me, they won me over!",3,p
2,"There are several Hickory Tavern locations in the Charlotte area, and this one is in the fast-growing Providence Road area.  This also means that it can be absolutely packed, and when there are a few college basketball games on, it's even more so.\n\nThis is because the Tavern is not only a restaurant, it is a sports bar.  That makes it a little difficult to classify, but I'll do my best.\n\nFirst, you have a largish bar area.  This section alone is larger than many sports bars these days, and it looks even larger because it's open, rather than being cramped and confined.  While there did not seem to be any smokiness to the area, there could have been some.  It was definitely loud, as most any bar will be on this sort of night.\n\nNext, you have a dining section, which wouldn't be much different than any other family-style dining area, except for the fact that it was right next to the bar.  So if you take the family, you'll want to be aware of this.  It's not exactly set up for a quiet night out, even on the calmest of times, and this certainly wasn't that.\n\nThe good news for older crowds (those without younger kids) is that if you're waiting for a table, you can wait in the bar section.  They also have these very long tables that run the length of the bar area, and you can even eat there if you don't mind the crowd.  We didn't really feel like waiting, and since the whole building had a sort of bar feel to it, felt like it really didn't matter.\n\nIn the end, it didn't.  The only problem with this was getting the attention of a waitress.  Once we did, service went along fairly well, though getting refills was a bit slow.\n\nThe food was good, and priced decently, but appetizers were expensive, as can be expected in most bars.  Wings especially were not cheap.  But it was all tasty.  I don't know that we'll be back, but it's certainly better than most bars, and definitely a leg up on most sports bars.",3,p
2,"Good ol' annas linens. \nThis location is very tiny, and in agreeing to the previous post, gives a very confined feel. I didn't have any issues locating my needed items, or their prices, but I do think clearer walk through should be introduced. It is very cluttered and the aisles are very narrowed and over stocked. \n\nThe prices for the items are great, and they have a lot of mix and matchable themes.",3,p
2,Good but not great ... the taco is tasty (well I should say the meat) but everything else is just average.  Not bad but nothing to be amazed about.  Fast service and no complaints.  A great place to get your Mexican food fix on.,3,p
2,"I had been to the University location several times and that one is great.  The one in Pineville, although decent, is not as good.  The food was ok but the chicken was dry.  The sushi was decent.  They have great sanitation grades, but there is some wear and tear on the floors near the tables and throughout the restaurant.  They could use a renovation.  Much prefer the University location.  For Japanese steakhouses in South Charlotte, I'll stick with Fuji at Rivergate.  However, if I 'm on the north side of town, I will go to that Nakato's.",3,p
2,"A great Zoo with entry to see and do.  Wear comfortable shoes because there is a lot of ground to cover.\n\nThe camp programs that the offer for kids are exceptional.  Both my 8 and 11 year old loved the camps that they attended at the Zoo.\n\nConsider a family pass if you are a local.  It allows you into the zoo before the regular public.\n\nGet an early start if you want to see more animals, especially in the summer.",3,p
2,"Yea I know, Food Express Chinese Restaurant, sounds like a place in a Southpark episode. When I arrived, the place was packed with Asians spinning their lazy susans around, which is always a good sign of a good hole in the wall chinese restaurant. The interior had strip mall written all over it from the Casino carpet (probably from Station's Casino) to the cheesy neon fish light fixture, i don't even know what to call it.  \nI came here because of the yelp reviews and i was not dissapointed but not wowed. Take into consideration i tried only two dishes, the Mongolian Beef and the Shrimp in black bean sauce. The beef was very delicious, tender, juicy, not over sauced and just the right amount of spice. The Shrimp was standard but i thought they skimped a little on shrimp, all i saw were chunks of bell peppers and onions. The service was good and friendly and i enjoyed my time here. I would give them 3.5 stars and would go back. I did notice a lunch special they had mon-fri for $4.25, looked like a good deal for under $5.00, will try that next time.",3,p
2,It is a bit pricey for being a barbeque restaurant. The food is good but it's not great.  if you're going there you're going for the experience not the food.,3,p
2,This place used to be very good. They are missing a lot of products and their meat and veggies aren't as fresh as before. Sometimes you would get this food one week and the next they don't have it anymore. I hate there is no consistency to their products. It's either a hit or miss sometimes.,3,p
2,"They have a 6-8, bogo deal that was fun but my drinks always came out watery (I order iced mochas and lattes) and never really tasted right. Then they opened at 6:30 which is right after I would be leaving for work so now I never stop, Even though they are literally 10 steps from my apartment. Food is ok. Nothing super impressive. The ice cream is ok as well. Hard to want to go there when there are other options with better quality. I have never had issues with the staff. They do seem welcoming at the drive thru. Now, I drive about 7 miles in the opposite direction to moka, or if I have some time, manna cafe.",3,p
2,"Tasty beef you cook yourself at a large open vented indoor grill. Chef will grill your steak for your for an additional charge of $2.79. Salad bar respectably populated with the usual fare, e.g., red beets, shredded cheese, broccoli, cottage cheese, etc.  Former site of the Round Barn Restaurant.  Overall good dependable and tasty. Not fancy. Wear comfortable shoes if you plan to cook.",3,p
2,"Look past the overgrown weeds, and faded 80's exterior, and take a trip back in time, to the days when Sushi was an exotic delicacy, and a wise cracking Hibachi chef makes comically poor attempts to land grilled shrimp into your mouth..  \nUpon entering Ichi-Ban, I was fairly sure this was going to be a 2 star experience. The place hit it's heyday in 1986, I'm guessing, and the concept and decor are so outdated, it actually ended up being almost like a fantastic retro-dining experience for me. The food, was actually really good too! My previous experiences with Hibachi style Japanese places were LONG AGO, and were not very positive.  Aside from the rather surprisingly racist, and misogynist jokes the Hibachi chef made, I was shocked by how good everything tasted. I had the Calamari ($15.95) which was cooked very nicely right in front of me, and was absolutely delicious.  The simple broth, and salad served at the beginning of the meal were also quite delicious... I could drink the salad dressing by the glass. Super tasty, and everything was very fresh. There was so much Sushi, that I'm even going to list all of what I tried, but everything was fresh, served beautifully, and at the perfect temperature. While it may look practically abandoned on the outside, there's some surprisingly good food being served on the inside.",3,p
2,"Finally made it Chompie's after passing by it many times for work!\n\nOn service alone, I would give it 1 star for the waitress last night that kept looking at us but never came over until 5 minutes after we sat down. She barely even acknowledged us.\n\nOn to the food: about 3-3.5 stars. The husband and I got the Western sliders and the Jewish sliders. I really liked the Jewish sliders, although it is a very greasy / heavy meal. He really liked the Western sliders. According to him, the Tempe location is a lot nicer looking and has better service. I can't see myself craving Chompie's, but if I ever do, I'll be sure to go to Tempe.",3,p
2,"We ate at the S.T. in Tempe once to twice a week before the change to the Field Kitchen (or whatever they called it). Last week we returned for the first time since the return to S.T. \n\nThe first thing we noticed was the fewer selections, fewer customers and some layout changes. When we sat to eat, the most noticeable thing was the lack of freshness of the lettuce, Before it was always super crisp, now it was not. The food was still overall good. They reduced the soups but the chili was still ok. Moving the beverage to the ice cream bar seems to be a bit cramped but the old location was not real good ether.\n\nWe will try a different location next time and see if just this location didn't quite recover from the Field Kitchen. Other locations are a longer drive so we will probably never return to twice a week customers.",3,p
2,I have been here twice and it was good but not my favorite. \n\nThis last time I went with my sister in law for sushi and drinks. My daughter also joined us on this girls night out. Her mac N Cheese was delicous! (I might order that for myself next time.. 5 stars for the mac n cheese... lol). The sushi was good but not the best. I am a HUGE sushi fan so I was kind of sad over the experience. The spicy dishes were the best ones! Go spicy or go home! The not spicy one.. I think it was Korean something or other was gross. My sister in law and I both had a Hibiscus margarita and they were good.. VERY SWEET! They also were really expensive :/ This place is not good enough for the price I dont think but it was a nice experience. Id got back for the Mac n Cheese :),3,p
2,very packed.\nthe pho is mediocre.\nand pricey for what it is.\n\ntheir eggroll isn't that great either. but the fish sauce is pretty good.,3,p
2,Service was great and I like the atmosphere but I wouldn't say it's anything special (except for the the shakes and meatloaf - fit for the gods for sure!).,3,p
2,"Went to this place 2 months ago and was so excited to go back a couple weeks ago. That was until I received my Shrimp Diavolo and the shrimp were butterflied but NOT de-veined. In my opinion, there's no excuse for that in any half way decent restaurant now a days.  I pushed the shrimp aside and tried to finish my meal. Was so disappointed. The live music was good and service was great.",3,p
2,"Came here the other night with my wife for dinner since we were both too tired to cook and wanted some drinks.\n\nWe ordered the side salads and half rack of ribs from the 2 for 25 menu. We then each ordered mojitos. I had a regular one and she got the wildberry mojito.\n\nFirst, the salads. They were delicious. Everything looked and tasted fresh. They were also quite large so we could have probably just had the salads and been fine.\n\nMy regular mojito was ok, but required addition of multiple limes to overcome the soda water flavor.\n\nHer wildberry mojito was absolutely delicious. The strawberry mojito was also very very good.\n\nWe both enjoyed our ribs. Not much to say one way or the other about these except that they were good. The fries that came with them were also good. We each took only one bite of the coleslaw and passed on it. The coleslaw definitely needs help.",3,p
2,"The food choices are just so-so, although I easily found a cup of coffee thanks to my awesome new iPhone App, Gate Guru.  A must for jetsetters! \n\nThe security lines tend to go fast and they have free WiFi, which I've found to be a rare amenity in airports.",3,p
2,"Monte Cello's Downtown does not look like much from the outside.  It is wedged into a small triangular shaped building.  They are open for lunch and dinner.  Their pizza has been a staple of Downtown since 1980.\n\nTheir specialty pizzas include spinach and feta cheese pizza, a little too oily for my tastes (it's made with an oil and garlic sauce).  A much better choice is Buffalo Chicken Pizza, which is Buffalo sauce topped with cheese and spicy chicken.  The chicken has a nice fresh taste to it and while spicy, is never overdone.\n\nBut I love the hoagies the best here.  My favorite is the tuna hoagie, which is served with cheese, lettuce, tomato, & grilled onions.  I know, break out the Listerine strips after eating one of those.  If I like something a little zestier, I'll get the Capicola or the Genoa Salami hoagie.\n\nThey have a lunch buffet here too.  I've never tried it because I prefer my food made-to-order.",3,p
2,"Simple question.  How can a restaurant with a menu as big as the CF do anything right?  Do they do everything right, nothing right, or somewhere in between?  My experience has been that they're somewhere in between.\n\nOne thing for sure, they used to do carrot cake really good.  They don't any more.",3,p
2,"Really great Indian food, just a few blocks from campus. For a quick lunch, it's a great amount of excellent food for a good price. Their naan is fresh and flavourful, and they were great at customizing spiciness levels for the various American/Indian palates in our party. A little bit of a small restaurant, their second location on 1st is bigger and features a lunch buffet for the less-adventurous. However, the Green St. location had a variety of great food options, and a Himalayan chicken special that was divine. Great place to meet and catch up, but can get crowded when students/classes are in session.",3,p
2,Good property that offers a great escape when on business without the generic hotel feel. The setting is fabulous and it's located in good proximity to the airport. Tip: Be sure to request an upgraded room. Service has always been great but the dinner menu is really quite disappointing and the wine selection is even worse!,3,p
2,"Several terminals at this very large airport.  You could have to walk a while to get to a connecting gate.\n\nSecurity line at the main terminal is usually very long, but not at the smaller terminals.  TSA is monumentally slow at terminal 2.",3,p
2,"at first i thought \""oh another lollicup clone\"", but i have to say this place is actually better than that. the prices are also slightly cheaper and their cold tea drinks have a deeper tea flavor.. at least the honey milk tea did.\n\n+ cool tables and couches inside\n- cash only",3,p
2,my wife and i have been to this place a few times and have not had a bad experience .service is good and they have military discount and thats what really will keep us going back!,3,p
2,"This place mostly isn't my style.  Wife and daughter wanted to check it out.  There was a lot of plaid (Al Borland must shop here!), and most of their jeans looked like they needed to be thrown out...yes, I know it's the fashion now, as it was for a time when I was a kid.  But it looks really trashy.\n\nThere were some OK women's tops, and I did find a pair of shorts that were extremely casual, but also extremely soft and comfortable.  On sale, too.\n\nTheir motif is kinda fun.  They have a live video feed of the south side of the Huntington Beach pier on one side of the store, and a live feed of the north side on the opposite side.  Obviously we are on the pier itself!  Cute.\n\nStaff friendly and mostly helpful.  Change rooms are a bit dodgy.  A simple curtain pulled across the opening of a very small space.  Didn't bother me that my curtain wouldn't close all the way (hopefully no one else minded it, though!).  Not much space, difficult to set anything down in there.\n\nOne major plus was that they didn't perfume the air like Abercrombie does.  That alone is almost worth an entire star.\n\nGet the sale stuff.  The regular priced stuff is comically expensive.  $60-80 for a shirt?  The marked-down stuff is more reasonable, especially when they take an extra percentage off.  Daughter got a top that was 50% off, going from a laughable $32 down to $16, and then a coupon made it a bargain (at $11).\n\nOverall, you can find some decent stuff here at decent prices, but you really do need the sales.  And to be young enough to like jeans that look like they're ready for the trash bin.",3,p
2,"I wanted a diner to remind me of the east coast Greek family owned mega-cafeterias that are reliable, completely vast in their offerings, and somehow always ready with dessert.  I found the Five and Diner.  And although it cannot actually compare to all the Diners on HWY 1, the effort is found in the food, the price, and the throw back to the fifties.\nGood for that time when all you really want is breakfast food at midnight and a milkshake.  You could bring a date here...but just keep in mind that the name of the place will either let that person know you are frugal or not yet stimulated by the economic injection by our new leadership.",3,p
2,"Home Depot isn't so much a choice for home owners as it is a necessity, so if I absolutely MUST fix it, I stop here first for parts.  If I need it, they probably have it, from A/C fuses, CFL bulbs, stove parts, new bathroom fixtures, flooring, to another garden hose (aka doggy chew toy), or a dozen different kinds of herbs for my most recent foray into window box gardening.  They are cheap as can be, but even if I go in for washers and duct tape,  I never leave for less than $65.",3,p
2,Service was horrible our waitress was jackie food is good everything took forever to get to the table and people sat down after us and ordered more food and got the food and drinks before us,3,p
2,"I didn't grow up eating southern cooking but I love fried chicken, biscuits and gravy, and banana pudding just as well. So needless to say I had high hopes for Mert's. \n\nI went with the buttermilk and herb chicken fingers which sounded incredible. They were about $11 and came with two sides. Overall they felt flat and had an overwhelming garlic taste that became too much after one or two (and I love garlic -fyi)  I don't think I could eat them again. The Mac n Cheese as my side was a saving grace. Wow-awesome! Cheesy-stringy deliciousness and I ate it right up. My other side was the mashed potatoes which tasted great at first bite but again became overwhelming fast. Perhaps if I went with a veggie side I would have felt better but the food was so rich I felt queasy by the end. My boyfriend ate my cornbread as I don't care for that myself, and he liked it quite a bit. \n\nI had a bite of my boyfriends steak and eggs which were way overcooked and the steak was literally coated with grease - definitely not my type of thing. He said it was pretty average if a bit overcooked for him as well. \n\nI thought for the food quality it was a bit overpriced (but pretty standard for the area) and overall I just felt like everything was too salty, greasy, and rich for my own taste buds. Now I know you're probably saying well look what you ordered and perhaps that is true, but I have had fried chicken and mashed potatoes that felt decadent yet somehow less like my mouth was taking a grease bath.  If I went again I would order something MUCH lighter...lesson learned. \n\nOn a positive note the service was fast and friendly and the restaurant itself has a lot of memorabilia that makes for interesting conversation pieces. So for me Mert's is just ok.",3,p
2,I like to eat  at  here  food  is  assume  and  great i came here  for  7 yrs  now  but  i alway  think  kitchen is  so  dirty lol\nThis is  problems i can not give higher stars . I have  6 and half yrs of experience being  chef so  i can  see  that  dirty kitchen...,3,p
2,"When I lived in North Scottsdale, this was one of my \""go-to\"" theaters.  Now it's a bit of a drive, but I made the trek today... the plan was to meet my parents to see a 4:30 movie of The Blind Side. But plans don't always come to fruition as was the case today...\n\nWhen they arrived at 4:10, Blind Side was sold out.  Luckily, there was a 4:40 of Precious, so me and my two moms decided to stay for that while the guys opted out and went to an early dinner instead.  We made our way through the crowd to theater #13 and what did we see? a packed theater - the only seats together were in the first two rows.  I got knocked around as we stood attempting to find seats but that never happened.  Now I'm home from the movie and my neck is killing from sitting so close to the screen.\n\nSo yes, this theater is clean, has friendly staff, offers typical concessions, and gets a decent selection of movies. But my advice is to arrive early if you go, and try to avoid going on Saturdays.  I will not be making that mistake again!\n\nOn another note, the movie was difficult to watch but extremely well done.",3,p
2,"Meh. The outside and insides are nice and trendy, and the sushi was pretty good, but my Nabeyaki Udon had a really odd flavor that didn't sit well with me. The place also smelled like fish, and that's never good. I don't know if I'd go back, especially since they're a little pricey. Service was ok though.",3,p
2,"decided to take the fam out for dinner last night, was reallly craving a juicy burger and a beer. I do have to say that the beer was great, but the food was just meh. We started with the calamari and the beer bread with beer cheese for an appetizer. I wasn't a fan of the beer bread, but maybe I just don't like beer bread. Nothing was \""wrong\"" with it, I we just weren't fans. The calamari was good, I liked it anyway.  \n\nI decided to get the black and bleu burger with onion rings, wife got the crispy shrimp tacos, my son had a smaller cheeseburger with garlic parm fries and my little daughter had a grilled cheese and sweet potato fries. My burger was cooked perfectly, but was somehow bland. Not sure how, with the bacon and bleu cheese fondue, but it was. I think the meat was just underseasoned, but overall a decent burger. I have to say the onion rings were terrible, not very crispy and soooo much \""breading\"". ick The wife's tacos were impossible to eat, super sloppy and just fell apart. My son reallly liked his burger and fries. \n\nOn to the beer. I had an awesome red beer then a pilsner, both very very good. The wife had the light rail cream ale, that was also awesome. In the future, I'll go back for the awesome beer and maybe just a simple cheeseburger.",3,p
2,"I'm in a mixed feeling to write this reivew, the good side, I absolutely loved the view and the romantic setting; the drawback, the food is just mediocre, very average for a place with such great decor, so I must say im not so hyped after the dinner.\n\nGood start with the bread basket and there different kinds of sauce/butter. Then off to our shared appertizer - Hamachi Crudo, aka yellowtail sashimi. Well, I had to mark off a star by paying $14 for a plate of fish that's almost equivalent to one piece of sashimi in a normal sushi restaurant, maybe I should compliment great knife work to the chef? And no, you did not use blood orange as described on the menu, the color is too light to say 'blood'. \n\nPan Seared Barramundi - pleasant presentation and tasty fish, but the bed of olives and toasted farro with feta cheese, hmmm, very sour and too salty for me, and maybe too many drizzels of olive oil? Also, it seems like they really like this garlic crisp, saw it twice on three different dishes! And decent 3.5 stars to the short ribs! It's good but not impressed.\n\nI don't think I've ever said no to a dessert, in fact, how can you fail a dessert? Well, I was proven wrong that you can mess up a dessert, very badly. We took the waiter's suggestion and took his favorite chiffon cake (no offense to our waiter), but this cake had the strangest taste, the middle part is a saffron flavored ice cream? I had to admit I just tasted Indian or persian on my cake, not to mention that the edge of the cake looked like it was bitten off by a mouse, why so uneven? all three of us had a bite and all had the same reaction - please take it away...\n\nOverall, the high expectations of good food due to such beautiful view did not work for us, and be careful with the dessert!",3,p
2,"The Good:\n\n*Produce is cheap\n*They carry a wide range of milk alternative cheeses\n*They have a lot of interesting products\n\nThe Bad:\nOn several occasions, I have experienced poor or weird customer service. A friend of mine accidentally knocked over a beer display and a couple of beers fell out and broke. Annoying I know, but the person who came to clean it up was openly irritated about it. Lots of loud sighing and eye rolling. I've worked in grocery before, and had to clean up entire wine displays that have been knocked over. Sure, I was annoyed but I would never treat a customer with such open disdain. After all it was an accident!",3,p
2,The food is pretty good - they have a great burger - however my girlfriend found a twist tie in her food so she'll never go back.,3,p
2,"Nothing spectacular.  The crab cakes were ok, could have been better but then they could have been much worse.  I decided to venture out of my comfort zone (meaning not drinking wine) and had one of their specialty drinks ... Cheeseburger in Paradise (from the web menu \""An island sized, award winning signature drink that will change your attitude. Layered with Parrot Bay Rum Pia Colada, Myers's Rum Runner, Margaritaville Margarita and Strawberry Daiquiri, each frozen layer is prepared from scratch with fresh fruit and juice, and surrounded by an ocean of Hiram Walker Blue Curacao. Garnished with the Hemisphere Dancer (\""HD\"") and your own personal Cheeseburger In Paradise.\"")  Not as huge as it sounds (thankfully) and surprisingly very good.   \n\nAs for music, they played the occasional Buffett song and at 7:30PM tonight, there was live music.  \n\nI had started my evening looking for a local eatery, but after driving almost 40 miles (back and forth) to get cheese curds (more on that in my next reviews) I choose the first place that looked remotely interesting.",3,p
2,"Stayed in middle of February.\n\nThis hotel was OK. Not special, and you can tell it's pretty old and hasn't been updated in awhile.  The TV was very small, the kitchen was pretty crappy, but for the price I got it for; not that bad. Had to pay for the internet, I think it was 4.99 a day for 4 days, (who charges for internet anymore anyway)  The bed was firm, the pillows were floppy, and the comforter was about 40 years old, (insert sarcasm.) The bathroom area was just ok, Didn't have one of the curly shower curtain bars that most hotels have now so I felt cramped in the already small shower. I had a bunch of bags and asked for a lower level room, the guy at the front desk said (no, you booked on priceline, you get what we have left.)  Looking at the parking lot, they had a lot of rooms left.\n\nIt was conveniently located and priced low so that was about the only \""nice\"" thing about it, it worked fine but just gets 3 stars from me\n\nAnd btw, I searched 4 times for the correct address for this hotel, it's actually on E. chandler BLVD and not on S. 50th street.",3,p
2,"The essentials to Pho are the following: the broth, the noodles, and the trimmings.\n\nI felt that the broth was decent though, and so was the noodles. They gave me soo much meat though, which only tasted so so.",3,p
3,"Dinner with four Hall of Famers sitting around me...Nolan Ryan, George Brett, Joe Morgan and Ken Griffey Sr., not bad, but the food was really good.  A nice surprise on the West Side!",4,p
3,"Stumpy's is a family-owned restaurant just off the 51 Freeway and Northern. I love them. They have a zany-garlicky homemade house Italian dressing to top their crunchy salads. Yes, they told me you can buy it by the bottle, if you end up loving it as much as I do. Their pizza? Delicious crust, tons of cheese and generous toppings. Their baked wings? Tangy and delicious, perfect for dipping into their homemade bleu cheese dressing. Even though they are normally crazy-busy on a Friday night, they still called my cell just to make sure I received my order and enjoyed it. Online ordering, too. http://pizzabystumpys.com/\n\nJust go. (Closed on Sundays.)",4,p
3,"Very good chips and salsa. Prompt, fast service.  Will return in future.",4,p
3,"I can honestly say that you would've never caught me in this place if it hadn't been for my boyfriend suggesting it as one of our first dates.  The things that scared me away: valet parking and an overcrowded parking lot and the assumed pretentious wine snobs that frequent the area.\n\nOf course, I was right about these concerns when I actually tried the place.  However....that doesn't mean that it can't be enjoyed with the right company.  The wine choices are unbeatable and they have a great app menu, of which I highly recommend the bruchetta (you can choose different several different toppings for one order and they were all equally delicious).\n\nIt's a great place to chat with friends, or go on a weeknight to grab some vino.  I'm not dying to go back anytime soon, so it's not a favorite for me.  However, I can see how some people would make this wine bar a regular stop.",4,p
3,"Tasty burger!\n\nI hadn't been to a Whataburger in YEARS, but I was in the area and needed food. \n\nI ordered just a burger and drink. My first thought was that it was a little pricey at a little over $7, but I *did* order a double burger. \n\nThe people working there were very nice, service was fast, and the burger arrived hot and fresh. The double burger was worth the money, and the guy delivering it to my table asked if I needed condiments or a drink refill -- I thought that was nice.\n\nI got the green chile double burger, which consisted of two patties, two slices of cheese and a pile of green chiles on it -- they added a nice little kick. \n\nAs some other reviewers mentioned, the burgers are a bit on the juicy side, so that could be a problem if you're eating in the car or just don't like your burgers that way. Careful, they come out HOT enough to burn your mouth!",4,p
3,"Huge fan of this place.  Unexpectedly so... I live right off Broadway and have blindly driven right past Pranksters without quite noticing it... or at least giving it much thought.  Ladies and gentleman, I was wrong.  Pranksters deserves our attention and our hepatic cells.  \n\nEvery day of the week there is a different 'special' (cheap food and drink items). I prefer Sundays for their phenomenal bloody marys.  I haven't had one that great without using the Zing Zang mix (which I highly recommend).  Bartenders are great and bathrooms are decent too!\n\nThe place is really large but its unfortunate that the bar area is so small and crowded.  There are only 8ish chairs at the bar and the pool table is RIGHT there. So if you decide to play make sure you look where you are jabbing that cue.  Also be careful if you are walking nearby... you may get jabbed, mess up someone's shot, get a dirty look while giving a dirtier look.",4,p
3,"During a week long visit to family members in Madison, I needed to book a cab to get to the airport via the Badger bus at Chazen Museum.\nI was able to book online, receive updates regarding the cab, pay in advance.\nI had a great experience: when I saw the 3 minute update in my phone, I headed to the sidewalk with my bags and lo and behold my taxi was there.\nI got to the Chazen in plenty of time to catch my bus and the service was great. The lady who took me into town was helpful and friendly and knew answers to questions I asked about the local area and the bus stop.",4,p
3,"Lunch was good! Made the mistake of asking what was in the Italian combo sandwich though... The reply in a strong NY accent: \""Don't ask questions like that when you come to a NY deli\"" I laughed and ordered the Sandwich. He never told me what was in it but I had a good idea...\n\nThis is a nice location and has both inside and patio seating. I decided to sit inside because the patio was pretty crowded. Good buzz in this place. It was fun listening to the guy at the counter greet people.\n\nMy sandwich was good and really liked the bread. I will definitely go back and probably try the meatball sandwich next. As I was leaving, I saw the guy making one and it looked pretty good. Rinaldi's definitely has some big balls!?!?!?!!? Wait, That didn't come out right...\n\nGive this place a shot... I don't think you'll be disappointed.",4,p
3,The food was great the service was average. I ordered an appetizer a big salad and a meal all top notch. Everything was cooked properly and delicious I can't wait to be back.,4,p
3,"This place has been here forever.  I love the pupu plater.  As a kid this was always my choice to go on my birthday.  The owners were always nice and I have pleasant memories.  Good lunch menu.  It's definitely standard American chinese food, but that doesn't stop the sweet and sour pork from being delicious.",4,p
3,"Great place to come after a night out drinking.  The pho broth is really good here, prices are decent and food comes out really fast... and the garlic calamari is awesome!!  Probably one of the best calamari's I've had.. or maybe its the alcohol in me, but the portion was pretty big and the taste was addicting..",4,p
3,"I have lived in Tempe for 20 years and frequented Paul's for many of those.  The other night I had less-than-stellar customer service at the store location.  That said, within 2 hours of voicing my disappointment about the establishment, I was contacted by a family member who owns it.  She not only tried to make up for the issue, she really seemed to understand the importance of putting the customer first.  \n\nI thought some of the store personnel lacked in their customer service, and that is something I hate to see in a locally-owned business.  I like to frequent Paul's and others over the big boxes, but if the service isn't there, it makes it seem just on-par with the national guys.  I can say after this experience that this is a store with local roots that still treats its local customers well, and they quickly make up for any shortcomings.  \n\nAmazingly enough, they also seem to have a great selection of just about everything I'd expect in a hardware store -- despite the fact the location is small in comparison to a Home Depot.   Sometimes smaller is better, and in this case I'm convinced that's the case.  I'm glad to have Paul's as part of the neighborhood!",4,p
3,"How can you not love Penn Mac? There are so many good things about this lovely little gem of a place. If you're a foodie, you simply must check it out. The variety of delectable spices, cheeses, deli meats, bread, grains and pasta boggle my mind. I tried a habanero soft cheese this weekend that I couldn't help but buy. My eyes were tearing up from the potency of the habanero while my taste buds were throwing a mini dance party. It was creamy pungent cheesy perfection. This is also a great place to pick up 'from scratch' Italian meal essentials. I could really go on about this place. Take a chance and visit one weekend, you won't regret it!",4,p
3,I have only been here a few times now but it is the closest bowling alley to my home and I have kids so there you go.  I never had a problem here and my kids like bowling and the game zone which all cost me a pretty penny but this is a business.  Soda here is almost as much as the movie theater and the food isn't all that good but that is not why you come here.  I will go back when the kids ask and I am grateful to have a nice clean location for bowling near my home.,4,p
3,"I like Salonika's.  I've been here a few times over the last couple months, and the food is consistently good.\n\nSome of the winning dishes are the baked chicken, chicken gyros, and definitely the lemon potatoes.  The salmon in pastry shell is also very good.\n\nThe staff is rushed but efficient.  Given how busy they can be, they get you in and out.\n\nEven when other lunch places are empty, you'll still find a restaurant full at Salonika's.  Part of it is the prices, which are reasonable. Part of it is that the food is mostly ready to serve, so it's fast.\n\nBut overall, the quality of the food is what keeps bringing me back, anyways.",4,p
3,I love Ted's. It is easy to eat gluten free there and they even change their gloves when they handle GF items.,4,p
3,"It's a beat up Chinese restaurant with good food and ridiculously low prices. A regular lunch spot for me, since it's near my office.  Service is very quick as they make every effort to get you out to make room for the next customer. Not the kind of place where you can lounge around as you will receive a look from the staff that clearly says it's  time to go. But the good food and great prices make the former easy to get past.",4,p
3,"Love this place. \n\nThey have a bunch of great little kitchy gifts, sweet-arabilia (candies from \""yester years\""), some great wines, and a great deli counter.\n\nA few of my faves to leave w/, or find a table to enjoy at outside if I can, their hot pressed cubano and a coconut cupcake. De-e-a-licious.\n\nIts always crowded here, but if you wait out the line, youll see why.",4,p
3,"Enjoyed my lunch here at the empty bar around 1:30pm. I was hangin out with Angela, the misunderstood and salty, but very cool and sweet bartender. We get along just swimmingly and she hums a good tune too. Some dude who parked in a handicapped spot without a plate also got my wrath, but alas, this is about lunch. The bargain of the menu is the two chicken tacos served with an oriental kind of salad and chips and a smooth red salsa. The chicken is not chopped in this version, it is like a small filet and the tacos are loaded with some avocado and crema fresca and salsa fresca too. Healthy enough and service was quick with the giant round bar being entirely empty. The serve lunch specials til 4pm, so I can see wandering in around then for early dinner on the cheap if you skip lunch. Anyway, will be back to try these and others. This is a big chain, but it usually has been good to me over the years.",4,p
3,"The food here was great! I had received a recommendation for Macayo's from my hotel....everything was exactly as he raved about. The place is spacious and bright....the chips and salsa were plentiful and extremely addicting....the service was exceptional. I chose their recommendation (Macayo Chimichanga) which was excellent and I would definitely go back! If you love mexican food, this is a great pick!",4,p
3,"YUM! We ate at Barro's tonight. The pizza was good, staff was great and the restaurant was empty.  The only reason it didn't get 5 stars was because it was so dang cold in there.",4,p
3,"I really want to give a better rating for this restaurant, but I just can't.  The outside looks very unique from the street, an inviting little bungalow on a busy 7th Street.  Parking is atrocious so walking or riding a bike is highly recommended.  The decor is very urban and hip which I love.  Great artwork and painting on the walls with wood floors thoughout.\n\nOn to the food.  I found my wrap that I ordered(Godfather) to be very bland and didn't have much flavor.  I was looking forward to the sundried tomato mayo, which is the reason why I ordered this wrap, but it failed to my liking.\n\nOverall this place is very good, but I don't think it would do well in a true \""Green\"" city such as Seattle.  How can you claim to be green and healthy for the enivironment while not having a recycable bin for an organic soda aluminum can?  Maybe I just didn't see a place to put the can, but like everyone else before me I threw it in the trash. I will give it a few more shots here to see if the food grows on me and hopefully I have the chance to recycle as well.",4,p
3,"Just had to review to mention my addiction. The Hody Club. Its a club sandwich with a fried egg on it. Most will think it sounds gross. They do something to make this sandwich just magical. SO good - I want one every time I hear Hody. Yum. \n\nThey also have awesome Quesadilla's too. We usually get ours with spicy, but I think you can customize. Otherwise a decent bar with average prices and service. Good TVs and a very local crowd. I think they have small bands on the weekends.",4,p
3,"Good little pizza place. The sauce is somewhat sweet like others have said, but all in all a good little place to grab a slice.",4,p
3,"What? Only one review for Blue Fin on Yelp (as of October 2007)? That's crazy! This place is a true gem. Oh wait, maybe that's why there's only one review...\n\nWell, not to overcrowd this little spot which is usually busy enough, but I have to sing their praises a little bit. Blue Fin serves very good, healthful Japanese food and is run by some of the sweetest people you'll ever meet (thanks Howard and Betsy!)\n\nI've tried many things on the menu and it's all very tasty. However there's one dish that I always go back for and find myself craving - the white meat teriyaki chicken. Yes, I know, teriyaki is the most common Japanese dish in America, but Blue Fin's is simply awesome. \n\nMost restaurants serve teriyaki as chicken with commercially-made sauce squeezed on top. But Blue Fin marinates their chicken in a homemade teriyaki that's just incredible. It's a big serving and I rarely leave any on the plate. Order it with the salad and it's even better - the best asian salad dressing beside's flo's asian kitchen. And sprinkle on some of the spicy seasoning that's on the table, too. hard to beat it.\n\nOnly drawback lately is all the construction around the area, but hey that's downtown these days. And we're lucky Blue Fin is still there - the city had planned to buy and demolish the building, but customers put up such a fuss they decided to let them stay. Hurray for democracy! And hurray for Blue Fin!",4,p
3,"I know no one reviews McDonalds, but this drive through is seriously awesome. It has two lanes... and back home, only bums go to Mcdonalds...  but this mcdonald's poppin'!! It's where all the cool kids hang out, and I have no problems giving in to this guilty pleasure.",4,p
3,"This place has it going on.  A little pricey for a small portion.  But oh what a portion it is.   I have never been here when its not packed to the brim.   A little yuppy for my taste, but I like the same foods yuppies eat, so I have no choice.",4,p
3,My go to delivery Chinese spot..from that category you gotta know what to expect but the Wok definitely steps it up over any other delivery place that I know of in the area.,4,p
3,"I was traveling for work in Vegas, and I wanted to try something different before my flight out. I found this and decided to try it. It seemed very traditional (or shoud I say authentic?). This seems like the place native japanese would go. Much of the food are items that are not part of the typical American palette. The food was good and the service was good. The biggest challenge was that it was so Japanese that it was hard to understand how and what I was ordering. It would be great to go with a translator.",4,p
3,"Great little dive bar. Strong, cheap drinks and the best wings in town :)",4,p
3,"I enjoyed myself here, but wasn't really impressed. The museum was just as racially biased as the bigot, city of Charlotte, mentality is. The museum had some interesting facts and interesting exhibits though. My children seemed to enjoy it. It didn't hurt that it was free and parking was validated. That is also the case every Sunday. They close at 5 on Sunday, so get there before 4. The exhibit is an hour long.",4,p
3,"Located on the east side of 7th St. just south of Thomas.  Another homey little cottage with hardwood floors.  Consistently good food at moderate prices keeps this place busy the only days of the week they're open for dinner, Thursday, Friday, and Saturday.  They have a strict reservations policy now, due to increased popularity in a small space.  They feature things like Lasagna, Pork chops, Stew - comfort food with a kick, and they do it well.  Close to downtown, makes it a great spot to be before an evenings event.  If you notify your wait staff right off, they do a good job of getting you on your way on time.",4,p
3,Shopping center isn't all that attractive but inside this place is very nice. Excellent service. Kept my water full all the time. Lettuce wraps were mediocre. Beef Pho was excellent. Broth was amazing. Add a few jalape\u00f1os for spice. A lot of food. You don't need an appetizer.,4,p
3,"Had the chance to FINALLY try this place the other night.  Italian food isn't usually our first choice, but our interest ( and hunger) got the better of us that night. The place is very cozy...not over done in Italian motif and very unpretentious.  We were seated quickly and after being served water we treated to a review of some delicious sounding specials.  We chatted  a bit about it and decided on the Veal Osso Bucco and Scallops, both in a wine sauce,  with pasta and vegetables.  Before our meals came, we were treated to some awesome piping hot bread!  We would have had more, but wanted to save room for dinner.....we would go there just for the bread! \nOur waiter was very attentive and it didn't take long for our food to arrive.   Fabulous choices!  Both the veal and the fish were super tender and left us wanting more...even though we were stuffed.  The scallops were pretty big and they threw in a few jumbo shrimp on top for good measure.....also perfectly cooked.  The pasta was also prepared just right and the vegetables were the best we have ever been served.  Our order was not cheap, however we are interested in coming back to try some of the regular items on the menu.  The meal was topped of with a complimentary shot of chilled ammaretto....delish!",4,p
3,"Ok here is the deal with Red Devil Pizza.  The key to making pizza with crispy crust is to have ovens that great sufficiently hot.  That is why I like places with brick over pizza's. They don't use Brick Ovens at Red Devil but  I have been told that Red Devil has some really old pizza ovens that are not available any longer or hard to get.  I can't verify that, I don't even remember who told me that, maybe I read it some where.  Don't know if it is true or not. What I do know is that Red Devil is one of my favorite pizza place in the Valley.  Their pizza is consistently good.  Thin-Crisp and delicious.  I have had pasta's and salads there as well. They are fine, nothing to get excited about. But the Pizza at Red Devil is something I will stake my reputation on.  Actually I don't really have a reputation, but if I did I would lay it on the line for Red Devil Pizza. The long and short of it is, I am very passionate about their Pizza.  Period.",4,p
3,"Call me a criminal, but I don't like Vegas.  The only reason why I travel there several times a year is because my sister and her family live there.  And the Pinball Hall of Fame is in Vegas.  I usually stay at Boulder Station now because it's close to my sister's house.  And they have bingo every odd hour.\n\nIt's a quiet hotel/casino.  Definitely more for the locals and the Laughlin crowd.  But that's fine by me.  I don't particularly care for the insanity of the Strip.  When I'm not in LA, I like to get away from traffic and people!  \n\nIt's affordable too.  \n\nThe rooms are comfortable, they offer room service, and there is security at the entrance to the hotel tower at night so no local crazies have access to kill you in your sleep.",4,p
3,"We had a very nice overall experience at Sophie's.  My husband and I are very critical when it comes to semi-fine dining and we were pleasantly surprised.\n\nIt is a very quaint, cozy restaurant in a very strange area.  We started with Escargot and French Onion soup. The Escargot were very tasty and traditional. The French Onion soup probably should have been a bit more traditional. It was a tad sweet and could have used a bit more brothy richness. We opted for wine by the glass. Whatever white wine I first ordered was not drinkable and they quickly whisked it away and replaced it with another wine of my choosing with heavy apologies.\n\nFor our entrees, I had the scallops which were beautifully cooked, nice sauce and delish ricotta gnocchi. My husband had the duck and it was also superb and  very well cooked. \n\nDessert was a bit of a disappointment. We were debating between our old standby of creme brulee and lime mousse calypso. We opted away from the safe option and went with the lime calypso. It tasted as if it had been refrigerated for a while. The lime mousse wasn't limey enough and the bread bottom was a distraction and not so tasty.\n\nThe service was impeccable. We really liked our waitress and a man who we believe was the owner stopped by at each course to see how everything was. Nice touch.  \n\nOur only other criticism was the bread service.  It was warm which is a plus in my book but not that tasty. I think it could be easily improved. It was the right idea in that it was a warm crusty baguette but not that tasty.\n\nOverall, we would definitely go back there. Would we crave it? Probably not but if you are looking for a solidly very good dining experience I would send you here. It was very comfortable and cozy.",4,p
3,"I used to live just a few blocks east on Camelback and would come here fairly frequently. 'Fast' Japanese was more unique back then, but Tokyo Express is still one of my favorite cheap eats every time we visit the Valley. I've always love the vibe this place gives off...",4,p
3,"For some reason I always crave for Pho when I'm away from home. I decided to come here after looking through yelp reviews for the most reviewed pho restaurants in China town. \n\nDefinitely 5 stars for cleanliness and promptness in their service for an Asian restaurant. This was probably the most clean Vietnamese restaurants I've been to. Decor was modern and restaurant was big - great for big group gatherings or late night munching. They seemed fully staffed so whatever you asked for was done quickly. \n\nPho Kim Long serves many other dishes, both Vietnamese and Chinese food, so there's a lot to choose from. I ordered Beef Pho and was very satisfied with my selection. The beef slices were very tender! The portion of beef was generous in the size \""small\"" bowl. I have to compliment them on their soup - I know every pho restaurant uses MSG but this place seemed to use it sparingly. I wasn't super thirsty after eating and did not have a problem slurping up the soup either =) \n\nThis will definitely be my go-to spot if I'm ever back to visit! Come hungry, leave satisfied...especially after a long night of partying =D \n\nHappy Eating yelpers!",4,p
3,"With Coffee Tree Roasters and Starbucks packed to the brim, I mustered up the courage to go back to Jitters after my first review. And the experience was a total 360! I've been back a handful times thereafter to make sure I wasn't dreaming and it has been consistently good I'm happy to report. Each time that I have gone the staff has been friendly, attentive and quick. I do like how they list the coffee of the day and of the three places here on/near Walnut I have a preference for how Jitters' coffee tastes (Starbucks is too dark for me and CTR's roast just doesn't appeal to my palette tho sometimes you'll see me sucking it up and drinking their joe). Jitters is a local neighborhood joint so you'll tend to see the same faces whenever you go which is nice and comforting in a way. They have free wi-fi though password protected and you need a key for the bathroom. I'm very glad that Jitters has turned into a positive for me!",4,p
3,"Overall very happy with the sushi. Decided to go check this place out since it had a lot of great reviews. The reviews were right it is a hole in the wall, not much room for big parties their biggest table sits 6. They have a pretty big menu and lots of rolls to choose from, we ordered four rolls and shashimi, the rolls came out fast and they were all very good my favorite roll was the Amigo roll it was delicious. They missed the shashimi on our order so that is my reason for the four stars, we had to ask for it. Other than that this is a great place and was very impressed with the rolls. After Celsius closed down last year I didn't believe I would find another place that came close. Kaneya is very comparable and reasonably priced.",4,p
3,"Sammy's is well-known for it's corned beef sandwiches!  They are actually very tasty, and the beef is fresh and tender.",4,p
3,"When I used to travel a lot from Los Angeles to Ohio about 8-10 years, I often stopped at this airport because it was America West's hub and America West offered some pretty inexpensive flights.\n\nI have only connected in Phoenix.  I have never flown into or out of Phoenix.  During the day, the airport gets quite busy and that was the case on my recent visit.\n\nBecause of the good weather and the manageable planes arriving/departing, I have not experienced much delays here, which makes Phoenix a good option to connect to the East Coast.  Food (from what I saw on my short layover) is pretty standard airport food stuff.  I saw some reviews that mention free Wi-Fi, which is definitely a plus.\n\nI've been flying in and out of quite a few airport terminals recently and they are all starting to bleed together, but I think it was either this airport or SFO where the bathroom stalls have doors that go all the way to the bottom (providing a lot of privacy).  That would make George Costanza happy.\n\nIn the future, I would definitely not hesitate to connect through Phoenix to get to the East Coast.  Denver is also a good option (I would give Denver the slight edge because the terminal feels less packed and nicer than Phoenix).  O'Hare (Chicago) is probably least desirable because of the high possibility of delays.  I try to avoid Las Vegas as well because the slot machines always take at least $20 from me each time I connect through there.",4,p
3,9 minutes to get sitted\n1.30 minutes for service\nWaitress has provided me really good service. So far. (Waitress name carlos)\nTotal was 15.44\nReally good price\nLoved the experience,4,p
3,"Donatelli's is absolutely terrific--one of those local gems that make the Bloomfield neighborhood so wonderful.  Whenever I'm in the area, I make it a point to stop here.  Being that I'm half Italian, I love coming here.  The help here is really friendly,\n\nAlyson is right, try the biscotti!  As for me, I love the things that you can't really get at Giant Eagle.  They have terrific imported pastas and Italian condiments.  Their deli counter is unbeatable--certainly better than the aforementioned Giant Eagle.  I particularly recommend trying their cheeses!",4,p
3,"needed an alignment.  Was in and out faster than promised, and no upsell!  Gotta love that.",4,p
3,"We venture here often, as it's walking distance from our house. Fine fish fry and good other offerings. Really kid friendly before 7 (seriously, the dining area is almost like a day care sometimes), adult friendly after. Decent beer selection most of the time. Thumbs up.",4,p
3,"I have eaten here a dozen or so times in the past decade, and have always had a very good experience, so am baffled by the negativity. Food is SO much better than Carrabas, Olive Garden, etc., I don't know if locals don't know good Italian food when they taste it (I'm from Boston, which has many great Italian restaurants), or if it's a weekend problem (I almost never eat out on weekends, since service is always worse on busy nights at any restaurant). We went Wednesday for my birthday, and it was great; the Italian nachos appetizer was one of the tastiest dishes I have had in last few years, and the bill was less than I anticipated. My favorite Italian restaurant in Charlotte, not a 5 star Chicago/NY/Boston restaurant, but it is very good for the money, and I heartily recommend it.",4,p
3,"This is one of many hidden gems here in the Burgh. Check it out, freaky good ice cream, better blizzards than Dairy Queen, shakes that would have Ronald McDonald spinning in his grave if he were dead. \n\nI love Page's dairy mart, and look forward to opening day every spring, then go at least every week on those warm summer nights and have a cone or my favorite, peanut butter chocolate ice cream with butterfingers and reeses peanut butter cups running through it. Then I go run for two hours to burn it off, but it's worth it.\n\nWhy four stars? Bad intersection (Carson and Beck's Run) and parking can be a motherbucket.\n\nYou're still sitting there reading this? GO TO PAGE'S NOW!",4,p
3,This place is awesome for all your Mexican food needs. The store carries limited selection so if your looking for something that you can find at your local grocery store it might not be here. \nI recently made a batch of strawberry tamales and found everything I needed except for the strawberries. Hehe.  As I was very limited on time it was awesome that I found remade unseasoned masa por tamales.  This place has great prices for all their products. I love getting their preseasoned carne asada and tres leches for dessert.,4,p
3,"Desert Jade is great. The decor is a bit funky -- reminds me of something Scottish, but the food is some of the best I've had in Phoenix, as far as Chinese goes. I've never had a bad meal here and take friends here. I think it's great. I wish it were open on Sundays. That's a bit of a bummer.\n\nThey have great almond cookies. We usually get moo Shu chicken, which is very flavorful. I have also had them be very accommodating and make me steamed foods with brown rice. I just love this place!",4,p
3,"Monty's is a Madison favorite.  Breakfast all day.  Fantastic comfort food.  Friendly service.  Veggie options.  While nothing spectacular, it's consistently pretty damn tasty.  Of note: popular breakfast (expect to wait) and the Meatloaf of the Gods.",4,p
3,"Just like every other chain pet store, however this particular store's customer service was great.  Not only did the lady spend time comparing kitten foods with me, but she gave me a ton of tips (since I am new to cats!)  When the food I wanted was out of stock, they had 4 people working on checking the back and calling nearby stores to find the food for me!",4,p
3,"Yummy.\n\nGreen chili chimichanga enchilada-style is the way to GO. I got the plain green chili burro and was basically making my own enchilada-style with the sauce, guac and other toppings from my boyfriend's plate. It was amazing. \n\nYou pay extra for the enchilada-style, for guac, for cheese and even for extra hot sauce (it's homemade). Though still not expensive, the pricier your meal gets, the more delicious it gets. It's worth a bit more to add extra flavor to the burros, which I actually thought was rather plain without my doctoring.\n\nRito's is a cash-only take out place with some picnic tables outside, and at lunch time it was hopping with people. The only negatives I can see are that it's set up sort of like a bank teller, so you feel quite disconnected to the staff the whole time. I also couldn't find the bathroom to wash my hands after my messy food, nor could I find any extra napkins.",4,p
3,"I've been a fan of Joe's BBQ and Joe's Farm Grill for a while, so was excited to hear Joe had purchased the old Liberty Market in downtown Gilbert and was reopening it with his touch of flair.\n\nJoe did not disappoint. He kept the core building intact, with cracked concrete floor and flaky neon sign, but gave the seating a clean metal polish. The E61 coffee bar serves a mean espresso and a good cappuccino in a more Italian coffee bar approach (i.e. NOT Starbucks)\n\nBreakfast has paninis and other hot items plus rolls and muffins for sale. Lunch and dinner has a wide range of items from wood fired pizzas to vegetable salads and the very tasty \""Liberty Bowl\"".\n\nFood is also available To Go, and there is a small but good selection of food paraphernalia. Outside seating on a small patio is perfect at this time of year.\n\nBe sure to check out the open bathroom (common sinks) with 5 individually decorated Male/Female bathroom stalls. A shame they can't put a camera in there to capture the reaction as people go back there for the first time.\n\nAnother nice addition to downtown Gilbert, and very much worth a visit.",4,p
3,"I ate here a few weeks ago with a couple of girlfriends. We originally tried Buck and Honey's, but they were packed and the hostess was kind of rude. So we drove around, hoping for inspiration to strike. I'd eaten at McGovern's years before but couldn't finish my dish that time because it was too salty for human consumption. I don't hold that against them at all since I was pregnant at the time and my tastebuds were unreliable witnesses. \n\nThis visit I had the haddock ($13 or very close to it). My friends both had steaks, and they both were very pleased. My piece of fish was enormous. I'm a good eater, but I had to take some home (it heated up very nicely for lunch the next day). I also had a very nice baked potato, and we all had a trip to the salad bar. \n\nThe salad bar was 100% true to its supper club environment. Sliced eggs, cheese, mushrooms, iceberg lettuce, cottage cheese, packaged crackers, things that might have been Bac-Os (remember those?). It also had some more interesting items like peas and sliced beets. It was stuck over in this weird little alcove and seemed like it might be difficult if there were multiple people trying to hit it at the same time, but it definitely offered quite a bit. \n\nI'd eat here again. That fish made me happy, and I loved the open kitchen with its 70s-era wall covering (total cross between industrial kitchen and grandma's place from your childhood).",4,p
3,"it's a shame people have been having such bad experiences recently.  i went today because i just read about their bailout deal and it was so tasty i wanted to go back tonight for the reverse happy-hour.  while 1/4 sandwich doesn't sound big, let me bring you to scale: a half-sandwich looks a little over a foot albeit sliced in two and side-by-side.  a 1/4 cheese steak and a 1/2 order onion rings (with ranch!) is the perfect amount.  i'll be going back as soon as i can",4,p
3,"Service and food were excellent. The restaurant is a converted old house and that gave it cool style and character. \n\nOne caveat though...\n\nI would say that the average age of the other customers was about 60-70 years old.  I don't know whether that's normal or not, but all I can tell you is that my girlfriend and I are 26 and 27 years old, and we felt a little awkward.  Not a harp on the restaurant though, just something to think about.",4,p
3,"It's big and busy with a Starbucks on every concourse.  It's not too difficult to make it from one end of the building to the other, if you need to.\n\nMy favorite spot is the Rocky Mountain Chocolate Co.  I like to bring the kiddos a candied apple when I return from a business trip.",4,p
3,"This was my official neighborhood coffee shop while I lived right down the road on Walnut for 3 years. It's located right in the heart of Shadyside, and while some of the patrons are typical uppity Shadyside residents, the staff are very laid back and very cool. It's a big venue for a coffee shop, with a down stairs area with beautiful exposed brick and large opening windows that are great in the summer months, and also an upstairs area with many tables, a fireplace with sofas, and even a back private room people can rent out. The coffee and pastries have always been pretty good. One complaint I would have is (I don't know if they still do this) you could only have Wifi access for two hours with the purchase of an item. I understand the need for this, but if you plan to work here for most of the day you have to keep refilling or buying other items on the menu. I usually stop in when I'm shopping around Shadyside and miss it now that I've moved out of the neighborhood.  Also a great place for meeting with friends or a casual date.",4,p
3,"We concluded our shopping with a visit to The Cheesecake Factory!  We have been to the Factory a couple of times before.  We were greeted very promptly and cheerily.\n\nWe asked to sit on the patio, the restaurant was fairly full and only one other table outside.  The patio at The Cheesecake Factory is fantastic!  The tables are spaced nicely, nice water feature in the center, greenery encloses the patio and misters run down the center of the patio as well as the outer edge.  Not that they would be used for a while, but the patio is equipped with heaters for winter night patio dinning.\n\nHannah was our server.  She suggested several items and very patiently took care of two of us adults and the kids while we waited for two others in our party to arrive.  Hannah was very attentive and engaged our kids too!  This is always great from a server because our children are a big part of our experience and they comment to us on restaurants, services, hotels and entertainment.  Sometimes too much.  Our daughter loves the bread the Factory brings to your table and of course the Godiva Cheesecake!\n\nOur other dining guests arrived, with more shopping bags then we left them with, and we proceeded to enjoy the palate creations from the menu. We decided to try multiple appetizers for a variety of flavors. We ordered the fried artichoke hearts, avocado eggrolls, Tex-Mex eggrolls, ahi tartare, shitake asparagus bacon pizzette and Thai lettuce wraps.  The kids enjoyed mini corndogs and bowtie pasta.  Our son loved the mini corndogs because they came skewered and he had sticks to stab his fries and anything and anyone at the table. \n\nThe different flavors and textures were wonderful.  Our table have been/are in the food business and we enjoyed discussing the sauces, what we would change, how it would affect the items they came with and just plain enjoyed the entire meal.  We also enjoyed the drinks, particularly the sangria.  It was very fruity and extremely refreshing on the patio!  \n\nWe ordered cheesecake, the Godiva Chocolate, for our daughter of course, the Dutch Apple Streusel and the Caramel Pecan Turtle.  Hannah and several other staff members graciously accepted our request to surprise our daughter for her birthday.  They wrote in chocolate Happy Birthday and added several confectionery candy dots to her cheesecake lit a candle and sang Happy Birthday.  They were great!\n\nThanks Hannah and the staff at The Cheesecake Factory for helping us celebrate our daughters 8th birthday.  We will be back!",4,p
3,This dairy queen is always clean and they have a good  2 for 1 special every day. Mondays is the Oreo Brownie Earthquake which is yum. I normally get a chocolate cone or blizzard and it is always good. They are really patient with my 5 year old as he likes to order and pay on his own:),4,p
3,"What the eff is up with the James Bond movies playing at this place? The first time Spouse and I went they were playing Octopussy, I believe, and I thought it was sorta cool. But now that we go on a semi-weekly basis, the James Bond movies always playing just seem bizarro. On our last visit, it was For Your Eyes Only, and it was subtitled in French! Again I ask, WTF? I guess it's some sort of hipster douchebag thing... or maybe owner/councilman Ken Cheuvront is just a Bond fan. Girlfriend needs to get a Netflix membership.\n\nAnyways, I just want a good meal. And a cocktail. And a hot waiter to make googoo eyes at. Fortunately for Cheuvront's, they deliver all three (not literally).\n\nSpouse and I have been so many times, we've had every item on the entree menu (except the Duck because... ewww, gamey). It's pretty limited and super basic; seriously, the items actually read: Lasagna, Chicken, Salmon, etc. But every single one of them is tasty. I typically order the Filet, or I go for the Chicken if I'm feeling cheap. And we always order the goat cheese and chicken Phyllo Packets from the appie menu. Gawd, they are so good I could live on Phyllo Packets alone. I'm pretty sure if they wheeled a barrel of goat cheese to our table, I'd stuff my entire face into it.\n\nOur fave waiter is Jeremiah. He's so dreamy.",4,p
3,"THE biggest serving of Crab Rangoon my lonely eyes have ever seen. They could use a fork upgrade, but the rice was nice.",4,p
3,"Well let's see. I have been going to C&C ever since I was a wee lass and not much has changed. My cousins and I spent countless summer days at this \""theme park\""   Not sure what the theme is aside from old and rickety. Haha. That seems to be consistent throughout the entire park ;) \n\nThere are a few new additions to the ride department like a zip line and a high wire obstacle course. There's also a sudden drop ride that has potential to make you piss yourself. If you're 7. \n\nBut all those same old rides are fun. My son and I have been a few times and he doesn't have a problem riding those tired old rides. Or spending the day playing mini golf and riding go carts or the bumper boats. Always a fun mom and son outing. Followed by dinner across the street at Bobby Qs.\n\nHe loves the arcade. They've got a great selection of old and new video games. Some air hockey tables. Some other fun shnit... I don't think it sucks either. \n\nI went on a date here and whooped this dudes tail in jumbo digital connect four. Winning is fun. Try it.",4,p
3,"It's usually a ghost town at the downtown Phoenix bars, but when a game and/or concert is happening, suddenly the bars are bustling. Such was the case last night at Majerle's, former Phoenix Suns player Dan Marjerle's sports bar. With the Beyonce concert across the street at the arena AND a D-backs game at the ball park, Phoenix was a hoppin'.\n\nMy friend and I stopped into Majerle's, which I've been to a few times before, for dinner and drinks before going to see Beyonce. I had a cheeseburger and Cesar Salad. While I realize it's hard to mess up a Cesar Salad, my salad was seriously the best Cesar I've ever had. And my burger was packed with flavor. No wonder AOL  named them Best Burgers two years in a row. We also had a wonderful chocolate martini (with Vanilla Vodka, not creme based) here. And on Fridays if you're in the mood to really start the night, the bar offers a Corona or Pacifico with a shot of tequila for $7 as part of their Sizzlin' Friday special.\n\nMy only complaint was that our waitress suddenly went M.I.A for about 15 minutes when we were trying to close our tab so we could go to the show.  But I'm still going to cut them some slack because this is one of a few fun places to drink in the downtown area.\n\nHOT TIP: A second Majerle's will be opening in Chandler in the fall.",4,p
3,Love the queso and guac. Was having a hard time finding a good mexican place in Vegas and this one is great!,4,p
3,"Going to Picasso's was a real experience. When we walked in...we just walked in. No hostes what so ever. Everyone's been to a sports bar before, this was a little strange to me. None the less we found seats close to the big screen. It seems like there's thousands of tv's in this place! I think there were only two servers working that day. But they had it all under control. It's kind of a do as you please atmosphere. Everyone had on a jersey representing their team, it was live! I ordered the two foods their known for. Pizza. Wings. I had a medium cheese pie and the cajun garlic wing basket (or whatever it's called). The pizza, not really all that great. It was just a step up, maybe two, from frozen pizza. ( Our waitress noted that the dough is made in house dailey). Just didn't hit the spot for me. The wings on the other hand...marvelous! I don't know if I'd say the best in Charlotte, but they were pretty good! Sadly when I got to the bottom of my wing baskey ( because I ate all of them), my very last wing had a rather large feather still attached. This rendered it inedible in my book. Overall great spot. I'll be going back for sure.",4,p
3,"Cold.  Diggity.  Damn.\n\nWho knew such a quality sushi place could be found in Phoenix of all places?\n\nAfter seeing/passing by this place a few times and getting the nod of approval from a trusted pal, I finally decided a few weeks ago to try it out!\n\n-Quality: Check\n-Taste: Check\n-Presentation: Check\n-Reasonable price/value: Check\n-Portions: CHECK\n\nYou can get 5 pieces of sashimi (tuna tataki tasted great but as far as I'm concerned - Salmon takes the gold!) or a roll (soft  shell crab roll, DO IT) for about $8.50 - $10, pretty typical - BUT, they also have a Sashimi Deluxe lunch special for $12.45.  And it comes with TWELVE PIECES OF SASHIMI!  YAYYYYYYYY\n\nIf, for some strange reason you're not a fan of sushi (what's wrong with you) the Chicken Matsuri (also available during lunch) is DELECTABLE.  It's basically an upgraded version of chicken katsu - how, you ask?  Well they glaze the crap out of it in this semi-spicy semi-sweet sauce chock full of a healthy dose of AWESOME.\n\nGrade: Sashi-Mi, Sashi-You, Sashidayyy",4,p
3,"What a delightfully friendly couple that own this place. I'm not going to talk about Blimpie's food quality, you all know what they have and what it tastes like. The owners, however, are very nice people that like to converse with their regulars and treat everyone like they are a friend. \n\nIf you're looking for fast food in this area, you should try this Blimpie over Taco Bell, KFC, etc.",4,p
3,"Really nice indian. Location could be better, but that's just nit picking. Delicious food, hot is important, service adequate.But again GOOD FOOD.",4,p
3,I Love this place. I had the vegetarian sandwich with sub- goat cheese...and it was wonderful. I am not vegan/ vegetarian either.I also had a bite of my friends turkey ...added Bacon and avocados...so good. The bread it so soft...and I highly recommend the potato cakes!!!,4,p
3,"Went there last night to have dinner with a group of 5 friends. After trying Kyara. I am in love with Japanese tapas. We made a reservation for 7 pm and didn't have to wait at all when we walked in. I noticed there was a line waiting for tables though if you didn't have a reservation. The service is pretty fast and the food were pretty good. We ordered about 6-7 dishes from the menu and after that we figured there were a lot more different dishes written on the papers on the wall! It's impossible to try everything they offered, but the most memorable dish was the Honey Toast dessert. It was absolutely amazing! It'd be great if they offer 2 scoop of ice cream instead of one. Definitely a must go japanese tapas place if you are in town.",4,p
3,"Best place around to watch a mainstream movie.\n\nThe prices are reasonable considering the costs movie theaters pay now to lease the prints. Harkins still has a reasonable matinee price and even a movie that starts at 5:00 qualifies as a matinee. The concessions prices are, of course, outrageous. In case you don't know anything about the theater business, this is how they make virtually all of their money. They don't make anything from ticket sales.\n\nThe theaters are pretty comfortable, and we have always preferred them to AMC because of the reclining chairs. They do a pretty good job cleaning the theaters between shows as well--there is very rarely any visible mess in the theater from the last show.\n\nMy only complaint is that they really need to get on some schedule of steam cleaning the seats. Maybe they do this already, but they need to do it more often. The seats get pretty funky with spills, stains, etc. after a while.",4,p
3,"Short ride to get some good BBQ. The chicken and ribs fell off the bone and the sauce had a sweet taste. Baked beans, corn on the cob, green salad and a couple of slices of whole wheat bread and butter came with the meal.  Got to listen to a good country band singing songs the whole family could understand and enjoy.  Ate on benches out in this big area under the stars. Of course when you can come as you are, it just makes everything so much easier.  Stopped on 9/20/2013.",4,p
3,"Went for drinks in the lounge on a Sat.  They had advertised dancing, but there wasn't any-just a DJ playing house.  The place is barely lit.  It really is like the Haunted House at Disneyland.  Not just the lounge, but the lobby too!  You really have to see ti to believe it.  Only criticism: the ventilation is poor and there is a continual cloud of smoke in the place.  Complimentary valet parking.",4,p
4,"this is what i would call a sweet book shop.  i have been shopping here since i was a freshman in college...17 years later i still find myself wandering in here when i'm in need of a distraction.  the staff are very helpful and always amaze me when they are able to locate something.  imagine an old building with a zillion floors, nooks, and crannies and then piles upon piles of old books everywhere...i know it sounds like heaven doesn't it?  well it is.  you will walk in searching for something and walk out found.",5,p
4,"I went here years ago when I was young and enjoyed dancing. I always felt sort of exposed the way the seating was. There is that long row of bar stools that makes you feel on display. Now I prefer listening to music rather than dancing to it (except at home where I often break into dance for no reason whatsoever.) So now I say I love you Rhythm Room. You make me feel like Goldilocks except without the long walk in the woods and home burglary part. You are not to hot, not to cold, you are just right. Not to big, not to small, again... you got it right. And I haven't even broken a bar stool yet. Nor have I fallen asleep while at the Rhythm Room. I am done with the young hip scene I use to visit at the Emerald Lounge, before it was turned into a Starbucks. If I go someplace like that now it always seems too loud and my personal space always feels violated. I still feel to young for the lounge act at Scottsdale's blahblahblah so where do I fit in? Where do I fit in? Where can I go for good music and not stand out like a, well, just not stand out. I dislike big crowds and arenas. Small venues are fine if you are not the only audience member and will be missed if you need to get up to pee.  The beer is cold but my friends who prefer a gin and tonic can also be taken care of. The people who work there are nice, no attitude, and are actually very cool. If it gets a little crowded or if you feel like chatting someone up they have a patio. Finally I have found a place where I can blend in and listen to the music I love. Bowerbirds, check. St. Vincent, check. Now, if you could just book Grizzly Bear it would be true love and I would live happily ever after.",5,p
4,"Just purchased several appliances from Queen City.  I primarily worked with John at the location on Queen City Drive.  John was great to work with!  Actually, everyone who helped me were all top notch!\nWhat a great experience shopping for appliances!  I imagine this is how appliance shopping used to be.  Great selection in the showroom, knowledgeable and helpful sales folks who negotiated good pricing and delivery folks were good as well.  I cannot imagine a better place to buy appliances in the Charlotte area.",5,p
4,Dr. Cohen is a fantastic Doctor who I'd highly recommend!! Checked my eyes and my contacts and made slight corrections to my contacts and I was on my way.,5,p
4,If your young and live in the Ballantyne/Pineville area this is a great spot! I reccomend Sunday Funday (a collaboration of karaoke/beer pong/pool/darts and great drink specials).  The staff is why I come back! (Jillian/Melissa/Lindsay/ Colleen and many more) The staff is friendly and personable.  It's honestly the Cheers bar of Charlotte. Super laid back and safe!,5,p
4,"This is by far one of my favorite spots!! \n\nIt's kind of hidden near the theater area, so it can be hard to find. The inside is dark and chic. It's classy and trendy. This place is for almost everyone, there are hipsters and the \""I live in the biltmore estates\"" and just regular people. It's great! It's perfect for when you don't feel like having a wild night and just enjoying a quieter night with friends. Their drinks are Delish! And so are the appetizers! Service is awesome! Music is good!\n\nAwesome place all around!",5,p
4,"I've been in and out of town intermittently for the past four years, but one thing I never fail to hit up while in town is Four Peaks. I have been here numerous times and this was, actually, the place I came on my 21st!\n\nThere are two amazing things about Four Peaks: the food and the drink, and what more can you ask for? Four Peaks makes all its beers/ales in-house and the quality can prove it. Their beers like the 8th Street Ale and Kiltlifter are among my favorites; My house is never out of stock of either. \n\nHad Four Peaks not been a brewery, however, the restaurant would still be worth a visit. Things like their French fries and chicken strips are amazing, as well as their burgers. I have not been adventurous enough to try anything beyond that, however, given the quality of their other food, I would not doubt it. \n\nFour Peaks is a place that is amazing for both its food and drink. I would highly recommend it and would not recommend missing it.",5,p
4,"This little unpretentious taco shop is worth the drive. Trust me. Lulu's set's herself apart from other similar restaurants with a tasty salsa bar, perfect homemade tortillas, and the Guadalajara-style, as opposed to the Sonoroa-style, Mexican food most places in the Phoenix area serve. You might want to try to avoid lunch hour as there is often a line out the door!",5,p
4,"My USAF boyfriend drives past 3 or 4 other Great Clips salons to get his hair cut here by Emily. When I ask him why he doesn't just go to the barber shop on base he told me \""I don't want a military haircut, I want a regular haircut.\"" Whenever he gets a haircut from anyone else (no matter how much nicer the salon is) he goes home and trims his bangs or they start the fade too high (like a military cut is supposed to be) so he's unhappy. \n\nFor me, I'm happy with the selection of hair care products, I used various products from Paul Mitchell and Redken (the blowout cream/gel is life changing!) so if I'm low on shampoo I can pick some up when he's in the chair- but they don't have a wide selection or value bottles. Still, Emily deserves every one of the 5 stars he gives her.",5,p
4,Pat Ruiloba rocks!  My tire had a nail in it on a Sunday and not a lot of places were open.  Pep Boys wanted 125 + for a basic tire.  Firestone.....not!  Quick and kind folks here.  Love!  I'll come back.,5,p
4,"Looking around for a reputable dental surgeon to pull my wisdom teeth was difficult for me, there were just so many to choose from, and I wasn't sure who to trust. I went to Dr. Engel on a whim, seeing that he had an MD and a dental degree.\n\nI had the surgery and consultation on the same day. Staff was friendly, but not overly forced and chipper if you know what I mean. I waited probably 10-20 minutes total (in waiting room and in the chair).\n\nI barely had enough money for the procedure, but the Val, the billing specialist, worked out a super special day that I will never forget! \n\nThe actual procedure just felt like it took 1-2 minutes with N2O (orange flavor) and lidocaine., and it was pain free!\n\nThey even called in the next day to check up on me.\n\nNot sure why there aren't more reviews for him, they are so awesome and accommodating.\n\nThanks again EVOS!\n\n5/5 Would let him operate on my teeth any day.",5,p
4,"We go to Jupes all the time! We love this place!!! Chris and Carrie are awesome, the beer is frosty and cheap and we love that its a neighborhood bar. The trivia night (Thursday) is so fun and they have a great juke box.",5,p
4,Had been to this place awhile ago (probably previous owners or before they remodeled) and was ok with the food but it was a bit dated (and there was a bug on my table).\n\nYears later came back with a coworker and wow have things changed! They've since redecorated and it's super clean now (no more fear of bugs).\n\nThe pad thai I had was delicious and coconut ice cream was awesome. Highly recommend this place if you're looking to get a Thai fix.,5,p
4,Top notch doctor in a top notch practice. Can't say I am surprised when I was referred to him by another doctor who I think is wonderful and because he went to one of the best medical schools in the country. \nIt is really easy to get an appointment. There is minimal wait to be seen and his bedside manner is great.,5,p
4,"Absolutely the best sushi and Japanese restaurant in Scottsdale and one of the very few if only that is Japanese owned and operated. All of the Chefs are Japanese and are well trained. The food is fresh and portions are generous. We go at least once a week and never grow tired of the food. You can also order large bottles of Sake which they will keep for you for your next time in. Hiro, Leo, Masa, EJ, Take, Kazu and Steve are fantastic chefs.",5,p
4,"Great place in Madison to find top notch wines and cigars.  The cigar humidor is huge with a fantastic selection.  And when you find the one you want, sit down, light it up and enjoy!  About the only place in Madison you can do that at.  They also have some really nice tasting events where you can try out a variety of wine, scotch and cigars.",5,p
4,I can never turn away a good carne asada burrito.  Their value meals are good and the portions are decent,5,p
4,"Dilly's Deli: Slices of Happiness. A simple sandwich will always lead the sandwich consumer down the road to happy town. Meat and cheese layered on top of warm bread is the key to a smile, and Dilly's is the key master. I picked up the Smokey Mountain, brought it home, and  I was transported back to happy town. Stop at this Deli, and find your road....",5,p
4,Have been twice in past two weeks. Chicken enchiladas were good. Carnitas and Chili Verde were fantastic. Loved the chips and salsa. Some of the best I have had in quite awhile. Will be returning.,5,p
4,"Great place for all alterations!  I relocated to Madison from Chicago and needed a place to help me with a bridesmaid's dress fitting.  The dress had a lot of lace, making the alterations slightly more complicated than meets the eye.  \n\nDarlene did a GREAT job.  The dress fits like a glove.  Woo hoo!  I will definitely be back with any future alteration needs.",5,p
4,"This is my go to shop for whatever I need done on my vehicles,  Paul and his staff are courteous & knowledgeable. Repair prices are reasonable with quick turnarounds!",5,p
4,"You look at this place from the outside and you wouldn't think much of it, much at all.  Actually, your subconsciousness would probably just have you look past it and not notice it at all.  But like my buddy's friend told him one day, look for the place that looks sort of run down with a lot of cars in front, they typically have the best food.  Following that advice, looking for food, we pulled a U-turn, went back and parked.\n\nWe were going to get take out until we heard the chips and salsa were free.  Budgeting and maximizing caloric intake, you know how that goes.  Place was hotter than all can be (the 2 a/c window units couldn't keep up), but we shrugged it off like the manly men we were and parked our arse.  \n\nThe waitress was really friendly and helpful in explaining all the stuff they make, and the best part about it is that it's made fresh - chips, salsa, guac, etc.  This place is the real deal when it comes to mexican food.  It just goes to show you how most all places bend and give in, abandoning their tradition, just to meet the \""needs\"" of the American people.  Or shall I call it ignorance?",5,p
4,"I want to talk about the Pizza at Niccoli's! A few decades ago my best friend and I discovered this place. Note: we both come from Italian family's who were raised on good ingredients that only a deli can have. This is not your hut kind of pizza. Then we went back and poof it was gone! Skip forward a couple of decades, and we were still talking about this pizza and how good it really is, when our friend said, \""Oh yeah, I know where they are now.\"" We got over there had the pizza and BAM there was the best Pizza we ever had in Phoenix! If you are looking for an authentic NYC pizza made with ingredients only Italians use, Niccoli's is the place.",5,p
4,"In the very great and wise words of my father \""Holy Crap That's Good!\"". There is no wiser sentence that can describe how amazing this place is! One of my dear friends took me to this place that he knew about. It apparently is the \""IT\"" place to go in Vegas. I had my doubts. \nWe drove up to the place and it looked a little dumpy (apparently this is a sign of a great place to eat). There wasn't much on the wall except for a menu with about 30 different subs. I allowed my friend to order for me since it seemed like he knew what the best thing to get was. He ordered a turkey sub on wheat with slaw and extra Russian. \nThe kids behind the counter couldn't have been much older then 17 and reminded me of every single person in my graduating class. Helpful and pleasant enough to not get fired. When they were done making my sandwich I swear it was the biggest \""medium\"" sub I had ever seen. \nWhen I took my first bite it was to die for! It was not a sandwich for the dainty. The sandwich got all over the place and was the best sandwich I had ever eaten! I had never eaten a sandwich with Cole slaw on it, but it is something to be tried. \nI declare that everyone needs to eat here!",5,p
4,"Sushi and service here are always great, but the new sushi chef takes it over the top! Delicious rolls and really good yellowtail sashimi! I'll continue to be back here often!",5,p
4,"Checked on Yelp for a fish fry place and this popped up with 4 stars so decided to try it. WE LOVED IT! We split an Alaskan Cod dinner with salad, baked potato with the trimmings, a corn on the cob and topped it off with a yummy apple carmel nut pie warmed up with vanilla ice cream smothering it. My husband had a beer...our total was under $25!! The cod was excellent and not at all greasy--just perfectly crisp. Cammie, our server, was excellent and friendly. The restaurant was very clean and very interesting decor with a very western flair--without the dust! The booths are very roomy. It is family friendly. Has a tv or two in the bar area. Apache Junction is on Hwy 60 near Superstition Mountain. The restaurant is just off the 88 about 2.5 miles north of the 60. For those who like a challenge, they have a 72 oz steak that will have the cost waived, if you can eat it in under 60 minutes.",5,p
4,I went to Malinda's Pampered Pets on Saturday for the first time.  My experience there was amazing...they took great care of my dog.  The amount of things they include in their grooming package was great! My dog has never looked so good! The staff was great and listened to exactly how I wanted her fur done...Thanks so much Malinda!!!,5,p
4,I have been a customer since the salon opened 10 years ago. The owners Will & Rod provide quality hair care in a fun atmosphere. Won't go anywhere else ever!,5,p
4,"We love this place.\n\nThe atmosphere is great. It's really gorgeous in there.\n\nThe food is amazing. Dessert is even more amazing.\n\nWe can't afford to go here often, but it's wonderful for special dates like anniversaries. I love it.",5,p
4,"The Morning Glory Cafe is excellent.  My boyfriend took me here for the first time to meet some of his family, and I just fell in love.  I like the atmosphere and the food is hearty.  I scheduled a morning brunch with all of my girlfriends there a few weeks ago and it went off without a hitch.  The staff is great!",5,p
4,"My first visit to this restaurant gave me this East coast feel, I felt right at home when I ordered the chicken with rice and plantanos...I was full. Their portions are generous and love the fact that they were very attentive to our needs. The music in the background is cultural, love Havana's and I am sure to come back with some friends.",5,p
4,"Literally, the best pizza in the whole Phoenix Metro area.  If you don't like this place chances are that nobody likes you and you're a complete moron.  You know who you are! Lol!",5,p
4,"This is a family-run joint, and it shows -- they're friendly, down-to-earth, they charge reasonable prices for their services, and they make actual connections with their clients. Just go in for an appointment and you'll discover there are families around here that have had 2-3 generations of their members getting their hair done regularly at Salon Salon (or at least by its owners) over several years. At the recommendation of my sister, who'd been going there for a while before I finally went and checked it out, I've made appointments specifically with Raena (one of the owner's grown daughters) a few times now, and I've stopped going anywhere else. She's awesome and really knows her sh!t. I'm sort of hair-retarded and like to maintain a practically no-maintenance cut that allows me to go 5-6 months in between appointments. She goes with my flow while also telling me like it is and making suggestions that work and make sense for my specific hair type and what I want to get out of a haircut. Love, love, love.",5,p
4,"I'm mortified!  I've never written a review of the Farm at South Mountain?  I'm not sure how this is even possible!\n\nI go here so often that this might actually be my favorite place in Phoenix to go for a relaxing cool/warm Saturday or Sunday afternoon in PHoenix.  In fact, I think I'm headed there momentarily.\n\nMany people write reviews for the various \""businesses\"" at the Farm on South Mountain on the wrong Business/Venue pages.  But I guess this listing is a catch-all for everything.  Let's see if I can help people get this clear.  I really want to point that the Farm at South Mountain has several \""businesses\"" and venues listed on Yelp.  You can go here for breakfast, lunch or dinner.  You can have your baby shower here or your 200+ person wedding and reception here.  You can hold a corporate event in \""Stoned Grove\"" area around an outdoor pizza oven or you can have an intimate dinner under mature trees with glimmers of stars at night at Quiessence.  This place is a one stop shop for everything simple and beautiful in the out of doors.  I've written reviews for a few of the places on the farm and I will let those reviews speak for themselves.  I've posted pics too... \n\nOne of the things that the Yelping community might appreciate knowing is that you should visit their website for special events.  Sometimes, they have special Farm dinners.  Sometimes there's a special holiday dinner or lunch.  For instance, I know for Valentine weekend, they have Valentine Dinners and Picnic lunches.  \n\nHere are my reviews of places on the farm:\n\nMaya's Farm (At the end of the Farm Drive and directly North.)\nOrganic Certified Farm.  See them at the Farm on Sunday mornings.  Phoenix Public Market on Saturdays and also get on their CSA)-\nhttp://www.yelp.com/biz/mayas-farm-phoenix#hrid:5dPGtdn4SQIClbJ_uIe1zw\n\nSucculentia (it is in the green house on the north side of the farm, back by Maya's garden House)\nhttp://www.yelp.com/biz/succulentia-phoenix#hrid:Z91CIQ4jVqF9RG3HrRe22w\n\nThe Farm Kitchen \n(Lunch/Brunch and is the closest to the Picnic Tables.  you see it immediately as you enter the farm, north of  \""The Farm Driveway\"".)\nhttp://www.yelp.com/biz/the-farm-kitchen-phoenix#hrid:7w3mgerwC9Yqd_b1amkDjA/src:self\n\nMorning Glory \n(Breakfast only, but the patio is a nice place to rent for an event.  Go All the way to the end of the Farm Drive and YOu'll find it.)\nhttp://www.yelp.com/biz/morning-glory-cafe-phoenix#hrid:yzI8RxBsNlKndP1HMQ0Q6A\n\n\nThere are a few other businesses on the Farm listed on Yelp\nWeddings:\n(I am sure there was a wedding listing on Yelp for the FASM because I used to check in to it accidentally when I first started Yelping.  If I find it, I will update)\n\nQuiessence (I haven't written a reveiw of this either.  SMH!!):\nhttp://www.yelp.com/biz/quiessence-restaurant-phoenix\n\nBotanica (Been here once, but no review)\nhttp://www.yelp.com/biz/botanica-phoenix-3\n\nThis is a great place to visit after you've completed a Hike on South Mountain too.  Enjoy.  Thank me later.",5,p
4,Lou Gordon and the entire staff at Schumacher European have made my car buying experience SO easy and stress free. They never made me feel rushed or pressured and were extremely patient with me as I indecisively test drove car after car and e-mail and called with questions for the past month. Lou was honest and up-front at all times and I never felt like I was being taken advantage of. So thankful to have ended up at Schumacher!,5,p
4,"As a beginner to the world of quilting I don't have a lot of experience with quilt shops but I have worked in retail and know about customer service.  I went to Quiltique on Sat 2/1/2014 with 2 family members while visiting Henderson and we found the store to be bright, clean and well organized.  The sales people were busy with other customers but still acknowledged our presence.  The owner took the time to come and explain the functions of one of the Bernina machines to my sister-in-law even though it was very apparent after the first 30 seconds she wasn't a potential sale as she knew nothing about sewing.  \nI didn't make a purchase in the store but decided after I got home I decided that there were a couple of patterns that I wanted and 24 hours after placing the order I received an email from Gwen M. that my purchase had been received and was being put in the mail that day with the exception of one pattern that was out of stock.  In the email she also offered the option of special ordering the pattern and sending out when it arrived with no S & H charges or deleting it from the order.  She also called to provide the same information.  When I spoke with her on the phone she was very pleasant and friendly and I didn't detect any awkwardness from her about dealing with a male customer who is purchasing quilt patterns.  I will definitely shop with them again.",5,p
4,"Came here with my friend for her Birthday.  They have the greatest Birthday deal in town. If you sign up on their website and give your Birthday information they will send you a Birthday certificate where you  will get an entire free meal for your Birthday. It is quite amazing!   The food is excellent and the staff very knowledgeable.   It was the first time i had ever been here, but i can't wait to go back.",5,p
4,This place is pretty remarkable. The owner is here most weekends and she is this hysterical biker lady. It appears to be a family run business and that is probably why the service is pretty good.\n\nThe place is generally full of bikers on their way through town for a weekend ride. There is a lot of laughter from both the staff and the folks who are eating. The cook is particularly funny.\n\nMy favorite item on the menu is the Horshoe omelette. It is top with some blend sour cream and salsa. I've never tasted an omelette quite like it and it's what keeps me coming back :-),5,p
4,"Their slogan says it all:  The Best Little Brewhouse in the West!  Terrif food!  Great service! Reasonable prices.  Nice combination.\n\nBeer is brewed on-site. It's on-draft, & they *even* have DRAFT RootBeer!  [YUM!]\n\nBTW, if you can't get 2 meals out of their Kobe beef burger, metinks you're eatin' too much!   :-)\n\nOnce, when the soup-of-the-day was lentil (I love lentils) in a tomato broth, it was so good, I had to order another bowl to take home (it was great right outta the refrig!",5,p
4,"i love this place so much for the down home new york city corner look of it. it seriously looks like they picked this place up from manhattan and delivered it to phoenix.\n\nyes, it's small and a little cramped inside. get it to go and let me gawk at all the amazing products lined up across their shelves. so many rare types of strange delicacies i can't believe it. lutefisk! i haven't tried it but i'm going to give it a go next time i'm in there.\n\nalthough the place may look like a total bummer inside with it's computer-paper-print outs hanging all over the wall listing their food, you can't really deny the cheesiness (oh puns) of this place. they're very friendly inside and recommended i try the corned beef sandwich with melted swiss and mustard. the bread was so soft it nearly melted in my mouth and the corned beef was top notch and not extremely fatty. it was a perfect size as well, not too big and meaty but not too scrawny. packed a lotta punch. they use boars head meats, and you can't really go wrong there.\n\nprices are very reasonable too, you can get out of their unscathed for a mere ten bucks. it's community seating inside so be prepared to go cozy.",5,p
4,"Superb neighborhood deli!  Delicious quality food, great value, fast friendly service!",5,p
4,This place is super awesome and extremely beautiful inside boasting the largest western art collection in Nevada.. If you get the chance to come in as a guest you will certainly want to become a member and take full advantage of all privileges that membership includes.,5,p
4,"This location never disappoints!! Food is always consistently great, and if you come at the right time, (witching hours) you may see the cook singing and dancing along with the music in the back. And it is awesome! ! Love this place!!",5,p
4,"OH MAN!! I am seriously addicted to their Pink Champaigne Petit Fours (TO DIE FOR!!!), and their frosted sugar cookies are a big hit around the office! I haven't gotten anything here that hasn't been fantastic! One of the best tiramasus I've had in a long time, and their cupcakes rival Sprinkles all day long!\n\nAlong with the delicious treats and beverages comes generally GREAT customer service, the gentlemen that work in the afternoon are super friendly and helpful! I did, unfortunately, have one bad experience with the woman they have working there Mon, Tues, Wed. mornings, she was not pleasent or welcoming in any sort of way, and honestly made me feel like I was rather inconveniencing her by being there. I was SO shocked by the whole experience since I've been going in pretty regularly for a couple months now and had never had anything negative to say, until then. I remember thinking, \""Geez, I sure hope that's NOT Barb, and if it is, perhaps she's best suited for strictly baking...in the back...as far away from customers as possible!\"" LOL\n\nSo, I do definitely recommend Barb's for cake and cookie lovers alike, you will DEFINITELY score big points with friends, family and co-workers!! Although, I would encourage all my sweet toothed brethren out there to not go Mon, Tues, Wed. mornings, so as to avoid the cracken, she's just awful! Bon Apetit!!",5,p
4,"There was a small line at 9 am but the owner got everyone taken care of and gave me a deadline to pick up my phone.  It was ready on time and they are a very polite, knowledgable team.  2 hours to get my glass replaced on my Samsung S3.  I could not be happier.",5,p
4,"When we were seated, the first thought I had was that the restaurant had a surprisingly excellent sound system with a wonderful selection of moody, bluesy music. Then lo and behold, I realized it was live music! A talented man on a keyboard and a woman with a great voice provided a wonderful background to a memorable evening of dining. \n\nI had the Veal Toscana. If this was not the best veal I have had in my life then it certainly was the best veal in the last 25 years. My husband had Shrimp Risotto and he was enthusiastic it as well. The entrees came with a perfectly dressed salad made with a balsamic vinaigrette that was not the usual dressing overwhelmed by the vinegar. They must have used a white balsamic because it was so subtle. For dessert we had spumoni which came encased in chocolate and was delicious and rich...nothing like my vapid spumoni from my youth in the 50's.\n\nOh we will return for sure!",5,p
4,"BEST LOCATION IN THE VALLEY\n\nI am writing this review today because I just want to thank the entire team there for correcting another location's awful mistake. I will reference you to my post on the FLW & Hayden location \n\nhttp://www.yelp.com/biz/cobblestone-auto-spa-scottsdale-5#hrid:Xg1jTgxRJziItNvlMjauVg\n\nNeedless to say I was completely mistreated and dissatified with my experience @ the Scottsdale location. I was informed that my regular location here on Bell was actually the corporate location so I went there after my horrible experience with the FLW location. I explained to the managers (who recognized me as being a loyal customer of 7 years) about the situation at FLW and they went above and beyond to make sure that they corrected the other locations mistakes. Not only did they help me figure out who to get in contact with regarding my complaint but they took the effort to rewash my  car also they went ahead and detailed, vaccumed and sprayed my car with the air freshener. The fact that they went above and beyond to help me out I more  then appreciate. This is the location i typically go to and I regret not going here in the first place (then I would have avoided the awful service and experience I got from Shawn @ the FLW location) If I could give this location more then 5 stars I would because they always provide me with excellent customer service. The manager's Guillermo and Larry are absolutely fabulous and great examples of what a manager should be and how to correctly handle the situation. \n\n\nAgain I want to thank everybody at this location for making things right and continuously providing me with excellent customer service and treating me with nothing but respect. \n\nAVOID FRANK LLOYD RIGHT & HAYDEN LOCATION AT ALL COSTS!",5,p
4,"so we bought a new 24 in LED display online and it arrived. everything great, waited a week or two for the new MacBookPro to arrive before we could fire it up. (mini DVI, duh whats that right? lol)\n\nso boom it fires up for the first time and i see it. a black triangle of burned out LEDs WHOA!!! no fun. panic was released and calm restored. it's 2 weeks old, i'll take it to an Apple store for a replacement.\n\nso Saturday morning i made an appointment at the Genius bar to have them look at it, and hopefully say, \""We'll just replace it for you\""....\n\nwell after an interesting turn of events on the light rail, i showed up late, only 15 minutes. but my reservation was already voided..my fault. no biggie.\n\ni tell the guy at the genius bar check in what the deal is and he says, we can put you back in the queue and one of the genius can look at it.\n\ni said \""is there a way we can just get an exchange, i don't really want to hear that it would need to be shipped off to wherever to be fixed\"" he said sure, but they might have the parts there to fix it, and that the online stock and the in-store stock are different, so he might not be able to exchange but would go check into it....15 minutes later he walked out of the room behind the genius bar with another monitor. i walked over to the exclusive register since they switched over to the mobile point of sales set up. after a couple bar code scans i was walking out the store with a new monitor. a new monitor without burned out LEDs that is. \n\ni was happy.\n\nas far as the maddening POS system they have, i give it 3.5 stars\n\ni get the concept and that it should speed up sales, but when your ignorant to who has one of the hand held devices or don't even know thats how you check out. you can be seriously put off by the whole process. but now that i know. i have no issues with it. who really needs a bag anyways.",5,p
4,My head is still throbbing in protest after the 1st EVER George and Dragon Toga Pub Crawl:Just imagine  a bunch of drunkards in togas on the light rail terrorizing local bars such as The Old Spaghetti Factory;  Cheuvront (they LOVED us); Carly's Bistro; The Lost Leaf; reBar; Lucky Strike; Copper Blues; Seamus's and then back to George and Dragon where the fun all started.\n\nA FANTASTIC bloody good time. A shout out to the roller derby girls who were doing their own pub crawl...sorry we had to part ways.\n\nToo much good fun.......can't wait for the next one!!!!!,5,p
4,Need a great sandwich and excellent wait staff.    Great desserts.    Go there at least once a week.    Highly recommend Flancer's.    You will not be disappointed.,5,p
4,"The 5 Stars let you know where I stand. Uniquely awesome sammiches on crazy fresh Umbrian-style bread. You cannot go wrong.\n\nSo just a tip:\nkeep calling and checking to see if one of the following is the market sammich that day.\n\n - crumbled sausage and melted mozzarella\n\n - pulled pork\n\n - pulled lamb\n\n If it is one of the above, in that order, drop whatever you're doing and get there as fast as you can. Also, do not ignore the market focaccia. Even if it just looks like a pile of veggies on a sheet pan pizza, it is fantastic.",5,p
4,"Me and my girls were driving around Chinatown in hopes of finding a Pho Restaurant that would be open at 3:30AM.  We found one off Yelp, but it ended up being closed.  Determined to find some grub, we saw a sign that said \""Open 24 hours\"" and we told the taxi driver to get us there quick!\n\nOne of the girls walked in first because it looked like they were closing.  After a little convincing, they let us in--as long as we just ordered Pho Noodle soup, they'd serve us.\n\nWe ordered our Pho Noodle soups and waited patiently.  They were incredibly friendly and attentive to our table.  Even though they were closing, the servers kept re-filling our waters and making sure we were okay.  The pho was PERFECT and totally hit the spot.  As the workers were leaving one by one, the people left were told to make sure we were taken care of.\n\nThey came over to ask if we needed a taxi and called one for us.  The owner wouldn't let us walk outside of the restaurant until the taxi came because we were a group of 4 girls. We, of course, left a very nice tip and went on our way.  \n\nPrices are incredibly affordable and service was AMAZING to say the least.  I will be headed back to Pho So 1 probably every time I'm in Vegas.",5,p
4,"Sometimes I come all the way to Pittsburgh from Akron JUST to visit Eons.  The employees are friendly & knowledgeable.  The clothing is very well organized, separated by era and then by size.  This is one of the only vintage clothing stores I've been to in the country that has a large selection of deadstock items, complete with their original tags.  The dresses I have purchased here are absolutely amazing, many of them never worn.  I will continue to visit on my quarterly P-burgh visits!",5,p
4,"It's about time I write a review for this wonderful sushi place. My wife and I have eaten there about a half dozen times and we've yet to be disappointed. Yes there are rolls I wont order again because I don't like them but, there are also rolls I will order every time I walk into Tokyo Lobby. The fish is fresh, delicious and overall great. The owner obviously takes great care in procuring his product. The yellowtail scallion roll is my favorite on the menu. Chunky pieces of yellowtail are mixed with spicy mayo in side with slices of yellow tail and scallions on the top. The sushi is so good here that my 40 weeks pregnant wife decided to end her caring about food rules when it came to sushi here. As long as we live in this area this tiny little find will be our sushi joint.",5,p
4,"Great pizza and good service! My \""Murphys\"" pizza on wheat crust came with onions and bacon. It was very flavorful. I thought the wheat crust was delicious. It had a hardy, yet sweet flavor. The pizza was a perfect combination. I look forward to returning soon!",5,p
4,I grew up on this food. I even worked here at one point in time. This place is amazing. Eat here or else...,5,p
4,"I was in town with my niece and my family members that live there recommended this place. I had no clue what to get so I tried the loco mexican pie. Holy moly. It was so good I couldnt stop talking about it. It was enormous and everyone at the table was able to have some and I was still able to get my fill. \nThe salsa was just ok but I dont really go to mexican places for their salsa. I'm not much of a fan. \nThe decor was a little odd for a mexican restaurant but, honestly, I didnt care at all because the food was so delish!!!\nI also liked that they have big cups for drinks. I'm a huge drinker and my biggest pet peeve is having to wait forever for a waiter to fill up my cup. \nI cant wait until I'm back in Phoenix because I'm heading straight here!!!",5,p
4,"I've been here a few times now. There's a good selection of scrubs, and always plenty of staff to help. The people are friendly, and the store is clean, if cluttered. They also sell shoes and some medical supplies stethoscopes, badge holders, etc. It's a good place to go if you need scrubs another medical supplies.",5,p
4,"All time favorite restaurant! Good prices, good food, fast service!!",5,p
4,"BEST mac and cheese EVER.  BEST Pomme Frites EVER.  A place that gets a visit every time were in Scottsdale.  Always crowded, but great european atmosphere (and \""backyard\"" patio seating).  Come for the excellent side dishes and a few drinks!",5,p
4,The food and beer are delicious at this restaurant in north Scottsdale. It's a great Father's Day outing!,5,p
4,"Everything was perfect about my stay here. The moment you step out of your vehicle you are greeted by friendly and helpful staff. The room was super clean and nicely decorated, spectacular river view over looking the Pittsburgh skyline, Heinz Field and PNC Park. Best part..The room was very quiet, ultra deluxe beds that was heavenly and the complimentary hot chocolate and marshmallows that was waiting in our room after a chilly evening stroll where all nice touches. Can't beat the location, we where within walking distance of many great restaurants, bars, shopping and public transportation. Amazing hotel! Super sweet staff. Will definitely stay here again the next time we are in Pittsburgh.",5,p
4,"This is the 2nd time to this place in about 2 years time. The siblings and I came here to visit after they arrived in town. \n\nI didn't eat anything tonight as I'd eaten earlier. They all had fabulous food. I shot photos of most all the food. There was two salads a black bean veggie burger and a mother load burger. There was fresh cut fries and chips. Everybody loved the food, the atmosphere, and drinks.\n\nGreat time.",5,p
4,"The only surprise here is that it's just as amazing every time I come in. Not only is the chicken amazing but the people are so nice it seems almost like they are there just for me.  Definitely try them out. \nToday I got a Grilled Chicken Cool Wrap with Spicy dressing, the wrap was not overwhelming and the bread actually had flavor, i didn't tear away prices like I do with most wraps at fast food joints.",5,p
4,"Had a craving for spicy Ramen and I was not disappointed. It had just the right amount of spice/hot and the pork meat was delicious. \n\nWe also tried the Chicken Katsu and it was perfectly cooked. I've been to places where you can taste the week old chicken and day(s) old oil it was fried in, but not here, it was fresh chicken breast. We also tried the crunchy shrimp roll, it was also good.\n\nThe menu was a little odd, it featured sushi and traditional Japanese soups and platters, but it also had a page with Italian food...? Japanese and Italian are two of my favorite foods, but I'd rather they'd be at separate establishments! Lol\n\nOverall our first experience was a good one, our waitress was extremely friendly and very helpful. No complaints here, we will be back soon!",5,p
4,"Saw this place on the Fieri Food TV show, and based upon the house receipe for their all-meat pasta sause (the famed \""Bolognese Ragu\"") I knew I had to have a meal there on my next Phoenix excursion. Lucky for me Business takes me to PHX, so a colleague and I had dinner there a few weeks ago. My expectations were not only met but exceeded!\n\nNo non-sense ordering; I'll take the house salad and the Fresh Tagliatelle with Bolognese Ragu. This is a true meat sauce with NO tomatoes. That's right, no tomatoes, no tomato sauce, only tomato paste. Almost exactly as i make it at home, but no where near as good. It was sublime! If i lived in Phoenix I'd eat here at least once a week, and will return on my next visit - guaranteed!\n\nI could go on and on about his place, the excellent service, and the fun of kibitzing with the proprietor, Richard Bock. But the food speaks for itself, and although my colleague and i ate the exact same thing, I'm certain the rest of the menu is top notch! This is how Mr. Bock operates - loads of integrity. Try it!!",5,p
4,"The problem that I have with this place is not the food or the workers. It is the other diners that come in here. Multiple times I have sat in this establishment and watched as countless entitled, privileged, smug suburbanites come in and act like they're the freaking Kardashians, making ridiculous demands of the servers, running the poor kids who work there around to get them things they easily could have gotten themselves before sitting down, only to leave my food sitting there getting cold. It cracks me up to see some of these Chandler/ Ahwatukee Douchebags come in with their heads so firmly inserted in their rear ends. PEI WEI IS NOT PF CHANG's. Though it is owned by the same company, they are two different styles of restaurant. Pei Wei is essentially the fast food version of Chang's. So if you in fact, ARE a Kardashian  floating above the rest of humanity and want someone to wait on your every beck and call, maybe you should go to PF Chang's. And if the people at Pei Wei are running themselves ragged to take care of you, maybe it wouldn't hurt to leave them a buck or two in appreciation when you leave since I'm sure that they aren't making much more than minimum wage. Maybe if you did this, the place wouldn't be \""going downhill\"" as I've seen some of these people claim....Because after all, who wants to clean up the three tables that you and your five kids just destroyed for minimum wage?",5,p
4,This place is so close to the airport that if you have a significant layover you could pull an Anthony Bourdain and catch a cab to Comedor Guadalajara. The food is sensational!  The green chile is flavorful and thick.  We had the specials of camar\u00f3n with nopalitos in chile rojo served in a molcajete  as well as fajitas de carne asada and tripe. My Finance got the green chile shredded beef chimi smothered in green chile sauce enchilada style. She did this on a yelp recommendation. Comedor Guadalajara is the best Mexican food I've had in quite some time.,5,p
4,"Dr. Peter is the best chiropractor I've ever seen.  He listens, is thorough, and what he does is so much more than adjustment.  \nEvery visit he gets to the deeper issues, helps you talk out what's going on in your life that could be negatively affecting you physically.  \nSo many of us walk around with pain inside that we don't address.  He then aligns everything so you literally walk out feeling like you can conquer the world! \nHe has helped me with issues I've had for years; that others have not addressed or thought they could do anything to help. \nEvery visit is an adjustment from head to toe. Dr Peter never leaves anything out and addresses all of your issues and concerns. I'm so thankful I met him.  \nOne of my shoulders has been higher than the other for a few years now...we talked about it during my last visit.  He did some muscle work and by the time I left it was dramatically improved.  I could literally see the difference immediately. \nI couldn't say enough good things about him. \nHis hours are super flexible with evenings and Saturday hours available.  Dr. Peter is conveniently located at the I10 and Warner in Ahwatukee so it's great I can run over there during my lunch.   Although if you don't live close...he is worth the drive!!! \nWhatever you've got going on...call Dr. Peter.  I've referred a ton of friends to him and every single person has been ecstatic about the care they received and the relief... even on the first visit.  \nThank you Dr Peter!",5,p
4,"It's date night and you're headed to the movies.\nNow the dilemma.\nEat a small mountain of hot, faux-buttered popcorn at the movies, or a little popcorn and a  decent meal afterward.\nI go with both.\nOnly I'm usually too full to eat anything of decent substance after all that popcorn so I typically come here.\nTea Lite Cafe.\n\nIt's cheap and filling and, its under ten bucks.\nI've tried both the chicken based pho and the beef, go with the beef...it has a ton more flavor.\nAnother bonus is how the meat in the soup is all very recognizable, putting that whole dog and cat meat thing to rest.\n\nA large bowl will feed two.\nI weasel most of the meat out of it when my date goes to the bathroom. \nAnd she wonders why I fart so much.",5,p
4,Great food for the price.  I enjoyed their vegetarian options especially the pad Thai. Love the inside. Great service as well.,5,p
4,"Great service, great vets with great personalities...brought my 2 dogs there for senior checkups. I have been going to another practice and I was not happy with the service. Foothills service is excellent and I will be going there for now on. They do not push anything on you there and do not do any un-needed tests. They cleaned my dogs teeth really good. I wish they were open 24 hours for emergency services.",5,p
